# OBJ generated by ONSHAPE BY PTC INC, 1.217 Units = meters
mtllib Part Studio 1 - Opalin Logo.mtl
g Opalin Logo
v 7.44559e-05 0.0167207 0.00125 
v 7.44559e-05 0.0167207 -0.00125 
v 5.53092e-08 0.0167209 -0.00125 
v 0.000184711 0.0167178 0.00125 
v 0.000515346 0.0167091 0.00125 
v 0.000400898 0.0167121 -0.00125 
v 0.000515346 0.0167091 -0.00125 
v 8.09567e-05 0.0167205 -0.00125 
v 0.000533966 0.0167078 0.00125 
v 0.00088464 0.0166844 0.00125 
v 0.000750261 0.0166934 -0.00125 
v 0.000980062 0.0166781 -0.00125 
v 0.00144332 0.0166277 -0.00125 
v 0.00110255 0.0166647 -0.00125 
v 0.00123525 0.0166503 0.00125 
v 0.000980062 0.0166781 0.00125 
v 0.0018044 0.0165731 -0.00125 
v 0.00145507 0.0166259 -0.00125 
v 0.00158442 0.0166063 0.00125 
v 0.00190555 0.0165578 0.00125 
v 0.00190555 0.0165578 -0.00125 
v 0.00144332 0.0166277 0.00125 
v 0.00193083 0.0165529 0.00125 
v 0.00227242 0.0164865 0.00125 
v 0.00214837 0.0165106 -0.00125 
v 0.00236712 0.0164681 -0.00125 
v 0.00282836 0.0163583 0.00125 
v 0.00282836 0.0163583 -0.00125 
v 0.00282409 0.0163593 -0.00125 
v 0.00260828 0.0164107 0.00125 
v 0.00236712 0.0164681 0.00125 
v 0.00248474 0.0164401 -0.00125 
v 0.00295672 0.0163219 0.00125 
v 0.00328951 0.0162278 0.00125 
v 0.00313983 0.0162701 -0.00125 
v 0.00328951 0.0162278 -0.00125 
v 0.00330641 0.0162222 0.00125 
v 0.00365279 0.0161083 0.00125 
v 0.00348803 0.0161625 -0.00125 
v 0.00375074 0.0160761 -0.00125 
v 0.00417775 0.0159155 -0.00125 
v 0.0038338 0.0160449 -0.00125 
v 0.00399713 0.0159834 0.00125 
v 0.00421212 0.0159026 0.00125 
v 0.00421212 0.0159026 -0.00125 
v 0.00375074 0.0160761 0.00125 
v 0.00434019 0.0158481 0.00125 
v 0.00467365 0.0157064 0.00125 
v 0.0045199 0.0157718 -0.00125 
v 0.00467365 0.0157064 -0.00125 
v 0.0051352 0.0154869 -0.00125 
v 0.0046825 0.0157022 0.00125 
v 0.00502224 0.0155406 0.00125 
v 0.00486267 0.0156165 -0.00125 
v 0.00555253 0.0152663 -0.00125 
v 0.00520725 0.0154488 -0.00125 
v 0.00536154 0.0153673 0.00125 
v 0.00559653 0.0152431 0.00125 
v 0.00559653 0.0152431 -0.00125 
v 0.0051352 0.0154869 0.00125 
v 0.00570747 0.0151783 0.00125 
v 0.00605642 0.0149746 0.00125 
v 0.00589672 0.0150679 -0.00125 
v 0.00605726 0.0149741 -0.00125 
v 0.00605726 0.0149741 0.00125 
v 0.00640249 0.0147526 0.00125 
v 0.00624209 0.0148555 -0.00125 
v 0.00651688 0.0146791 -0.00125 
v 0.0069332 0.0143864 -0.00125 
v 0.00658799 0.0146291 -0.00125 
v 0.00674825 0.0145164 0.00125 
v 0.00697471 0.0143572 0.00125 
v 0.00697471 0.0143572 -0.00125 
v 0.00651688 0.0146791 0.00125 
v 0.00709363 0.0142658 0.00125 
v 0.00742992 0.0140074 0.00125 
v 0.0072763 0.0141255 -0.00125 
v 0.00742992 0.0140074 -0.00125 
v 0.0078815 0.0136291 -0.00125 
v 0.00743845 0.0140003 0.00125 
v 0.00777866 0.0137152 0.00125 
v 0.0076191 0.0138489 -0.00125 
v 0.008289 0.0132572 -0.00125 
v 0.0079583 0.013559 -0.00125 
v 0.00811685 0.0134143 0.00125 
v 0.00832826 0.0132214 0.00125 
v 0.00832826 0.0132214 -0.00125 
v 0.0078815 0.0136291 0.00125 
v 0.00845279 0.0130977 0.00125 
v 0.00876887 0.0127838 0.00125 
v 0.00861868 0.012933 -0.00125 
v 0.00876887 0.0127838 -0.00125 
v 0.00911136 0.0124137 0.00125 
v 0.00920181 0.012316 -0.00125 
v 0.00894826 0.01259 -0.00125 
v 0.00878592 0.0127654 0.00125 
v 0.00959398 0.0118546 -0.00125 
v 0.00927486 0.0122301 -0.00125 
v 0.00943121 0.0120461 0.00125 
v 0.00962518 0.0118179 0.00125 
v 0.00962518 0.0118179 -0.00125 
v 0.00920181 0.012316 0.00125 
v 0.00990051 0.0114657 -0.00125 
v 0.00974558 0.0116639 0.00125 
v 0.0100137 0.011321 0.00125 
v 0.0100137 0.011321 -0.00125 
v 0.010348 0.0108554 0.00125 
v 0.0104139 0.0107636 -0.00125 
v 0.0101789 0.0110909 -0.00125 
v 0.0100534 0.0112657 0.00125 
v 0.0107993 0.0101762 0.00125 
v 0.0107993 0.0101762 -0.00125 
v 0.0107354 0.0102736 -0.00125 
v 0.0104454 0.0107156 -0.00125 
v 0.0104139 0.0107636 0.00125 
v 0.0106392 0.0104202 0.00125 
v 0.0111677 0.00955965 0.00125 
v 0.0111677 0.00955965 -0.00125 
v 0.0110147 0.00981562 -0.00125 
v 0.0109236 0.00996819 0.00125 
v 0.0114644 0.00901228 0.00125 
v 0.0115172 0.00891482 -0.00125 
v 0.0112863 0.00934083 -0.00125 
v 0.0112003 0.00949949 0.00125 
v 0.0118458 0.00824286 0.00125 
v 0.0118458 0.00824286 -0.00125 
v 0.0117964 0.00834373 -0.00125 
v 0.0115494 0.00884902 -0.00125 
v 0.0115172 0.00891482 0.00125 
v 0.0117159 0.00850836 0.00125 
v 0.0121515 0.00754513 0.00125 
v 0.0121515 0.00754513 -0.00125 
v 0.012029 0.00782457 -0.00125 
v 0.0119566 0.00799 0.00125 
v 0.0123974 0.00691336 0.00125 
v 0.0124325 0.00682316 -0.00125 
v 0.0122501 0.00729179 -0.00125 
v 0.0121853 0.00745832 0.00125 
v 0.0126871 0.00607858 0.00125 
v 0.0126871 0.00607858 -0.00125 
v 0.0126542 0.00617484 -0.00125 
v 0.0124596 0.00674408 -0.00125 
v 0.0124325 0.00682316 0.00125 
v 0.0125918 0.00635726 0.00125 
v 0.0129138 0.00531312 0.00125 
v 0.0129138 0.00531312 -0.00125 
v 0.0128321 0.00558902 -0.00125 
v 0.0127726 0.00578979 0.00125 
v 0.0130901 0.00461158 0.00125 
v 0.013111 0.00452854 -0.00125 
v 0.0129923 0.00500061 -0.00125 
v 0.0129403 0.00520737 0.00125 
v 0.0132775 0.0037266 0.00125 
v 0.0132775 0.0037266 -0.00125 
v 0.0132599 0.00381127 -0.00125 
v 0.0131358 0.00440897 -0.00125 
v 0.013111 0.00452854 0.00125 
v 0.0132191 0.00400785 0.00125 
v 0.0134121 0.00290901 0.00125 
v 0.0134121 0.00290901 -0.00125 
v 0.0133633 0.00320561 -0.00125 
v 0.0133314 0.00339895 0.00125 
v 0.0135058 0.00214294 0.00125 
v 0.0135138 0.00207742 -0.00125 
v 0.013451 0.00259058 -0.00125 
v 0.0134286 0.00277403 0.00125 
v 0.0135817 0.00123336 0.00125 
v 0.0135817 0.00123336 -0.00125 
v 0.0135747 0.00132107 -0.00125 
v 0.013523 0.00196347 -0.00125 
v 0.0135138 0.00207742 0.00125 
v 0.0135599 0.00150501 0.00125 
v 0.013615 0.000378224 0.00125 
v 0.013615 0.000378224 -0.00125 
v 0.013604 0.000661192 -0.00125 
v 0.0135962 0.000860285 0.00125 
v 0.0136171 1.85102e-05 -0.00125 
v 0.0136159 0.000225778 0.00125 
v 0.013618 -0.000126368 0.00125 
v 0.013618 -0.000126368 -0.00125 
v 0.013595 -0.000985456 0.00125 
v 0.013595 -0.000985456 -0.00125 
v 0.0136073 -0.000525374 -0.00125 
v 0.0136107 -0.000400712 0.00125 
v 0.0135371 -0.00183312 0.00125 
v 0.0135371 -0.00183312 -0.00125 
v 0.0135398 -0.00179384 -0.00125 
v 0.0135479 -0.00167507 0.00125 
v 0.0135829 -0.00116317 -0.00125 
v 0.0135915 -0.00103737 0.00125 
v 0.0134452 -0.00266773 0.00125 
v 0.0134452 -0.00266773 -0.00125 
v 0.0134729 -0.00241668 -0.00125 
v 0.0134847 -0.0023096 0.00125 
v 0.0133205 -0.00348757 0.00125 
v 0.0133205 -0.00348757 -0.00125 
v 0.0133891 -0.00303653 -0.00125 
v 0.0134042 -0.00293719 0.00125 
v 0.013164 -0.00429084 0.00125 
v 0.013164 -0.00429084 -0.00125 
v 0.0131747 -0.00423588 -0.00125 
v 0.0131901 -0.00415663 0.00125 
v 0.0132904 -0.0036421 -0.00125 
v 0.0133075 -0.00355431 0.00125 
v 0.0129771 -0.00507575 0.00125 
v 0.0129771 -0.00507575 -0.00125 
v 0.0130383 -0.0048189 -0.00125 
v 0.0130566 -0.00474174 0.00125 
v 0.0127614 -0.0058405 0.00125 
v 0.0127614 -0.0058405 -0.00125 
v 0.0128869 -0.0053954 -0.00125 
v 0.0129116 -0.00530802 0.00125 
v 0.0125183 -0.00658338 0.00125 
v 0.0125183 -0.00658338 -0.00125 
v 0.0125391 -0.00651981 -0.00125 
v 0.0127208 -0.00596464 -0.00125 
v 0.0127542 -0.00586241 0.00125 
v 0.0125749 -0.00641045 0.00125 
v 0.0122497 -0.00730276 0.00125 
v 0.0122497 -0.00730276 -0.00125 
v 0.0123407 -0.00705902 -0.00125 
v 0.0123803 -0.00695304 0.00125 
v 0.0119574 -0.00799718 0.00125 
v 0.0119574 -0.00799718 -0.00125 
v 0.0121313 -0.00758408 -0.00125 
v 0.0121721 -0.00748731 0.00125 
v 0.0116433 -0.00866532 0.00125 
v 0.0116433 -0.00866532 -0.00125 
v 0.0116779 -0.00859164 -0.00125 
v 0.011713 -0.00851711 0.00125 
v 0.0119113 -0.00809533 -0.00125 
v 0.0119512 -0.00801048 0.00125 
v 0.0113093 -0.0093061 0.00125 
v 0.0113093 -0.0093061 -0.00125 
v 0.0114311 -0.00907256 -0.00125 
v 0.0114648 -0.00900777 0.00125 
v 0.0109575 -0.00991865 0.00125 
v 0.0109575 -0.00991865 -0.00125 
v 0.0111748 -0.00954031 -0.00125 
v 0.0112087 -0.00948128 0.00125 
v 0.0105897 -0.0105023 0.00125 
v 0.0105897 -0.0105023 -0.00125 
v 0.0106315 -0.010436 -0.00125 
v 0.0109092 -0.00999527 -0.00125 
v 0.0109461 -0.00993674 0.00125 
v 0.010673 -0.0103701 0.00125 
v 0.0102079 -0.0110567 0.00125 
v 0.0102079 -0.0110567 -0.00125 
v 0.010345 -0.0108577 -0.00125 
v 0.0103937 -0.0107869 0.00125 
v 0.00981372 -0.0115819 0.00125 
v 0.00981372 -0.0115819 -0.00125 
v 0.0100477 -0.0112702 -0.00125 
v 0.0101037 -0.0111955 0.00125 
v 0.0094329 -0.0120494 -0.00125 
v 0.00981132 -0.0115848 0.00125 
v 0.00951007 -0.0119547 0.00125 
v 0.00945467 -0.0120227 -0.00125 
v 0.00975456 -0.0116545 -0.00125 
v 0.00901997 -0.0125174 0.00125 
v 0.00901997 -0.0125174 -0.00125 
v 0.00914616 -0.0123744 -0.00125 
v 0.0094329 -0.0120494 0.00125 
v 0.00920398 -0.0123089 0.00125 
v 0.0085995 -0.0129565 0.00125 
v 0.0085995 -0.0129565 -0.00125 
v 0.00883219 -0.0127135 -0.00125 
v 0.00889393 -0.012649 0.00125 
v 0.00817282 -0.0133672 0.00125 
v 0.00817282 -0.0133672 -0.00125 
v 0.00819991 -0.0133411 -0.00125 
v 0.00825736 -0.0132858 0.00125 
v 0.00851187 -0.0130408 -0.00125 
v 0.00857947 -0.0129758 0.00125 
v 0.00774109 -0.0137502 0.00125 
v 0.00774109 -0.0137502 -0.00125 
v 0.00787816 -0.0136286 -0.00125 
v 0.00793352 -0.0135795 0.00125 
v 0.00730531 -0.0141063 0.00125 
v 0.00730531 -0.0141063 -0.00125 
v 0.00755126 -0.0139053 -0.00125 
v 0.00760976 -0.0138575 0.00125 
v 0.00686633 -0.0144361 0.00125 
v 0.00686633 -0.0144361 -0.00125 
v 0.00688849 -0.0144194 -0.00125 
v 0.00722097 -0.0141696 -0.00125 
v 0.00728514 -0.0141214 0.00125 
v 0.00695596 -0.0143687 0.00125 
v 0.00642488 -0.0147404 0.00125 
v 0.00642488 -0.0147404 -0.00125 
v 0.00655404 -0.0146514 -0.00125 
v 0.00662374 -0.0146033 0.00125 
v 0.0059815 -0.0150202 0.00125 
v 0.0059815 -0.0150202 -0.00125 
v 0.00622182 -0.0148685 -0.00125 
v 0.0062879 -0.0148269 0.00125 
v 0.00553665 -0.0152762 0.00125 
v 0.00553665 -0.0152762 -0.00125 
v 0.00556748 -0.0152584 -0.00125 
v 0.00589586 -0.0150695 -0.00125 
v 0.00596057 -0.0150322 0.00125 
v 0.00563355 -0.0152204 0.00125 
v 0.00509063 -0.0155092 0.00125 
v 0.00509063 -0.0155092 -0.00125 
v 0.0052321 -0.0154353 -0.00125 
v 0.00529982 -0.0153999 0.00125 
v 0.00464364 -0.0157199 0.00125 
v 0.00464364 -0.0157199 -0.00125 
v 0.00489353 -0.0156021 -0.00125 
v 0.0049618 -0.0155699 0.00125 
v 0.0041958 -0.0159091 0.00125 
v 0.0041958 -0.0159091 -0.00125 
v 0.00421444 -0.0159012 -0.00125 
v 0.00427996 -0.0158736 0.00125 
v 0.00455376 -0.0157579 -0.00125 
v 0.00462158 -0.0157292 0.00125 
v 0.00374709 -0.0160774 0.00125 
v 0.00374709 -0.0160774 -0.00125 
v 0.00387639 -0.0160289 -0.00125 
v 0.00394027 -0.0160049 0.00125 
v 0.00329743 -0.0162254 0.00125 
v 0.00329743 -0.0162254 -0.00125 
v 0.0035429 -0.0161446 -0.00125 
v 0.00360478 -0.0161242 0.00125 
v 0.00284666 -0.0163535 0.00125 
v 0.00284666 -0.0163535 -0.00125 
v 0.00286452 -0.0163484 -0.00125 
v 0.00320874 -0.0162506 -0.00125 
v 0.00327362 -0.0162321 0.00125 
v 0.0029379 -0.0163275 0.00125 
v 0.00239454 -0.0164621 0.00125 
v 0.00239454 -0.0164621 -0.00125 
v 0.00252178 -0.0164316 -0.00125 
v 0.00259834 -0.0164132 0.00125 
v 0.00194076 -0.0165516 0.00125 
v 0.00194076 -0.0165516 -0.00125 
v 0.00218068 -0.0165043 -0.00125 
v 0.00225551 -0.0164896 0.00125 
v 0.00148495 -0.0166222 0.00125 
v 0.00148495 -0.0166222 -0.00125 
v 0.0014991 -0.01662 -0.00125 
v 0.0015641 -0.0166099 0.00125 
v 0.00184017 -0.0165672 -0.00125 
v 0.00191052 -0.0165563 0.00125 
v 0.00102667 -0.0166739 0.00125 
v 0.00102667 -0.0166739 -0.00125 
v 0.00115617 -0.0166593 -0.00125 
v 0.0012179 -0.0166523 0.00125 
v 0.000565431 -0.0167067 0.00125 
v 0.000565431 -0.0167067 -0.00125 
v 0.000811006 -0.0166892 -0.00125 
v 0.000873176 -0.0166848 0.00125 
v 0.000100538 -0.0167205 0.00125 
v 0.000100538 -0.0167205 -0.00125 
v 0.000115256 -0.01672 -0.00125 
v 0.000462495 -0.0167097 -0.00125 
v 0.000530904 -0.0167077 0.00125 
v 0.000183855 -0.016718 0.00125 
v -0.000365779 -0.016715 0.00125 
v -0.000365779 -0.016715 -0.00125 
v -0.000230225 -0.0167166 -0.00125 
v -0.000164141 -0.0167173 0.00125 
v -0.000831072 -0.0166901 0.00125 
v -0.000831072 -0.0166901 -0.00125 
v -0.000578398 -0.0167036 -0.00125 
v -0.000514143 -0.016707 0.00125 
v -0.00129475 -0.0166459 0.00125 
v -0.00129475 -0.0166459 -0.00125 
v -0.00127622 -0.0166477 -0.00125 
v -0.00092714 -0.016681 -0.00125 
v -0.000861864 -0.0166872 0.00125 
v -0.00120783 -0.0166542 0.00125 
v -0.00175728 -0.0165823 0.00125 
v -0.00175728 -0.0165823 -0.00125 
v -0.00162485 -0.0166005 -0.00125 
v -0.0015529 -0.0166104 0.00125 
v -0.00221903 -0.016499 0.00125 
v -0.00221903 -0.016499 -0.00125 
v -0.0019731 -0.0165434 -0.00125 
v -0.00189812 -0.0165569 0.00125 
v -0.00268036 -0.0163957 0.00125 
v -0.00268036 -0.0163957 -0.00125 
v -0.00266726 -0.0163986 -0.00125 
v -0.00259185 -0.0164155 0.00125 
v -0.00232071 -0.0164763 -0.00125 
v -0.00224445 -0.0164933 0.00125 
v -0.00314153 -0.0162719 0.00125 
v -0.00314153 -0.0162719 -0.00125 
v -0.00300167 -0.0163095 -0.00125 
v -0.00292817 -0.0163292 0.00125 
v -0.00360273 -0.0161271 0.00125 
v -0.00360273 -0.0161271 -0.00125 
v -0.00334111 -0.0162092 -0.00125 
v -0.0032681 -0.0162322 0.00125 
v -0.00406407 -0.0159607 -0.00125 
v -0.00361388 -0.0161231 0.00125 
v -0.00396221 -0.0159974 0.00125 
v -0.00403547 -0.015971 -0.00125 
v -0.00368653 -0.0160969 -0.00125 
v -0.00452557 -0.0157718 0.00125 
v -0.00452557 -0.0157718 -0.00125 
v -0.0043845 -0.0158296 -0.00125 
v -0.00406407 -0.0159607 0.00125 
v -0.00431225 -0.0158591 0.00125 
v -0.00498714 -0.0155599 0.00125 
v -0.00498714 -0.0155599 -0.00125 
v -0.00473242 -0.0156769 -0.00125 
v -0.00466204 -0.0157092 0.00125 
v -0.00544858 -0.015324 0.00125 
v -0.00544858 -0.015324 -0.00125 
v -0.00541486 -0.0153412 -0.00125 
v -0.00535003 -0.0153744 0.00125 
v -0.00507684 -0.015514 -0.00125 
v -0.00500941 -0.0155485 0.00125 
v -0.00590956 -0.0150632 0.00125 
v -0.00590956 -0.0150632 -0.00125 
v -0.00572767 -0.0151661 -0.00125 
v -0.00569069 -0.015187 0.00125 
v -0.00636961 -0.0147766 0.00125 
v -0.00636961 -0.0147766 -0.00125 
v -0.0060775 -0.0149586 -0.00125 
v -0.00603522 -0.0149849 0.00125 
v -0.0068281 -0.0144634 0.00125 
v -0.0068281 -0.0144634 -0.00125 
v -0.00676627 -0.0145057 -0.00125 
v -0.00672922 -0.014531 0.00125 
v -0.00642388 -0.0147396 -0.00125 
v -0.00638295 -0.0147675 0.00125 
v -0.00728426 -0.0141227 0.00125 
v -0.00728426 -0.0141227 -0.00125 
v -0.00710563 -0.0142561 -0.00125 
v -0.00707407 -0.0142797 0.00125 
v -0.00773713 -0.0137536 0.00125 
v -0.00773713 -0.0137536 -0.00125 
v -0.00744473 -0.0139919 -0.00125 
v -0.00741575 -0.0140155 0.00125 
v -0.00818558 -0.0133554 0.00125 
v -0.00818558 -0.0133554 -0.00125 
v -0.00812292 -0.013411 -0.00125 
v -0.00778475 -0.0137113 -0.00125 
v -0.00775228 -0.0137401 0.00125 
v -0.00809036 -0.0134399 0.00125 
v -0.00862833 -0.0129274 0.00125 
v -0.00862833 -0.0129274 -0.00125 
v -0.0084572 -0.0130928 -0.00125 
v -0.00842724 -0.0131218 0.00125 
v -0.0090639 -0.0124693 0.00125 
v -0.0090639 -0.0124693 -0.00125 
v -0.00878764 -0.0127599 -0.00125 
v -0.00875815 -0.0127909 0.00125 
v -0.00949063 -0.0119808 0.00125 
v -0.00949063 -0.0119808 -0.00125 
v -0.00943531 -0.0120442 -0.00125 
v -0.0091145 -0.0124114 -0.00125 
v -0.00908395 -0.0124464 0.00125 
v -0.00940096 -0.0120835 0.00125 
v -0.00990108 -0.0114692 0.00125 
v -0.00990108 -0.0114692 -0.00125 
v -0.00974995 -0.0116576 -0.00125 
v -0.00971272 -0.011704 0.00125 
v -0.0103051 -0.0109201 0.00125 
v -0.0103051 -0.0109201 -0.00125 
v -0.0100555 -0.0112594 -0.00125 
v -0.0100241 -0.0113021 0.00125 
v -0.0106947 -0.0103409 0.00125 
v -0.0106947 -0.0103409 -0.00125 
v -0.0106398 -0.0104226 -0.00125 
v -0.0106246 -0.0104452 0.00125 
v -0.0103478 -0.0108567 -0.00125 
v -0.0103294 -0.0108839 0.00125 
v -0.011068 -0.00973231 0.00125 
v -0.011068 -0.00973231 -0.00125 
v -0.0109241 -0.00996699 -0.00125 
v -0.0109088 -0.00999184 0.00125 
v -0.011423 -0.00909516 0.00125 
v -0.011423 -0.00909516 -0.00125 
v -0.0112017 -0.00949237 -0.00125 
v -0.0111837 -0.00952468 0.00125 
v -0.0117575 -0.00843056 0.00125 
v -0.0117575 -0.00843056 -0.00125 
v -0.0117273 -0.00849048 -0.00125 
v -0.0114709 -0.00899999 -0.00125 
v -0.0114491 -0.00904324 0.00125 
v -0.0117 -0.00854478 0.00125 
v -0.0120697 -0.0077398 0.00125 
v -0.0120697 -0.0077398 -0.00125 
v -0.0119676 -0.00796562 -0.00125 
v -0.0119382 -0.00803061 0.00125 
v -0.0123577 -0.00702436 0.00125 
v -0.0123577 -0.00702436 -0.00125 
v -0.0121942 -0.00743039 -0.00125 
v -0.0121656 -0.0075015 0.00125 
v -0.0126197 -0.00628585 0.00125 
v -0.0126197 -0.00628585 -0.00125 
v -0.0126001 -0.00634119 -0.00125 
v -0.0125807 -0.00639586 0.00125 
v -0.0124061 -0.00688802 -0.00125 
v -0.0123815 -0.00695716 0.00125 
v -0.0128542 -0.00552598 0.00125 
v -0.0128542 -0.00552598 -0.00125 
v -0.0127749 -0.00578294 -0.00125 
v -0.0127621 -0.00582453 0.00125 
v -0.0130597 -0.00474651 0.00125 
v -0.0130597 -0.00474651 -0.00125 
v -0.0129382 -0.00520748 -0.00125 
v -0.0129286 -0.00524384 0.00125 
v -0.0132347 -0.00394919 0.00125 
v -0.0132347 -0.00394919 -0.00125 
v -0.0132228 -0.0040035 -0.00125 
v -0.0130889 -0.00461361 -0.00125 
v -0.0130801 -0.00465324 0.00125 
v -0.0132127 -0.00404936 0.00125 
v -0.0133783 -0.00313576 0.00125 
v -0.0133783 -0.00313576 -0.00125 
v -0.0133351 -0.00338008 -0.00125 
v -0.0133259 -0.00343266 0.00125 
v -0.0134891 -0.00230789 0.00125 
v -0.0134891 -0.00230789 -0.00125 
v -0.0134301 -0.00274837 -0.00125 
v -0.0134211 -0.00281585 0.00125 
v -0.0135664 -0.00146713 0.00125 
v -0.0135664 -0.00146713 -0.00125 
v -0.0135656 -0.00147613 -0.00125 
v -0.0135071 -0.00211235 -0.00125 
v -0.0135001 -0.00218883 0.00125 
v -0.0135585 -0.00155308 0.00125 
v -0.0136093 -0.000614904 0.00125 
v -0.0136093 -0.000614904 -0.00125 
v -0.0135978 -0.00084347 -0.00125 
v -0.0135944 -0.000911592 0.00125 
v -0.0136174 0.000205485 -0.00125 
v -0.013616 6.52465e-05 -0.00125 
v -0.0136165 0.000121053 0.00125 
v -0.0136128 -0.000261225 0.00125 
v -0.0136133 -0.000210414 -0.00125 
v -0.0135911 0.00106358 -0.00125 
v -0.0136021 0.000704671 -0.00125 
v -0.0136002 0.000767497 0.00125 
v -0.0136174 0.000205485 0.00125 
v -0.0135301 0.00191011 -0.00125 
v -0.0135714 0.00133795 -0.00125 
v -0.0135669 0.00139923 0.00125 
v -0.0135911 0.00106358 0.00125 
v -0.0134351 0.00274343 -0.00125 
v -0.0134535 0.00258237 -0.00125 
v -0.0134482 0.00262872 0.00125 
v -0.0135237 0.00196601 -0.00125 
v -0.0135177 0.00201897 0.00125 
v -0.0135301 0.00191011 0.00125 
v -0.0133074 0.00356182 -0.00125 
v -0.0133653 0.00319082 -0.00125 
v -0.0133592 0.00323017 0.00125 
v -0.0134351 0.00274343 0.00125 
v -0.0131481 0.00436348 -0.00125 
v -0.0132606 0.00379753 -0.00125 
v -0.0132549 0.00382611 0.00125 
v -0.0133074 0.00356182 0.00125 
v -0.0129585 0.00514661 -0.00125 
v -0.012998 0.00498332 -0.00125 
v -0.0129919 0.00500851 0.00125 
v -0.0131347 0.00441872 0.00125 
v -0.0131399 0.00439726 -0.00125 
v -0.0131481 0.00436348 0.00125 
v -0.0127402 0.00590944 -0.00125 
v -0.0128419 0.00555392 -0.00125 
v -0.012832 0.00558854 0.00125 
v -0.0129585 0.00514661 0.00125 
v -0.0124947 0.00665023 -0.00125 
v -0.0126727 0.00611328 -0.00125 
v -0.0126592 0.00615384 0.00125 
v -0.0127402 0.00590944 0.00125 
v -0.0122239 0.00736739 -0.00125 
v -0.0122872 0.00719984 -0.00125 
v -0.0122717 0.00724065 0.00125 
v -0.0124898 0.00666323 -0.00125 
v -0.012474 0.006705 0.00125 
v -0.0124947 0.00665023 0.00125 
v -0.0119295 0.00805945 -0.00125 
v -0.0120723 0.00772384 -0.00125 
v -0.0120557 0.00776269 0.00125 
v -0.0122239 0.00736739 0.00125 
v -0.0116135 0.00872514 -0.00125 
v -0.0118464 0.0082344 -0.00125 
v -0.0118278 0.00827355 0.00125 
v -0.0119295 0.00805945 0.00125 
v -0.0112778 0.00936337 -0.00125 
v -0.0113591 0.00920878 -0.00125 
v -0.0113406 0.00924385 0.00125 
v -0.0116105 0.00873073 -0.00125 
v -0.0115906 0.00876852 0.00125 
v -0.0116135 0.00872514 0.00125 
v -0.0109244 0.0099733 -0.00125 
v -0.0110995 0.00967112 -0.00125 
v -0.0110809 0.00970309 0.00125 
v -0.0112778 0.00936337 0.00125 
v -0.0105552 0.0105543 0.00125 
v -0.0105552 0.0105543 -0.00125 
v -0.0105589 0.0105485 -0.00125 
v -0.0108127 0.0101491 0.00125 
v -0.0109244 0.0099733 0.00125 
v -0.0108326 0.0101177 -0.00125 
v -0.0101722 0.011106 -0.00125 
v -0.0102742 0.0109591 -0.00125 
v -0.010252 0.0109911 0.00125 
v -0.010535 0.0105835 0.00125 
v -0.0097772 0.0116282 -0.00125 
v -0.00997983 0.0113603 -0.00125 
v -0.00995941 0.0113873 0.00125 
v -0.0101722 0.011106 0.00125 
v -0.00938014 0.0121106 -0.00125 
v -0.00968295 0.0117427 -0.00125 
v -0.00966021 0.0117703 0.00125 
v -0.00936605 0.0121277 0.00125 
v -0.00936605 0.0121277 -0.00125 
v -0.0097772 0.0116282 0.00125 
v -0.00895178 0.0125909 -0.00125 
v -0.0090686 0.0124603 -0.00125 
v -0.00904326 0.0124887 0.00125 
v -0.00935545 0.0121396 0.00125 
v -0.00853021 0.0130254 -0.00125 
v -0.00875348 0.0127953 -0.00125 
v -0.00873026 0.0128192 0.00125 
v -0.00895178 0.0125909 0.00125 
v -0.00811413 0.0134206 -0.00125 
v -0.0084353 0.0131155 -0.00125 
v -0.00841556 0.0131343 0.00125 
v -0.00810262 0.0134316 0.00125 
v -0.00810262 0.0134316 -0.00125 
v -0.00853021 0.0130254 0.00125 
v -0.00767016 0.0138101 -0.00125 
v -0.00809435 0.0134388 0.00125 
v -0.00776867 0.0137239 0.00125 
v -0.0077875 0.0137074 -0.00125 
v -0.00723379 0.0141618 -0.00125 
v -0.00745949 0.0139799 -0.00125 
v -0.00744194 0.0139941 0.00125 
v -0.00767016 0.0138101 0.00125 
v -0.00679436 0.0144874 0.00125 
v -0.00679436 0.0144874 -0.00125 
v -0.00679996 0.0144833 -0.00125 
v -0.00711464 0.0142501 0.00125 
v -0.00723379 0.0141618 0.00125 
v -0.00713031 0.0142385 -0.00125 
v -0.00635255 0.0147877 -0.00125 
v -0.00678687 0.0144925 0.00125 
v -0.00645589 0.0147175 0.00125 
v -0.00646591 0.0147107 -0.00125 
v -0.0059089 0.0150635 -0.00125 
v -0.00613136 0.0149252 -0.00125 
v -0.00612474 0.0149293 0.00125 
v -0.00635255 0.0147877 0.00125 
v -0.00546383 0.0153157 0.00125 
v -0.00546383 0.0153157 -0.00125 
v -0.00547394 0.01531 -0.00125 
v -0.00578968 0.0151311 0.00125 
v -0.0059089 0.0150635 0.00125 
v -0.00580319 0.0151234 -0.00125 
v -0.00501764 0.015545 -0.00125 
v -0.00545515 0.0153202 0.00125 
v -0.00511979 0.0154925 0.00125 
v -0.00514181 0.0154812 -0.00125 
v -0.00457051 0.0157522 -0.00125 
v -0.00480889 0.0156418 -0.00125 
v -0.00478487 0.0156529 0.00125 
v -0.00501764 0.015545 0.00125 
v -0.00413847 0.0159314 -0.00125 
v -0.0044747 0.015792 -0.00125 
v -0.00444951 0.0158024 0.00125 
v -0.00412252 0.015938 0.00125 
v -0.00412252 0.015938 -0.00125 
v -0.00457051 0.0157522 0.00125 
v -0.00367366 0.0161029 -0.00125 
v -0.00411263 0.0159416 0.00125 
v -0.00377172 0.0160669 0.00125 
v -0.00379877 0.0160569 -0.00125 
v -0.00322384 0.0162476 -0.00125 
v -0.00345674 0.0161727 -0.00125 
v -0.00342735 0.0161822 0.00125 
v -0.00367366 0.0161029 0.00125 
v -0.00279053 0.0163676 -0.00125 
v -0.0031239 0.0162753 -0.00125 
v -0.00309965 0.016282 0.00125 
v -0.00277287 0.0163725 0.00125 
v -0.00277287 0.0163725 -0.00125 
v -0.00322384 0.0162476 0.00125 
v -0.0023205 0.016478 -0.00125 
v -0.00276992 0.0163732 0.00125 
v -0.00243036 0.0164524 0.00125 
v -0.00245037 0.0164477 -0.00125 
v -0.00186642 0.0165644 -0.00125 
v -0.00210575 0.0165189 -0.00125 
v -0.0020845 0.0165229 0.00125 
v -0.0023205 0.016478 0.00125 
v -0.00141024 0.0166319 -0.00125 
v -0.00175788 0.0165805 -0.00125 
v -0.00173484 0.0165839 0.00125 
v -0.00186642 0.0165644 0.00125 
v -0.000951515 0.0166805 -0.00125 
v -0.00105757 0.0166693 -0.00125 
v -0.00103443 0.0166717 0.00125 
v -0.00140812 0.0166321 -0.00125 
v -0.00138401 0.0166347 0.00125 
v -0.00141024 0.0166319 0.00125 
v -0.000489751 0.0167102 -0.00125 
v -0.000708335 0.0166962 -0.00125 
v -0.000689099 0.0166974 0.00125 
v -0.000951515 0.0166805 0.00125 
v -0.000361932 0.016713 -0.00125 
v -0.00035068 0.0167133 0.00125 
v -0.000489751 0.0167102 0.00125 
v 5.53092e-08 0.0167209 0.00125 
v -0.000327315 0.0159647 0.002 
v 5.53092e-08 0.0159709 0.002 
v -0.000421886 0.0159629 0.002 
v -0.000643115 0.0159496 0.002 
v -0.000864265 0.0159364 0.002 
v -0.000965356 0.0159261 0.002 
v -0.00129161 0.0158929 0.002 
v -0.00161909 0.0158459 0.002 
v -0.0012982 0.0158922 0.002 
v -0.00172519 0.0158306 0.002 
v -0.00194555 0.0157894 0.002 
v -0.00214681 0.0157517 0.002 
v -0.00226853 0.0157237 0.002 
v -0.00256458 0.0156555 0.002 
v -0.00258571 0.0156497 0.002 
v -0.00289392 0.0155652 0.002 
v -0.00297995 0.0155416 0.002 
v -0.00320021 0.0154713 0.002 
v -0.00339429 0.0154094 0.002 
v -0.00352217 0.0153627 0.002 
v -0.00380898 0.015258 0.002 
v -0.00384109 0.0152448 0.002 
v -0.00415678 0.0151148 0.002 
v -0.00422537 0.0150865 0.002 
v -0.00447075 0.0149735 0.002 
v -0.00464481 0.0148934 0.002 
v -0.00478452 0.014822 0.002 
v -0.00506868 0.0146769 0.002 
v -0.00509922 0.0146597 0.002 
v -0.00541408 0.0144826 0.002 
v -0.00549226 0.0144386 0.002 
v -0.00572942 0.0142928 0.002 
v -0.00590107 0.0141872 0.002 
v -0.00604128 0.014093 0.002 
v -0.00632878 0.0138999 0.002 
v -0.00635386 0.0138815 0.002 
v -0.00666421 0.0136539 0.002 
v -0.00674714 0.0135931 0.002 
v -0.00697378 0.0134121 0.002 
v -0.00715743 0.0132654 0.002 
v -0.00728299 0.0131564 0.002 
v -0.00756078 0.0129153 0.002 
v -0.0075915 0.0128864 0.002 
v -0.00789691 0.0125986 0.002 
v -0.00795822 0.0125408 0.002 
v -0.00819503 0.0122988 0.002 
v -0.00835068 0.0121397 0.002 
v -0.0084914 0.0119837 0.002 
v -0.00873896 0.0117092 0.002 
v -0.00878741 0.0116509 0.002 
v -0.00907873 0.0113004 0.002 
v -0.00936246 0.0109343 0.002 
v -0.00912378 0.0112462 0.002 
v -0.00950573 0.0107471 0.002 
v -0.00964064 0.0105558 0.002 
v -0.00985794 0.0102477 0.002 
v -0.0099105 0.0101666 0.002 
v -0.0101784 0.00975323 0.002 
v -0.0104341 0.00932633 0.002 
v -0.0102164 0.0096946 0.002 
v -0.0105588 0.00911548 0.002 
v -0.0106818 0.00888645 0.002 
v -0.0108805 0.00851651 0.002 
v -0.0109217 0.00843161 0.002 
v -0.0111513 0.00795846 0.002 
v -0.0113682 0.00746786 0.002 
v -0.011182 0.00789524 0.002 
v -0.0114636 0.00724893 0.002 
v -0.0115734 0.0069662 0.002 
v -0.0117254 0.00657448 0.002 
v -0.0117673 0.00645207 0.002 
v -0.011948 0.00592372 0.002 
v -0.0121124 0.00538002 0.002 
v -0.0119669 0.00586842 0.002 
v -0.0121812 0.00514936 0.002 
v -0.0122644 0.00482206 0.002 
v -0.0123706 0.00440479 0.002 
v -0.0124022 0.00425518 0.002 
v -0.0125223 0.00368594 0.002 
v -0.0126206 0.00311195 0.002 
v -0.0125312 0.00364365 0.002 
v -0.0126608 0.00287271 0.002 
v -0.0127037 0.00253257 0.002 
v -0.0127596 0.00208924 0.002 
v -0.0127718 0.00194566 0.002 
v -0.0128223 0.00134876 0.002 
v -0.0128512 0.000739753 0.002 
v -0.0128273 0.00129034 0.002 
v -0.0128639 0.000116672 0.002 
v -0.0128629 0.000472946 0.002 
v -0.0128649 -0.000251862 0.002 
v -0.0128453 -0.000878686 0.002 
v -0.0128652 -0.000364936 0.002 
v -0.0128326 -0.00120786 0.002 
v -0.0128092 -0.00149661 0.002 
v -0.0127661 -0.00202914 0.002 
v -0.0127562 -0.00210923 0.002 
v -0.0126816 -0.00271326 0.002 
v -0.0125879 -0.00330678 0.002 
v -0.0126673 -0.00282931 0.002 
v -0.0125372 -0.00361182 0.002 
v -0.0124769 -0.00389974 0.002 
v -0.0123764 -0.00437983 0.002 
v -0.0123508 -0.00448081 0.002 
v -0.0122068 -0.00504918 0.002 
v -0.0120444 -0.00560662 0.002 
v -0.0121848 -0.00513624 0.002 
v -0.0119578 -0.005897 0.002 
v -0.0118688 -0.00615491 0.002 
v -0.011699 -0.00664647 0.002 
v -0.0116801 -0.00669464 0.002 
v -0.011474 -0.0072175 0.002 
v -0.0114239 -0.00734475 0.002 
v -0.0112552 -0.00772468 0.002 
v -0.0111291 -0.00800881 0.002 
v -0.011026 -0.00821705 0.002 
v -0.0108151 -0.00864284 0.002 
v -0.0107865 -0.00869486 0.002 
v -0.0105334 -0.00915616 0.002 
v -0.010269 -0.00960212 0.002 
v -0.0104817 -0.00925031 0.002 
v -0.0101287 -0.00983425 0.002 
v -0.00999597 -0.0100344 0.002 
v -0.00975532 -0.0103973 0.002 
v -0.00971454 -0.0104535 0.002 
v -0.00942431 -0.0108532 0.002 
v -0.00934559 -0.0109617 0.002 
v -0.00912803 -0.0112366 0.002 
v -0.00897411 -0.0114312 0.002 
v -0.00883088 -0.0115977 0.002 
v -0.00856728 -0.0119042 0.002 
v -0.00853028 -0.0119437 0.002 
v -0.0082222 -0.0122725 0.002 
v -0.00815841 -0.0123406 0.002 
v -0.00790767 -0.0125863 0.002 
v -0.00774722 -0.0127436 0.002 
v -0.00758756 -0.0128874 0.002 
v -0.00733278 -0.0131168 0.002 
v -0.00726692 -0.0131712 0.002 
v -0.00694988 -0.0134333 0.002 
v -0.00662576 -0.0136816 0.002 
v -0.00691405 -0.013463 0.002 
v -0.00648992 -0.0137846 0.002 
v -0.00629905 -0.0139172 0.002 
v -0.00605923 -0.0140837 0.002 
v -0.00597189 -0.0141391 0.002 
v -0.00564573 -0.014346 0.002 
v -0.00532074 -0.0145348 0.002 
v -0.00562069 -0.0143619 0.002 
v -0.0051567 -0.0146293 0.002 
v -0.00500061 -0.0147108 0.002 
v -0.00474723 -0.0148432 0.002 
v -0.00468091 -0.0148745 0.002 
v -0.0043562 -0.0150276 0.002 
v -0.00402819 -0.0151679 0.002 
v -0.00431052 -0.0150491 0.002 
v -0.00387962 -0.0152304 0.002 
v -0.00370022 -0.0152971 0.002 
v -0.00345338 -0.0153889 0.002 
v -0.00337419 -0.0154146 0.002 
v -0.00305173 -0.0155193 0.002 
v -0.00273363 -0.015609 0.002 
v -0.00303024 -0.0155262 0.002 
v -0.0026087 -0.0156438 0.002 
v -0.00241907 -0.0156883 0.002 
v -0.0021873 -0.0157426 0.002 
v -0.00209458 -0.0157603 0.002 
v -0.00177178 -0.015822 0.002 
v -0.00144925 -0.0158701 0.002 
v -0.0017646 -0.0158233 0.002 
v -0.00112703 -0.015909 0.002 
v -0.00133914 -0.0158864 0.002 
v -0.000909451 -0.0159321 0.002 
v -0.000804232 -0.0159389 0.002 
v -0.000479929 -0.01596 0.002 
v -0.000153186 -0.0159679 0.002 
v -0.000474028 -0.0159603 0.002 
v 0.000171609 -0.0159672 0.002 
v -3.12888e-05 -0.0159708 0.002 
v 0.000418641 -0.0159627 0.002 
v 0.000495429 -0.0159581 0.002 
v 0.000814932 -0.0159388 0.002 
v 0.00113648 -0.0159074 0.002 
v 0.000852255 -0.0159365 0.002 
v 0.00128026 -0.0158926 0.002 
v 0.00145932 -0.0158667 0.002 
v 0.00170579 -0.0158311 0.002 
v 0.00178251 -0.0158168 0.002 
v 0.00210485 -0.0157565 0.002 
v 0.00242469 -0.015684 0.002 
v 0.00213031 -0.0157517 0.002 
v 0.00255527 -0.015654 0.002 
v 0.00274153 -0.015603 0.002 
v 0.00297809 -0.0155383 0.002 
v 0.00305516 -0.0155138 0.002 
v 0.00336555 -0.0154152 0.002 
v 0.00367917 -0.0153027 0.002 
v 0.00339766 -0.015405 0.002 
v 0.00381943 -0.0152517 0.002 
v 0.00399687 -0.0151788 0.002 
v 0.0042383 -0.0150795 0.002 
v 0.00431691 -0.0150434 0.002 
v 0.00463702 -0.0148962 0.002 
v 0.00495383 -0.0147355 0.002 
v 0.00465561 -0.0148877 0.002 
v 0.00507268 -0.0146748 0.002 
v 0.00526675 -0.0145656 0.002 
v 0.00548804 -0.0144411 0.002 
v 0.00557404 -0.0143883 0.002 
v 0.005884 -0.0141977 0.002 
v 0.00619998 -0.013986 0.002 
v 0.00588802 -0.0141952 0.002 
v 0.00631804 -0.0139068 0.002 
v 0.00651303 -0.0137641 0.002 
v 0.00673837 -0.0135991 0.002 
v 0.0068241 -0.0135307 0.002 
v 0.00713339 -0.0132841 0.002 
v 0.00743934 -0.0130201 0.002 
v 0.0071503 -0.0132706 0.002 
v 0.00755497 -0.0129198 0.002 
v 0.00774535 -0.0127407 0.002 
v 0.00795344 -0.0125449 0.002 
v 0.00805034 -0.0124459 0.002 
v 0.00834663 -0.0121435 0.002 
v 0.00835154 -0.012138 0.002 
v 0.00864481 -0.0118133 0.002 
v 0.00893391 -0.0114744 0.002 
v 0.00873535 -0.011713 0.002 
v 0.00912033 -0.0112504 0.002 
v 0.0092194 -0.0111211 0.002 
v 0.00950168 -0.0107526 0.002 
v 0.00977748 -0.010362 0.002 
v 0.00950215 -0.010752 0.002 
v 0.0100428 -0.00996294 0.002 
v 0.00985703 -0.0102494 0.002 
v 0.0102151 -0.00969713 0.002 
v 0.0103031 -0.00954846 0.002 
v 0.0105591 -0.00911554 0.002 
v 0.0105575 -0.00911856 0.002 
v 0.010803 -0.00866163 0.002 
v 0.011039 -0.00819075 0.002 
v 0.010879 -0.00852033 0.002 
v 0.0111802 -0.0079 0.002 
v 0.0112655 -0.00770435 0.002 
v 0.0114616 -0.00725485 0.002 
v 0.0114812 -0.00720426 0.002 
v 0.0116805 -0.00669129 0.002 
v 0.011723 -0.00658181 0.002 
v 0.0118643 -0.00616922 0.002 
v 0.0119642 -0.00587743 0.002 
v 0.0120343 -0.00564224 0.002 
v 0.0121784 -0.00515919 0.002 
v 0.0121907 -0.00511097 0.002 
v 0.0123295 -0.00456627 0.002 
v 0.0124553 -0.00400293 0.002 
v 0.0123681 -0.00441506 0.002 
v 0.0125295 -0.00365175 0.002 
v 0.0125681 -0.00342344 0.002 
v 0.0126598 -0.0028796 0.002 
v 0.012666 -0.00283018 0.002 
v 0.0127426 -0.00222572 0.002 
v 0.0128 -0.00161417 0.002 
v 0.012759 -0.00209592 0.002 
v 0.0128269 -0.00129784 0.002 
v 0.01284 -0.000999748 0.002 
v 0.0128627 -0.000482333 0.002 
v 0.012863 -0.000386369 0.002 
v 0.0128649 0.000217664 0.002 
v 0.0128653 0.000352827 0.002 
v 0.0128471 0.000829207 0.002 
v 0.0128332 0.00119483 0.002 
v 0.0128126 0.00145046 0.002 
v 0.012767 0.00201745 0.002 
v 0.0127612 0.00206503 0.002 
v 0.0126865 0.00267267 0.002 
v 0.0126685 0.00281893 0.002 
v 0.0125931 0.00327426 0.002 
v 0.0125387 0.00360267 0.002 
v 0.0124849 0.00386018 0.002 
v 0.012378 0.00437186 0.002 
v 0.0123606 0.00444086 0.002 
v 0.0122158 0.0050135 0.002 
v 0.0121865 0.0051294 0.002 
v 0.0120544 0.00557316 0.002 
v 0.0118814 0.00611848 0.002 
v 0.0119599 0.0058906 0.002 
v 0.0117008 0.00664241 0.002 
v 0.0116966 0.00665315 0.002 
v 0.0114911 0.00717533 0.002 
v 0.0112731 0.00768582 0.002 
v 0.0114257 0.00734154 0.002 
v 0.0110435 0.0081832 0.002 
v 0.0111315 0.00800541 0.002 
v 0.0108183 0.00863833 0.002 
v 0.010803 0.00866625 0.002 
v 0.010548 0.00913131 0.002 
v 0.0102834 0.00957966 0.002 
v 0.0104863 0.00924389 0.002 
v 0.0100116 0.0100116 0.002 
v 0.0101351 0.00982518 0.002 
v 0.00976421 0.0103849 0.002 
v 0.00973351 0.0104272 0.002 
v 0.00945058 0.0108172 0.002 
v 0.00915831 0.0111976 0.002 
v 0.00935765 0.0109453 0.002 
v 0.00886007 0.0115624 0.002 
v 0.00898441 0.0114176 0.002 
v 0.00857567 0.0118934 0.002 
v 0.00855711 0.0119133 0.002 
v 0.008246 0.0122456 0.002 
v 0.00793076 0.012562 0.002 
v 0.00816496 0.0123322 0.002 
v 0.00761281 0.0128629 0.002 
v 0.00775201 0.0127374 0.002 
v 0.00733586 0.0131125 0.002 
v 0.00729267 0.0131483 0.002 
v 0.00696918 0.013416 0.002 
v 0.00664336 0.0136671 0.002 
v 0.00691549 0.0134605 0.002 
v 0.00631726 0.0139036 0.002 
v 0.00648978 0.0137837 0.002 
v 0.00599119 0.0141263 0.002 
v 0.00605755 0.0140842 0.002 
v 0.00566423 0.014334 0.002 
v 0.00533656 0.0145267 0.002 
v 0.00561754 0.0143636 0.002 
v 0.00501177 0.0147049 0.002 
v 0.00521053 0.0145998 0.002 
v 0.00481307 0.01481 0.002 
v 0.00469302 0.0148674 0.002 
v 0.0043873 0.0150135 0.002 
v 0.00437439 0.015019 0.002 
v 0.00405368 0.015156 0.002 
v 0.00396106 0.0151956 0.002 
v 0.00373224 0.0152823 0.002 
v 0.0035332 0.0153577 0.002 
v 0.00340986 0.0153986 0.002 
v 0.00310229 0.0155007 0.002 
v 0.00308606 0.0155053 0.002 
v 0.00275938 0.0155988 0.002 
v 0.00266543 0.0156257 0.002 
v 0.00243388 0.0156814 0.002 
v 0.00222717 0.0157312 0.002 
v 0.00212034 0.0157522 0.002 
v 0.00180168 0.0158148 0.002 
v 0.00147841 0.0158645 0.002 
v 0.00180044 0.015815 0.002 
v 0.00137365 0.0158806 0.002 
v 0.0011526 0.0159052 0.002 
v 0.000945282 0.0159282 0.002 
v 0.000825483 0.0159366 0.002 
v 0.000513869 0.0159583 0.002 
v 0.000498327 0.0159587 0.002 
v 0.000172413 0.0159682 0.002 
v 9.71871e-05 0.0159704 0.002 
v 0.00882782 0.00906722 0.002 
v 0.00855656 0.00947928 0.002 
v 0.00869072 0.00927548 0.002 
v 0.00832621 0.00980277 0.002 
v 0.00911842 0.00858587 0.002 
v 0.00823467 0.00993078 0.002 
v -0.0074935 -0.00812096 0.002 
v -0.00691242 -0.00897467 0.002 
v -0.00703959 -0.00879503 0.002 
v 0.0106838 0.00465965 0.002 
v 0.00891298 0.00892617 0.002 
v 0.00854529 0.0094964 0.002 
v -0.0077068 -0.00776518 0.002 
v -0.0077969 -0.00761434 0.002 
v -0.00727155 -0.0084615 0.002 
v -0.00722304 -0.00853592 0.002 
v 0.0105445 0.00518473 0.002 
v 0.00792203 0.0103329 0.002 
v 0.00809401 0.0101117 0.002 
v 0.00785905 0.0104074 0.002 
v -0.00901295 -0.00484387 0.002 
v -0.00901466 -0.00483822 0.002 
v -0.00915586 -0.00437153 0.002 
v -0.00750308 -0.00810626 0.002 
v -0.00680802 -0.00911024 0.002 
v -0.0062849 -0.00975717 0.002 
v 0.0105526 0.00515455 0.002 
v 0.010407 0.00563102 0.002 
v 0.0102526 0.00609229 0.002 
v 0.010348 0.00582209 0.002 
v 0.00991551 0.00697524 0.002 
v 0.0100893 0.00654006 0.002 
v 0.00761992 0.0106906 0.002 
v 0.00737375 0.0109605 0.002 
v 0.00760693 0.010706 0.002 
v -0.00951578 -0.0029036 0.002 
v -0.00936901 -0.00357825 0.002 
v -0.00920482 -0.00420973 0.002 
v -0.00928545 -0.00389964 0.002 
v -0.00659984 -0.00938059 0.002 
v -0.00633506 -0.0096972 0.002 
v 0.0101345 0.00642687 0.002 
v 0.00728889 0.0110532 0.002 
v 0.00696729 0.0113768 0.002 
v -0.00940574 -0.00340942 0.002 
v -0.00657361 -0.00941195 0.002 
v -0.00596712 -0.0101074 0.002 
v -0.00609491 -0.00996653 0.002 
v 0.00990456 0.00700266 0.002 
v 0.00713466 0.0112084 0.002 
v 0.00689354 0.0114452 0.002 
v -0.00880326 -0.00544779 0.002 
v -0.00857664 -0.00602393 0.002 
v -0.00868712 -0.00574306 0.002 
v -0.0058528 -0.0102235 0.002 
v -0.00532056 -0.0107384 0.002 
v 0.0107134 0.00454816 0.002 
v 0.0108622 0.00387842 0.002 
v 0.00912941 0.00856587 0.002 
v 0.00933627 0.00818931 0.002 
v 0.00664771 0.0116732 0.002 
v 0.00664146 0.011679 0.002 
v -0.0088561 -0.00529562 0.002 
v -0.00850847 -0.00617846 0.002 
v -0.0056459 -0.0104337 0.002 
v -0.00536013 -0.0107013 0.002 
v 0.0111947 0.000454104 0.002 
v 0.0107969 0.0041723 0.002 
v 0.00972954 0.00739394 0.002 
v -0.00833339 -0.00657532 0.002 
v -0.00807355 -0.00710466 0.002 
v -0.00812254 -0.00700487 0.002 
v -0.00832119 -0.00660018 0.002 
v -0.00560711 -0.01047 0.002 
v -0.00499036 -0.0110232 0.002 
v -0.0051117 -0.0109186 0.002 
v -0.00398876 -0.0117557 0.002 
v -0.00410546 -0.0116776 0.002 
v -0.00367377 -0.0119498 0.002 
v -0.00160067 -0.0128402 0.002 
v 0.0111872 0.000995468 0.002 
v 0.00965856 0.00755262 0.002 
v 0.0095363 0.00779853 0.002 
v 0.0063962 0.0118885 0.002 
v 0.00631063 0.0119616 0.002 
v 0.00563039 0.0124739 0.002 
v 0.00563839 0.0124681 0.002 
v 0.00589036 0.0122864 0.002 
v 0.00531283 0.0126845 0.002 
v 0.00539042 0.012633 0.002 
v 0.00515124 0.012783 0.002 
v 0.00499455 0.0128785 0.002 
v 0.00297672 0.0137427 0.002 
v 0.00313563 0.0136934 0.002 
v 0.00263249 0.0138345 0.002 
v 0.00287859 0.0137689 0.002 
v -0.00983313 0.000310365 0.002 
v -0.00983624 0.000664419 0.002 
v -0.00979462 -0.000785876 0.002 
v -0.00982174 -0.000239553 0.002 
v -0.00791694 -0.00739318 0.002 
v -0.00465445 -0.0112898 0.002 
v -0.0048629 -0.0111244 0.002 
v -0.00431184 -0.0115394 0.002 
v -0.00436076 -0.0115038 0.002 
v -0.00386685 -0.0118308 0.002 
v -0.00165957 -0.0128242 0.002 
v 0.0111862 0.00107517 0.002 
v 0.0111467 0.00179913 0.002 
v 0.0111606 0.00154399 0.002 
v 0.00939658 0.00807952 0.002 
v 0.00466847 0.0130596 0.002 
v 0.00490862 0.0129262 0.002 
v 0.00339299 0.0136102 0.002 
v 0.00365016 0.0135187 0.002 
v 0.00331831 0.0136367 0.002 
v 0.00236613 0.013894 0.002 
v 0.00262222 0.0138368 0.002 
v -0.00982972 -7.86775e-05 0.002 
v -0.00979375 -0.000803528 0.002 
v -0.00974626 -0.00132654 0.002 
v -0.00461323 -0.0113198 0.002 
v -0.00362593 -0.0119767 0.002 
v -0.00185781 -0.0127616 0.002 
v -0.00200092 -0.0127165 0.002 
v -0.00131433 -0.012918 0.002 
v -0.00134366 -0.01291 0.002 
v -0.000973868 -0.0129958 0.002 
v 0.0110792 0.00250584 0.002 
v 0.011119 0.00208858 0.002 
v 0.0110626 0.00262641 0.002 
v 0.0061433 0.0120931 0.002 
v 0.00597394 0.0122261 0.002 
v 0.00229302 0.0139104 0.002 
v -0.00972931 -0.00151331 0.002 
v -0.00338087 -0.0121144 0.002 
v -0.0033484 -0.0121326 0.002 
v -0.00108697 -0.0129699 0.002 
v 0.0109902 0.0031546 0.002 
v 0.0109842 0.00319808 0.002 
v 0.00441241 0.0131884 0.002 
v 0.0046627 0.0130625 0.002 
v 0.0043387 0.0132254 0.002 
v 0.00211136 0.0139432 0.002 
v -0.0019625 0.0136336 0.002 
v -0.00178958 0.0136912 0.002 
v -0.00982968 0.000866884 0.002 
v -0.00981183 0.00141792 0.002 
v -0.00968335 -0.00186045 0.002 
v -0.00963698 -0.0022107 0.002 
v -0.00313187 -0.0122428 0.002 
v -0.00211501 -0.0126752 0.002 
v -0.000831481 -0.0130222 0.002 
v 0.000679694 -0.0131665 0.002 
v 0.00195711 0.0139711 0.002 
v -0.00170134 0.0137166 0.002 
v -0.00144006 0.0137917 0.002 
v -0.00213765 0.0135753 0.002 
v -0.0022232 0.0135428 0.002 
v -0.00248037 0.0134451 0.002 
v -0.00273989 0.013334 0.002 
v -0.00248298 0.013444 0.002 
v -0.0028189 0.0133002 0.002 
v -0.0096063 -0.00238646 0.002 
v -0.00301949 -0.0123 0.002 
v -0.00288048 -0.0123637 0.002 
v -0.00234676 -0.0125915 0.002 
v -0.00063698 -0.0130583 0.002 
v -0.000577408 -0.0130669 0.002 
v 0.000421361 -0.0131614 0.002 
v 0.000363814 -0.0131603 0.002 
v 0.0032448 -0.0127539 0.002 
v 0.0108995 0.0036703 0.002 
v 0.00185819 0.0139848 0.002 
v 0.00162361 0.0140173 0.002 
v 0.00160679 0.014019 0.002 
v 0.0013571 0.0140432 0.002 
v 0.00110962 0.0140596 0.002 
v 0.00129135 0.0140495 0.002 
v -0.00348762 0.0129627 0.002 
v -0.00324674 0.0130906 0.002 
v -0.00375169 0.0128085 0.002 
v -0.00349592 0.0129579 0.002 
v -0.00951695 -0.00289823 0.002 
v -0.00268598 -0.0124528 0.002 
v -0.000302498 -0.0131064 0.002 
v -0.000324834 -0.0131032 0.002 
v -7.38854e-05 -0.0131296 0.002 
v 0.000919033 -0.0131613 0.002 
v 0.00298295 -0.012833 0.002 
v 0.0035493 -0.0126504 0.002 
v 0.00389114 -0.0125181 0.002 
v 0.00415984 0.0133063 0.002 
v 0.00400419 0.0133767 0.002 
v -0.00315434 0.0131397 0.002 
v -0.00379762 0.0127816 0.002 
v -0.00237197 -0.0125812 0.002 
v -0.00262715 -0.0124769 0.002 
v 3.07253e-05 -0.0131403 0.002 
v 0.000174895 -0.0131489 0.002 
v 0.000787337 -0.0131658 0.002 
v 0.00112165 -0.0131544 0.002 
v 0.00350573 -0.0126652 0.002 
v 0.0037651 -0.0125669 0.002 
v 0.00520305 -0.0118471 0.002 
v 0.00525987 -0.0118103 0.002 
v 0.00390559 0.0134164 0.002 
v 0.00366379 0.0135139 0.002 
v 0.00095879 0.0140679 0.002 
v 0.00086382 0.0140692 0.002 
v 0.000289315 0.0140631 0.002 
v 0.000366807 0.0140653 0.002 
v 0.000617775 0.0140723 0.002 
v -0.00299461 0.0132161 0.002 
v -0.00415563 0.0125524 0.002 
v -0.00401332 0.0126435 0.002 
v 0.00320193 -0.0127685 0.002 
v 0.00402295 -0.0124607 0.002 
v 0.00427879 -0.0123468 0.002 
v 0.00456277 -0.0122087 0.002 
v 0.00502866 -0.0119505 0.002 
v 0.00552167 -0.0116405 0.002 
v 0.000624433 0.0140725 0.002 
v -0.00450618 0.0123067 0.002 
v -0.00427737 0.0124671 0.002 
v 0.00117104 -0.0131507 0.002 
v 0.00284458 -0.0128737 0.002 
v 0.00489457 -0.0120299 0.002 
v 0.00556064 -0.0116153 0.002 
v 0.000113636 0.0140509 0.002 
v -0.00485185 0.0120421 0.002 
v -0.00480584 0.0120774 0.002 
v -0.00454253 0.0122789 0.002 
v -0.00506585 0.0118636 0.002 
v -0.00955767 0.00358904 0.002 
v -0.00945195 0.00410967 0.002 
v 0.00142536 -0.0131314 0.002 
v 0.0016816 -0.0131025 0.002 
v 0.00422859 -0.0123712 0.002 
v 0.00453149 -0.0122239 0.002 
v 0.00477997 -0.0120917 0.002 
v 0.00578359 -0.0114571 0.002 
v -4.69429e-05 0.0140397 0.002 
v -0.000385538 0.0140019 0.002 
v -0.000141659 0.0140292 0.002 
v -0.000657538 0.01396 0.002 
v -0.000398951 0.0139999 0.002 
v -0.00942187 0.0042578 0.002 
v -0.00933189 0.00462232 0.002 
v 0.00145749 -0.0131289 0.002 
v 0.00193967 -0.0130659 0.002 
v 0.00591192 -0.0113661 0.002 
v 0.00625796 -0.0110981 0.002 
v 0.00878279 -0.00822659 0.002 
v -0.00519358 0.011757 0.002 
v -0.00532219 0.0116402 0.002 
v -0.00684448 0.00997059 0.002 
v -0.00659825 0.0102861 0.002 
v -0.00749416 0.00902654 0.002 
v -0.00748867 0.00903491 0.002 
v -0.00925568 0.0049311 0.002 
v -0.009561 0.00357264 0.002 
v -0.00964344 0.0030569 0.002 
v -0.00977042 0.00197327 0.002 
v -0.00975682 0.00215574 0.002 
v 0.00179607 -0.013089 0.002 
v 0.00213865 -0.0130339 0.002 
v 0.00219937 -0.0130215 0.002 
v 0.00604684 -0.0112616 0.002 
v 0.00631104 -0.0110533 0.002 
v 0.00858143 -0.00853675 0.002 
v -0.000917367 0.0139116 0.002 
v -0.000727715 0.0139491 0.002 
v -0.00143113 0.0137943 0.002 
v -0.00117827 0.0138555 0.002 
v -0.00553228 0.0114493 0.002 
v -0.00708496 0.00963808 0.002 
v -0.00687199 0.00993534 0.002 
v -0.00717562 0.00951153 0.002 
v -0.00725306 0.00939362 0.002 
v -0.00771462 0.008658 0.002 
v -0.00967285 0.00287293 0.002 
v -0.00981147 0.00142275 0.002 
v 0.0024602 -0.0129682 0.002 
v 0.00657473 -0.0108308 0.002 
v 0.00834457 -0.0088722 0.002 
v 0.00827246 -0.00897403 0.002 
v 0.00888937 -0.00806243 0.002 
v -0.00107481 0.0138805 0.002 
v -0.00584291 0.011142 0.002 
v -0.00558191 0.0114002 0.002 
v -0.00779332 0.00852644 0.002 
v -0.00793461 0.008266 0.002 
v -0.00807684 0.00800384 0.002 
v -0.00971448 0.00251738 0.002 
v 0.00272131 -0.0129044 0.002 
v 0.00659972 -0.0108097 0.002 
v 0.00683625 -0.0105923 0.002 
v 0.00810503 -0.00919101 0.002 
v 0.00794069 -0.009404 0.002 
v 0.00857398 -0.00854824 0.002 
v 0.00945483 -0.00705937 0.002 
v 0.00923677 -0.00746627 0.002 
v -0.00653826 0.010363 0.002 
v -0.00814764 0.00785909 0.002 
v -0.00919951 0.00512338 0.002 
v -0.00905748 0.00560965 0.002 
v 0.0024866 -0.0129628 0.002 
v 0.00693808 -0.0104988 0.002 
v 0.00918762 -0.00755797 0.002 
v 0.00901179 -0.00785536 0.002 
v -0.00586878 0.0111164 0.002 
v -0.00609766 0.0108699 0.002 
v -0.00834487 0.00745588 0.002 
v -0.00854505 0.00699855 0.002 
v -0.00835387 0.00743531 0.002 
v 0.00709669 -0.0103401 0.002 
v 0.00760783 -0.00979916 0.002 
v 0.00735537 -0.0100741 0.002 
v 0.00966148 -0.00663448 0.002 
v -0.00634912 0.010585 0.002 
v -0.00872525 0.0065494 0.002 
v -0.00859728 0.00687925 0.002 
v 0.00727386 -0.0101629 0.002 
v 0.00946981 -0.00703142 0.002 
v 0.00985889 -0.00619551 0.002 
v 0.00998635 -0.00590027 0.002 
v 0.0107813 -0.00334419 0.002 
v 0.0106585 -0.00385271 0.002 
v 0.0110439 -0.0018803 0.002 
v 0.0109815 -0.00228315 0.002 
v -0.00620387 0.0107555 0.002 
v -0.00883368 0.00626995 0.002 
v 0.00786066 -0.00949902 0.002 
v 0.0097361 -0.00647995 0.002 
v 0.0107994 -0.00326927 0.002 
v 0.0109353 -0.00258194 0.002 
v 0.0108883 -0.00281965 0.002 
v -0.00905573 0.00561564 0.002 
v -0.00889586 0.00608674 0.002 
v 0.00761163 -0.00979466 0.002 
v 0.0102202 -0.00528844 0.002 
v 0.0100458 -0.00574475 0.002 
v 0.0106362 -0.00394496 0.002 
v 0.0111212 -0.00118935 0.002 
v 0.0110597 -0.00173837 0.002 
v 0.0103775 -0.00481705 0.002 
v 0.0105223 -0.00434257 0.002 
v 0.0111757 -0.000422135 0.002 
v 0.0111963 0.000331527 0.002 
v 0.0111847 -9.55684e-05 0.002 
v 0.0102213 -0.00528499 0.002 
v 0.0104403 -0.00462885 0.002 
v 0.0111243 -0.0011614 0.002 
v 0.0111606 -0.000640025 0.002 
v -9.87637e-05 0.0159704 -0.002 
v 5.53092e-08 0.0159709 -0.002 
v -0.000515428 0.0159582 -0.002 
v -0.000337775 0.0159634 -0.002 
v -0.000661018 0.015948 -0.002 
v -0.000946827 0.0159281 -0.002 
v -0.000986919 0.0159236 -0.002 
v -0.00137518 0.0158803 -0.002 
v -0.00131376 0.0158872 -0.002 
v -0.00180197 0.0158147 -0.002 
v -0.00164012 0.0158396 -0.002 
v -0.00196482 0.0157827 -0.002 
v -0.00222872 0.0157308 -0.002 
v -0.00228664 0.0157169 -0.002 
v -0.0026039 0.0156405 -0.002 
v -0.00266703 0.0156252 -0.002 
v -0.00310387 0.0155001 -0.002 
v -0.00291525 0.0155542 -0.002 
v -0.00322668 0.0154594 -0.002 
v -0.00353477 0.0153571 -0.002 
v -0.00354709 0.0153524 -0.002 
v -0.00386411 0.0152323 -0.002 
v -0.00396263 0.0151949 -0.002 
v -0.00417923 0.0151023 -0.002 
v -0.00438888 0.0150127 -0.002 
v -0.00449313 0.0149629 -0.002 
v -0.00480611 0.0148132 -0.002 
v -0.00481466 0.0148091 -0.002 
v -0.00511652 0.0146495 -0.002 
v -0.00521212 0.0145989 -0.002 
v -0.00561921 0.0143625 -0.002 
v -0.00542627 0.0144746 -0.002 
v -0.00573552 0.0142887 -0.002 
v -0.00605164 0.0140878 -0.002 
v -0.00605921 0.014083 -0.002 
v -0.00636475 0.0138705 -0.002 
v -0.00649141 0.0137824 -0.002 
v -0.00667773 0.0136409 -0.002 
v -0.00691711 0.0134591 -0.002 
v -0.00699043 0.0133984 -0.002 
v -0.00730123 0.0131411 -0.002 
v -0.00733747 0.0131111 -0.002 
v -0.00760835 0.0128668 -0.002 
v -0.0077536 0.0127359 -0.002 
v -0.00816655 0.0123305 -0.002 
v -0.00791384 0.0125786 -0.002 
v -0.00821744 0.0122761 -0.002 
v -0.008516 0.0119571 -0.002 
v -0.00857725 0.0118916 -0.002 
v -0.00880906 0.0116217 -0.002 
v -0.00898598 0.0114156 -0.002 
v -0.0093592 0.0109432 -0.002 
v -0.00909881 0.0112728 -0.002 
v -0.00938346 0.0109098 -0.002 
v -0.00966219 0.0105254 -0.002 
v -0.00976562 0.0103828 -0.002 
v -0.00993171 0.0101321 -0.002 
v -0.0101364 0.00982298 -0.002 
v -0.0104541 0.00929702 -0.002 
v -0.0101969 0.00972294 -0.002 
v -0.0104876 0.0092416 -0.002 
v -0.0107004 0.0088533 -0.002 
v -0.0108195 0.00863594 -0.002 
v -0.0109389 0.00839447 -0.002 
v -0.0111326 0.00800291 -0.002 
v -0.0113858 0.00743136 -0.002 
v -0.011169 0.00792082 -0.002 
v -0.0114268 0.00733893 -0.002 
v -0.0115887 0.00692723 -0.002 
v -0.0117018 0.00663969 -0.002 
v -0.0117805 0.00641127 -0.002 
v -0.0119608 0.00588772 -0.002 
v -0.0121218 0.00534671 -0.002 
v -0.0119617 0.00588501 -0.002 
v -0.0122703 0.00479784 -0.002 
v -0.0121873 0.00512656 -0.002 
v -0.0123786 0.00436897 -0.002 
v -0.012527 0.00365826 -0.002 
v -0.0124067 0.00423437 -0.002 
v -0.0126262 0.00307399 -0.002 
v -0.0125392 0.00359974 -0.002 
v -0.0127092 0.00248796 -0.002 
v -0.012669 0.00281595 -0.002 
v -0.0127673 0.00201443 -0.002 
v -0.0128255 0.00128963 -0.002 
v -0.012777 0.00189449 -0.002 
v -0.0128529 0.000679207 -0.002 
v -0.0128334 0.00119176 -0.002 
v -0.0128645 6.28892e-05 -0.002 
v -0.0128654 0.000349755 -0.002 
v -0.0128636 -0.00020287 -0.002 
v -0.0128482 -0.000813002 -0.002 
v -0.0128626 -0.000485344 -0.002 
v -0.0128163 -0.00142248 -0.002 
v -0.0128267 -0.00130078 -0.002 
v -0.0127641 -0.00203568 -0.002 
v -0.0126891 -0.00264813 -0.002 
v -0.0127587 -0.0020988 -0.002 
v -0.0125963 -0.00325605 -0.002 
v -0.0126594 -0.00288242 -0.002 
v -0.0124864 -0.00385557 -0.002 
v -0.012529 -0.00365451 -0.002 
v -0.0123674 -0.00441777 -0.002 
v -0.0122153 -0.00501405 -0.002 
v -0.012361 -0.00444317 -0.002 
v -0.0120568 -0.00556668 -0.002 
v -0.0121777 -0.0051618 -0.002 
v -0.0118872 -0.00610232 -0.002 
v -0.0119633 -0.00587999 -0.002 
v -0.0117221 -0.00658427 -0.002 
v -0.0115024 -0.0071496 -0.002 
v -0.0117048 -0.00662872 -0.002 
v -0.0112838 -0.00766248 -0.002 
v -0.0114606 -0.00725721 -0.002 
v -0.0110517 -0.0081647 -0.002 
v -0.0111792 -0.00790227 -0.002 
v -0.0108778 -0.0085225 -0.002 
v -0.0105563 -0.00912063 -0.002 
v -0.0108074 -0.00865346 -0.002 
v -0.0105528 -0.00912651 -0.002 
v -0.0102849 -0.00957912 -0.002 
v -0.0102139 -0.00969909 -0.002 
v -0.0100104 -0.0100128 -0.002 
v -0.00985573 -0.0102512 -0.002 
v -0.00973152 -0.0104271 -0.002 
v -0.00950084 -0.0107538 -0.002 
v -0.00945527 -0.0108132 -0.002 
v -0.0091642 -0.011193 -0.002 
v -0.00911901 -0.011252 -0.002 
v -0.00886284 -0.0115597 -0.002 
v -0.00873401 -0.0117145 -0.002 
v -0.00855804 -0.0119093 -0.002 
v -0.00834525 -0.0121448 -0.002 
v -0.00824958 -0.0122425 -0.002 
v -0.00795201 -0.0125462 -0.002 
v -0.00793721 -0.0125601 -0.002 
v -0.00761844 -0.01286 -0.002 
v -0.00755347 -0.0129211 -0.002 
v -0.0071487 -0.0132718 -0.002 
v -0.0072971 -0.0131432 -0.002 
v -0.006976 -0.0134095 -0.002 
v -0.00673667 -0.0136003 -0.002 
v -0.0066557 -0.0136595 -0.002 
v -0.00633478 -0.0138944 -0.002 
v -0.00631621 -0.013908 -0.002 
v -0.00588603 -0.0141964 -0.002 
v -0.00601054 -0.014113 -0.002 
v -0.00548537 -0.0144427 -0.002 
v -0.00568483 -0.0143201 -0.002 
v -0.00535578 -0.0145155 -0.002 
v -0.00506958 -0.0146765 -0.002 
v -0.00506188 -0.0146804 -0.002 
v -0.00465266 -0.0148892 -0.002 
v -0.00474434 -0.0148424 -0.002 
v -0.00423604 -0.0150806 -0.002 
v -0.00409519 -0.0151385 -0.002 
v -0.00442135 -0.0149955 -0.002 
v -0.00381842 -0.0152522 -0.002 
v -0.00376812 -0.0152705 -0.002 
v -0.00311865 -0.0154937 -0.002 
v -0.00344186 -0.0153891 -0.002 
v -0.00339845 -0.0154049 -0.002 
v -0.00280122 -0.0155866 -0.002 
v -0.00297816 -0.0155383 -0.002 
v -0.00248872 -0.0156691 -0.002 
v -0.00255356 -0.0156543 -0.002 
v -0.00216557 -0.0157433 -0.002 
v -0.00184104 -0.0158055 -0.002 
v -0.00212726 -0.0157521 -0.002 
v -0.00151602 -0.0158583 -0.002 
v -0.00170154 -0.0158315 -0.002 
v -0.00119072 -0.0159016 -0.002 
v -0.00127495 -0.015893 -0.002 
v -0.000865277 -0.0159348 -0.002 
v -0.0005398 -0.0159552 -0.002 
v -0.000846016 -0.0159368 -0.002 
v -0.000214865 -0.0159664 -0.002 
v -0.000411383 -0.0159629 -0.002 
v 0.000107561 -0.0159691 -0.002 
v 3.55297e-05 -0.0159708 -0.002 
v 0.000431663 -0.0159614 -0.002 
v 0.000756872 -0.0159422 -0.002 
v 0.000477212 -0.0159603 -0.002 
v 0.00107893 -0.0159144 -0.002 
v 0.00091174 -0.0159322 -0.002 
v 0.00139891 -0.0158779 -0.002 
v 0.00134069 -0.0158865 -0.002 
v 0.00171743 -0.0158306 -0.002 
v 0.00203533 -0.015772 -0.002 
v 0.00176556 -0.0158235 -0.002 
v 0.00235383 -0.0157039 -0.002 
v 0.00218782 -0.0157428 -0.002 
v 0.00267393 -0.0156259 -0.002 
v 0.00260892 -0.0156441 -0.002 
v 0.00299596 -0.0155361 -0.002 
v 0.0033083 -0.0154362 -0.002 
v 0.0030303 -0.0155265 -0.002 
v 0.0036201 -0.015327 -0.002 
v 0.00345344 -0.015389 -0.002 
v 0.00393633 -0.0152066 -0.002 
v 0.00387982 -0.0152304 -0.002 
v 0.00457259 -0.0149256 -0.002 
v 0.00425442 -0.0150728 -0.002 
v 0.00431102 -0.015049 -0.002 
v 0.00474821 -0.0148428 -0.002 
v 0.00489017 -0.0147686 -0.002 
v 0.00515816 -0.0146286 -0.002 
v 0.0052048 -0.0146017 -0.002 
v 0.00562135 -0.0143616 -0.002 
v 0.00551346 -0.0144238 -0.002 
v 0.00605975 -0.0140835 -0.002 
v 0.00582061 -0.0142352 -0.002 
v 0.00613443 -0.0140316 -0.002 
v 0.0064498 -0.0138126 -0.002 
v 0.00649033 -0.0137844 -0.002 
v 0.00691438 -0.0134628 -0.002 
v 0.00676396 -0.0135769 -0.002 
v 0.00707719 -0.0133282 -0.002 
v 0.00733307 -0.0131166 -0.002 
v 0.0073877 -0.0130674 -0.002 
v 0.00769149 -0.0127938 -0.002 
v 0.0077475 -0.0127434 -0.002 
v 0.0081587 -0.0123403 -0.002 
v 0.00798704 -0.0125086 -0.002 
v 0.00829178 -0.0121983 -0.002 
v 0.00856762 -0.0119039 -0.002 
v 0.00859106 -0.0118767 -0.002 
v 0.00888124 -0.0115392 -0.002 
v 0.00897454 -0.0114307 -0.002 
v 0.00916633 -0.0111883 -0.002 
v 0.00934609 -0.010961 -0.002 
v 0.00944655 -0.0108227 -0.002 
v 0.00973163 -0.01043 -0.002 
v 0.00975531 -0.0103974 -0.002 
v 0.010002 -0.0100253 -0.002 
v 0.0101286 -0.00983444 -0.002 
v 0.0102677 -0.00960439 -0.002 
v 0.0104816 -0.00925058 -0.002 
v 0.0105251 -0.00917129 -0.002 
v 0.0107708 -0.00872371 -0.002 
v 0.010815 -0.00864314 -0.002 
v 0.011004 -0.00826148 -0.002 
v 0.011129 -0.0080091 -0.002 
v 0.0114238 -0.00734497 -0.002 
v 0.011228 -0.00778613 -0.002 
v 0.0114426 -0.00729735 -0.002 
v 0.0116415 -0.0067926 -0.002 
v 0.011699 -0.00664658 -0.002 
v 0.0118278 -0.00627354 -0.002 
v 0.0119579 -0.00589672 -0.002 
v 0.0121673 -0.005195 -0.002 
v 0.0120043 -0.00574114 -0.002 
v 0.0121847 -0.00513637 -0.002 
v 0.0123104 -0.0046401 -0.002 
v 0.0124394 -0.00407895 -0.002 
v 0.0123763 -0.00438004 -0.002 
v 0.0125372 -0.00361206 -0.002 
v 0.0126513 -0.00292582 -0.002 
v 0.0125544 -0.00350847 -0.002 
v 0.0126673 -0.00282953 -0.002 
v 0.0127291 -0.00232855 -0.002 
v 0.0127904 -0.00172845 -0.002 
v 0.0127661 -0.00202928 -0.002 
v 0.0128326 -0.00120788 -0.002 
v 0.0128597 -0.000506453 -0.002 
v 0.0128359 -0.00112121 -0.002 
v 0.0128652 -0.00036484 -0.002 
v 0.0128641 1.78386e-05 -0.002 
v 0.0128629 0.000472991 -0.002 
v 0.0128557 0.000637371 -0.002 
v 0.012828 0.00127338 -0.002 
v 0.0128273 0.00129031 -0.002 
v 0.0127597 0.00208917 -0.002 
v 0.0127763 0.00189204 -0.002 
v 0.0126609 0.00287265 -0.002 
v 0.0127083 0.0024961 -0.002 
v 0.0126246 0.00308835 -0.002 
v 0.0125312 0.00364362 -0.002 
v 0.0125253 0.00367135 -0.002 
v 0.0123706 0.00440484 -0.002 
v 0.0124041 0.00424591 -0.002 
v 0.0121812 0.00514932 -0.002 
v 0.0122663 0.00481486 -0.002 
v 0.0119669 0.00586853 -0.002 
v 0.0121123 0.00538047 -0.002 
v 0.0119413 0.00594329 -0.002 
v 0.0117543 0.0064899 -0.002 
v 0.0117254 0.00657452 -0.002 
v 0.0114637 0.00724893 -0.002 
v 0.0115541 0.00701589 -0.002 
v 0.0111192 0.00802477 -0.002 
v 0.0113424 0.00752715 -0.002 
v 0.011182 0.00789523 -0.002 
v 0.0108839 0.00850953 -0.002 
v 0.0106315 0.00898021 -0.002 
v 0.0108805 0.00851652 -0.002 
v 0.0103706 0.00943386 -0.002 
v 0.0105588 0.00911552 -0.002 
v 0.0101022 0.00987082 -0.002 
v 0.0102164 0.00969469 -0.002 
v 0.00985804 0.0102476 -0.002 
v 0.00957262 0.0106523 -0.002 
v 0.00982586 0.0102933 -0.002 
v 0.00930566 0.0110086 -0.002 
v 0.0095057 0.0107472 -0.002 
v 0.00901354 0.0113789 -0.002 
v 0.00912379 0.0112463 -0.002 
v 0.00873901 0.0117092 -0.002 
v 0.00840301 0.0120817 -0.002 
v 0.00871254 0.0117385 -0.002 
v 0.00808923 0.012407 -0.002 
v 0.00835076 0.0121397 -0.002 
v 0.00795832 0.0125408 -0.002 
v 0.00777516 0.0127134 -0.002 
v 0.00756088 0.0129153 -0.002 
v 0.00715753 0.0132654 -0.002 
v 0.00746273 0.0130005 -0.002 
v 0.00714309 0.0132769 -0.002 
v 0.00681759 0.0135369 -0.002 
v 0.00674723 0.0135931 -0.002 
v 0.00649144 0.0137806 -0.002 
v 0.00632885 0.0138999 -0.002 
v 0.00616568 0.0140095 -0.002 
v 0.00590111 0.0141872 -0.002 
v 0.00584067 0.0142244 -0.002 
v 0.00551551 0.0144244 -0.002 
v 0.00549238 0.0144386 -0.002 
v 0.00519036 0.0146085 -0.002 
v 0.00506873 0.0146769 -0.002 
v 0.0048663 0.0147803 -0.002 
v 0.00464487 0.0148934 -0.002 
v 0.00454396 0.0149398 -0.002 
v 0.00422545 0.0150865 -0.002 
v 0.00422332 0.0150874 -0.002 
v 0.00390184 0.0152198 -0.002 
v 0.00380908 0.0152581 -0.002 
v 0.00339441 0.0154094 -0.002 
v 0.00358009 0.0153416 -0.002 
v 0.00325706 0.0154532 -0.002 
v 0.00298007 0.0155416 -0.002 
v 0.00293169 0.0155548 -0.002 
v 0.0026361 0.0156359 -0.002 
v 0.00256471 0.0156555 -0.002 
v 0.00214694 0.0157517 -0.002 
v 0.00231927 0.015712 -0.002 
v 0.00200524 0.0157782 -0.002 
v 0.00172532 0.0158306 -0.002 
v 0.00168411 0.0158365 -0.002 
v 0.00129834 0.0158922 -0.002 
v 0.00135785 0.0158836 -0.002 
v 0.000864393 0.0159364 -0.002 
v 0.00102892 0.0159197 -0.002 
v 0.00070021 0.0159462 -0.002 
v 0.000422005 0.0159628 -0.002 
v 0.000374193 0.0159638 -0.002 
v 7.55522e-05 0.0159695 -0.002 
v -0.00690926 0.0098834 -0.002 
v -0.00714923 0.00954783 -0.002 
v -0.00771956 0.00865143 -0.002 
v -0.00775913 0.00858587 -0.002 
v -0.00725743 0.0093879 -0.002 
v -0.00687539 0.00993078 -0.002 
v 0.00827167 -0.00897472 -0.002 
v 0.00827592 -0.00896871 -0.002 
v -0.00933541 0.0046186 -0.002 
v -0.00920428 0.00511304 -0.002 
v -0.00749221 0.009028 -0.002 
v -0.00746854 0.00906722 -0.002 
v -0.007186 0.00949641 -0.002 
v -0.00666356 0.0102032 -0.002 
v 0.00874015 -0.00829378 -0.002 
v 0.00886234 -0.00810631 -0.002 
v 0.0085823 -0.00853598 -0.002 
v 0.0085129 -0.008634 -0.002 
v -0.00918526 0.00518477 -0.002 
v -0.00656274 0.0103328 -0.002 
v 0.00896943 -0.00792701 -0.002 
v 0.00915615 -0.00761439 -0.002 
v 0.00802878 -0.00929014 -0.002 
v -0.00906032 0.00559001 -0.002 
v -0.00890022 0.00607288 -0.002 
v -0.00641598 0.0105067 -0.002 
v 0.01076 -0.00343243 -0.002 
v 0.0108727 -0.00291466 -0.002 
v 0.0107283 -0.00357828 -0.002 
v 0.0106343 -0.00393985 -0.002 
v 0.0105641 -0.00420976 -0.002 
v 0.0104956 -0.00443627 -0.002 
v 0.0103722 -0.00484392 -0.002 
v 0.00795909 -0.00938064 -0.002 
v -0.00935408 0.0045482 -0.002 
v -0.00898876 0.00582213 -0.002 
v -0.00877521 0.0064269 -0.002 
v -0.00854974 0.00699147 -0.002 
v -0.00873 0.00654011 -0.002 
v -0.00624764 0.010706 -0.002 
v -0.00616569 0.0107955 -0.002 
v -0.00565188 0.0113326 -0.002 
v 0.0103467 -0.00491729 -0.002 
v 0.0101851 -0.00538285 -0.002 
v 0.00777758 -0.00959768 -0.002 
v 0.00764416 -0.00975721 -0.002 
v 0.00732637 -0.0101074 -0.002 
v 0.00752378 -0.00988987 -0.002 
v 0.00701377 -0.010425 -0.002 
v 0.00726882 -0.0101659 -0.002 
v -0.00591185 0.011071 -0.002 
v -0.0059296 0.0110532 -0.002 
v -0.005608 0.0113768 -0.002 
v 0.0101625 -0.00544784 -0.002 
v -0.00945188 0.00410815 -0.002 
v -0.00950293 0.00387847 -0.002 
v -0.00854527 0.00700268 -0.002 
v -0.00835547 0.007427 -0.002 
v -0.00541754 0.0115534 -0.002 
v -0.00384922 0.012748 -0.002 
v 0.0100083 -0.00584002 -0.002 
v 0.0099359 -0.00602397 -0.002 
v 0.00981989 -0.00628695 -0.002 
v -0.00815131 0.00785021 -0.002 
v -0.007939 0.00825847 -0.002 
v -0.00528217 0.011679 -0.002 
v 0.0111551 -0.000761254 -0.002 
v 0.00969265 -0.00657537 -0.002 
v 0.00943281 -0.00710471 -0.002 
v 0.00962106 -0.0067212 -0.002 
v 0.00700515 -0.0104338 -0.002 
v 0.00675674 -0.0106664 -0.002 
v 0.00667982 -0.0107384 -0.002 
v 0.00545257 -0.0116858 -0.002 
v 0.0056711 -0.0115394 -0.002 
v -0.00982687 0.00107523 -0.002 
v -0.00982987 0.000856777 -0.002 
v -0.00978743 0.00179918 -0.002 
v -0.00980892 0.00140472 -0.002 
v -0.00971988 0.00250589 -0.002 
v -0.00971989 0.00250581 -0.002 
v -0.00829927 0.00755263 -0.002 
v -0.0051633 0.0117805 -0.002 
v -0.00490439 0.0119985 -0.002 
v -0.00427109 0.0124739 -0.002 
v -0.00411206 0.0125793 -0.002 
v -0.00363524 0.0128785 -0.002 
v -0.00183158 0.0136762 -0.002 
v -0.00156991 0.0137554 -0.002 
v 0.011189 -7.87051e-05 -0.002 
v 0.0111927 0.000344542 -0.002 
v 0.0111825 -0.000210229 -0.002 
v 0.00919495 -0.00754291 -0.002 
v 0.00941318 -0.00714088 -0.002 
v 0.00649608 -0.0108969 -0.002 
v 0.00634962 -0.0110233 -0.002 
v 0.00571533 -0.0115072 -0.002 
v 0.00597653 -0.0113169 -0.002 
v 0.00534804 -0.0117557 -0.002 
v 0.00503304 -0.0119498 -0.002 
v 0.00518825 -0.0118542 -0.002 
v 0.00317192 -0.0127759 -0.002 
v 0.00336022 -0.0127165 -0.002 
v 0.00267365 -0.012918 -0.002 
v 0.00291022 -0.0128537 -0.002 
v 0.00238721 -0.0129834 -0.002 
v 0.0026487 -0.0129237 -0.002 
v -0.00803729 0.00807953 -0.002 
v -0.00495133 0.0119616 -0.002 
v -0.00464174 0.0122048 -0.002 
v -0.00461464 0.0122261 -0.002 
v -0.00437649 0.0123979 -0.002 
v -0.00395353 0.0126844 -0.002 
v -0.00362051 0.0128867 -0.002 
v -0.00337356 0.0130239 -0.002 
v -0.00209299 0.0135891 -0.002 
v -0.00127312 0.0138345 -0.002 
v -0.00130807 0.0138252 -0.002 
v 0.011194 0.000497095 -0.002 
v 0.0111955 0.00066439 -0.002 
v 0.00623616 -0.0111133 -0.002 
v 0.00601371 -0.0112898 -0.002 
v 0.00470768 -0.0121326 -0.002 
v 0.00471328 -0.0121295 -0.002 
v 0.00301888 -0.0128242 -0.002 
v -0.00983707 0.000331588 -0.002 
v -0.00977242 0.00195624 -0.002 
v -0.00964534 0.00304938 -0.002 
v -0.00330915 0.0130596 -0.002 
v -0.00230445 0.0135139 -0.002 
v -0.00161736 0.0137427 -0.002 
v -0.0010465 0.0138851 -0.002 
v 0.011153 -0.000803555 -0.002 
v 0.0111072 -0.00130856 -0.002 
v 0.0110886 -0.00151334 -0.002 
v 0.00495912 -0.0119913 -0.002 
v 0.00212656 -0.0130342 -0.002 
v 0.0023332 -0.0129958 -0.002 
v -0.00195896 0.0136367 -0.002 
v -0.000933649 0.0139104 -0.002 
v 0.00352229 0.0135657 -0.002 
v 0.00383969 0.0134451 -0.002 
v 0.00377818 0.0134685 -0.002 
v 0.0110439 -0.00185081 -0.002 
v 0.00446234 -0.0122575 -0.002 
v 0.00343336 -0.0126901 -0.002 
v 0.00369401 -0.0125959 -0.002 
v 0.00199632 -0.0130584 -0.002 
v -0.00962494 0.00319813 -0.002 
v -0.00955567 0.00358436 -0.002 
v -0.00312281 0.0131533 -0.002 
v -0.000786041 0.013937 -0.002 
v -0.000264218 0.0140173 -0.002 
v -0.000269553 0.0140166 -0.002 
v 0.00326508 0.0136525 -0.002 
v 0.00314892 0.0136912 -0.002 
v 0.00349698 0.0135753 -0.002 
v 0.00478486 0.0129957 -0.002 
v 0.00453717 0.0131272 -0.002 
v 0.0111831 0.00104924 -0.002 
v 0.0111711 0.0014179 -0.002 
v 0.0109963 -0.00221073 -0.002 
v 0.0109656 -0.0023866 -0.002 
v 0.0042085 -0.0123781 -0.002 
v 0.00437877 -0.0123001 -0.002 
v 0.00160966 -0.0131117 -0.002 
v 0.00166185 -0.0131064 -0.002 
v 0.00135382 -0.0131377 -0.002 
v 0.000848696 -0.0131632 -0.002 
v 0.000995563 -0.0131603 -0.002 
v 0.000679694 -0.0131665 -0.002 
v -0.00211407 -0.0126762 -0.002 
v -0.00185731 -0.0127635 -0.002 
v -0.00297938 0.0132254 -0.002 
v -0.00286905 0.0132753 -0.002 
v -0.000597736 0.0139711 -0.002 
v -0.000526976 0.0139809 -0.002 
v -1.37909e-05 0.0140416 -0.002 
v 0.00403272 0.0133625 -0.002 
v 0.0108762 -0.00289826 -0.002 
v 0.00404527 -0.0124528 -0.002 
v 0.00186729 -0.0130769 -0.002 
v 0.000571988 -0.0131658 -0.002 
v 0.000237667 -0.0131544 -0.002 
v 0.000421466 -0.0131607 -0.002 
v -0.00237023 -0.0125807 -0.002 
v -0.00219005 -0.0126504 -0.002 
v -0.00261278 0.0133896 -0.002 
v 6.80498e-05 0.0140495 -0.002 
v 0.00279048 0.0137943 -0.002 
v 0.00300798 0.0137317 -0.002 
v 0.00417821 0.0133002 -0.002 
v 0.00484692 0.0129627 -0.002 
v 0.00502924 0.0128562 -0.002 
v 0.00551492 0.0125524 -0.002 
v 0.00551327 0.0125535 -0.002 
v 0.00370605 -0.0125916 -0.002 
v 0.00395222 -0.0124909 -0.002 
v 0.00132864 -0.0131403 -0.002 
v 0.00110003 -0.013154 -0.002 
v -0.00184268 -0.0127685 -0.002 
v -0.00159967 -0.01284 -0.002 
v -0.00253189 -0.0125181 -0.002 
v -0.00362329 -0.0119777 -0.002 
v -0.00353534 -0.0120299 -0.002 
v -0.00384382 -0.0118471 -0.002 
v -0.00410215 -0.0116796 -0.002 
v -0.00386475 -0.0118335 -0.002 
v -0.00264486 0.0133767 -0.002 
v -0.00235376 0.013494 -0.002 
v 0.000400616 0.0140679 -0.002 
v 0.000736567 0.0140724 -0.002 
v 0.000734963 0.0140725 -0.002 
v 0.00428585 0.0132487 -0.002 
v 0.00526998 0.0127093 -0.002 
v 0.00515692 0.0127817 -0.002 
v -7.37873e-05 -0.0131308 -0.002 
v 0.000175003 -0.0131497 -0.002 
v -0.00148533 -0.0128737 -0.002 
v -0.0042014 -0.0116152 -0.002 
v 0.00023964 0.014059 -0.002 
v 0.000490611 0.0140692 -0.002 
v 0.000982561 0.0140656 -0.002 
v 0.00451365 0.0131397 -0.002 
v 0.00576433 0.0123776 -0.002 
v 0.00586547 0.0123067 -0.002 
v -9.81861e-05 -0.0131289 -0.002 
v -0.00262552 -0.0124773 -0.002 
v -0.00286935 -0.0123711 -0.002 
v -0.00320353 -0.0122087 -0.002 
v -0.00313021 -0.0122443 -0.002 
v -0.00287952 -0.0123662 -0.002 
v -0.00337817 -0.0121146 -0.002 
v -0.00455269 -0.011366 -0.002 
v -0.00435218 -0.0115082 -0.002 
v 0.00107007 0.0140631 -0.002 
v 0.00173162 0.0140034 -0.002 
v 0.00621113 0.0120422 -0.002 
v 0.00601697 0.0121908 -0.002 
v -0.00057692 -0.0130664 -0.002 
v -0.000436779 -0.013089 -0.002 
v 0.00140632 0.0140397 -0.002 
v 0.00147996 0.0140315 -0.002 
v 0.00655286 0.011757 -0.002 
v 0.00652181 0.011783 -0.002 
v 0.00627023 0.0119929 -0.002 
v 0.0106711 0.00470372 -0.002 
v 0.0107907 0.00421082 -0.002 
v -0.00032442 -0.0131022 -0.002 
v -0.00460348 -0.0113267 -0.002 
v -0.00485446 -0.0111323 -0.002 
v -0.00748655 -0.00812948 -0.002 
v -0.00726859 -0.00846521 -0.002 
v 0.00123023 0.014052 -0.002 
v 0.0017449 0.0140019 -0.002 
v 0.00275134 0.0138037 -0.002 
v 0.010615 0.00493108 -0.002 
v 0.0107812 0.00425778 -0.002 
v 0.0109203 0.00357262 -0.002 
v 0.0108935 0.00370459 -0.002 
v 0.0111579 0.0015954 -0.002 
v 0.0111175 0.00213716 -0.002 
v -0.000779372 -0.0130339 -0.002 
v -0.00524049 -0.0108096 -0.002 
v -0.00704181 -0.00879236 -0.002 
v -0.00691323 -0.00897395 -0.002 
v -0.00721475 -0.00854815 -0.002 
v 0.00208707 0.0139491 -0.002 
v 0.00249479 0.0138658 -0.002 
v 0.00689155 0.0114493 -0.002 
v 0.00823127 0.00993535 -0.002 
v 0.00821137 0.00996085 -0.002 
v 0.0079763 0.0102621 -0.002 
v 0.00853491 0.00951154 -0.002 
v 0.00844064 0.00964312 -0.002 
v 0.00867211 0.00930264 -0.002 
v 0.00885344 0.00902656 -0.002 
v 0.0091526 0.00852645 -0.002 
v 0.00889549 0.00895626 -0.002 
v 0.0109817 0.00318853 -0.002 
v 0.0110321 0.00287291 -0.002 
v 0.0111161 0.00215572 -0.002 
v -0.00108661 -0.0129711 -0.002 
v -0.000831162 -0.0130233 -0.002 
v -0.00112733 -0.0129628 -0.002 
v -0.00489873 -0.011098 -0.002 
v -0.00510449 -0.0109244 -0.002 
v -0.00782837 -0.00755791 -0.002 
v -0.00770061 -0.007774 -0.002 
v 0.00198459 0.0139649 -0.002 
v 0.00243416 0.0138805 -0.002 
v 0.00676918 0.0115605 -0.002 
v 0.00789754 0.010363 -0.002 
v 0.00911098 0.00859602 -0.002 
v 0.00943612 0.00800385 -0.002 
v 0.00931869 0.0082203 -0.002 
v 0.0110563 0.00266658 -0.002 
v -0.0053548 -0.0107046 -0.002 
v -0.00658146 -0.00940393 -0.002 
v -0.0068127 -0.00910423 -0.002 
v -0.00753012 -0.00806237 -0.002 
v 0.00223903 0.0139191 -0.002 
v 0.00749652 0.0108273 -0.002 
v 0.00989987 0.00700875 -0.002 
v 0.00971647 0.00742775 -0.002 
v -0.00134269 -0.0129092 -0.002 
v -0.00557884 -0.0104987 -0.002 
v -0.00585213 -0.0102254 -0.002 
v -0.00560507 -0.0104725 -0.002 
v -0.00591463 -0.0101628 -0.002 
v 0.00722806 0.0111165 -0.002 
v 0.00725275 0.0110899 -0.002 
v 0.00952075 0.00783083 -0.002 
v 0.00970415 0.00745589 -0.002 
v 0.0105387 0.005192 -0.002 
v 0.010415 0.00561562 -0.002 
v -0.00791198 -0.00740191 -0.002 
v -0.00811056 -0.00703136 -0.002 
v -0.00811936 -0.00701313 -0.002 
v 0.0070131 0.0113291 -0.002 
v 0.00756314 0.0107555 -0.002 
v 0.007738 0.0105503 -0.002 
v 0.00995656 0.00687924 -0.002 
v 0.0100755 0.00657262 -0.002 
v -0.00837684 -0.00647988 -0.002 
v -0.00831608 -0.00660574 -0.002 
v -0.00850507 -0.00618285 -0.002 
v -0.00868592 -0.00574631 -0.002 
v -0.00928794 -0.00389944 -0.002 
v -0.00944012 -0.00326921 -0.002 
v -0.00940445 -0.00341692 -0.002 
v 0.010193 0.00626994 -0.002 
v 0.0103978 0.00566633 -0.002 
v -0.00609679 -0.00996444 -0.002 
v -0.0062486 -0.00979909 -0.002 
v -0.00633961 -0.00969104 -0.002 
v -0.00885731 -0.00529786 -0.002 
v -0.00927696 -0.0039449 -0.002 
v -0.00950982 -0.00291682 -0.002 
v -0.00968459 -0.00188024 -0.002 
v -0.00974608 -0.00133097 -0.002 
v 0.0102419 0.00612563 -0.002 
v -0.00658013 -0.00940551 -0.002 
v -0.00862709 -0.00590021 -0.002 
v -0.00886094 -0.00528838 -0.002 
v -0.00957606 -0.00258189 -0.002 
v -0.00960406 -0.00240086 -0.002 
v -0.00976507 -0.00116134 -0.002 
v -0.00982156 -0.000234824 -0.002 
v -0.00968557 -0.00187142 -0.002 
v -0.00979128 -0.00078408 -0.002 
v -0.00983655 0.000312752 -0.002 
v -0.00915492 -0.00437085 -0.002 
v -0.00908103 -0.00462878 -0.002 
v -0.00981644 -0.000422074 -0.002 
v -0.00901139 -0.00483746 -0.002 
v 0.000679694 -0.0124165 0.00125 
v 0.000352248 -0.0124094 0.00125 
v 0.000444915 -0.0124114 0.00125 
v 4.33491e-05 -0.0123895 0.00125 
v 0.000220867 -0.0124009 0.00125 
v -5.39789e-06 -0.0123843 0.00125 
v -0.000233555 -0.0123602 0.00125 
v -0.000263787 -0.012357 0.00125 
v -0.000569589 -0.0123117 0.00125 
v -0.000463342 -0.0123275 0.00125 
v -0.000874448 -0.0122538 0.00125 
v -0.000694761 -0.0122879 0.00125 
v -0.00092764 -0.0122414 0.00125 
v -0.00116145 -0.0121869 0.00125 
v -0.00117872 -0.0121828 0.00125 
v -0.00148273 -0.0120987 0.00125 
v -0.00139568 -0.0121228 0.00125 
v -0.00178676 -0.012001 0.00125 
v -0.00163037 -0.0120512 0.00125 
v -0.00186521 -0.0119722 0.00125 
v -0.00209104 -0.0118892 0.00125 
v -0.00209989 -0.0118856 0.00125 
v -0.00239576 -0.011763 0.00125 
v -0.00233289 -0.0117891 0.00125 
v -0.00270106 -0.0116217 0.00125 
v -0.00256472 -0.0116848 0.00125 
v -0.00300702 -0.0114647 0.00125 
v -0.0027951 -0.0115735 0.00125 
v -0.00302375 -0.0114553 0.00125 
v -0.00331366 -0.0112913 0.00125 
v -0.00324887 -0.0113279 0.00125 
v -0.00362092 -0.0111006 0.00125 
v -0.00347098 -0.0111937 0.00125 
v -0.00369158 -0.0110527 0.00125 
v -0.00392797 -0.0108924 0.00125 
v -0.00392866 -0.0108919 0.00125 
v -0.00423665 -0.0106643 0.00125 
v -0.00416068 -0.0107204 0.00125 
v -0.00454455 -0.0104168 0.00125 
v -0.00439233 -0.0105391 0.00125 
v -0.00462353 -0.0103479 0.00125 
v -0.00485191 -0.0101486 0.00125 
v -0.00485489 -0.0101458 0.00125 
v -0.00515817 -0.00985871 0.00125 
v -0.00508407 -0.00992885 0.00125 
v -0.00546261 -0.00954624 0.00125 
v -0.00531384 -0.00969893 0.00125 
v -0.00554094 -0.00945906 0.00125 
v -0.00576439 -0.00921033 0.00125 
v -0.00576685 -0.00920736 0.00125 
v -0.00606252 -0.00885018 0.00125 
v -0.00598945 -0.00893846 0.00125 
v -0.00636096 -0.00845809 0.00125 
v -0.00621068 -0.00865553 0.00125 
v -0.00642982 -0.00835951 0.00125 
v -0.006648 -0.00804717 0.00125 
v -0.00664919 -0.00804531 0.00125 
v -0.00692751 -0.00761029 0.00125 
v -0.00685608 -0.00772194 0.00125 
v -0.00719787 -0.00714735 0.00125 
v -0.00705849 -0.00738602 0.00125 
v -0.00725796 -0.00703413 0.00125 
v -0.0074532 -0.00666624 0.00125 
v -0.00745738 -0.00665837 0.00125 
v -0.00770425 -0.00614364 0.00125 
v -0.00763855 -0.00628064 0.00125 
v -0.00793664 -0.00560369 0.00125 
v -0.00781745 -0.00588062 0.00125 
v -0.00798885 -0.00546729 0.00125 
v -0.00815161 -0.0050421 0.00125 
v -0.00815267 -0.00503933 0.00125 
v -0.00835047 -0.0044516 0.00125 
v -0.00829882 -0.00460507 0.00125 
v -0.00843525 -0.00416079 0.00125 
v -0.00852823 -0.00384181 0.00125 
v -0.00856059 -0.00371102 0.00125 
v -0.00867637 -0.00324313 0.00125 
v -0.00868421 -0.00321146 0.00125 
v -0.00881677 -0.00256222 0.00125 
v -0.00877661 -0.00275889 0.00125 
v -0.0088648 -0.00226501 0.00125 
v -0.00892444 -0.00189589 0.00125 
v -0.0089404 -0.00176224 0.00125 
v -0.00900143 -0.0012514 0.00125 
v -0.00900586 -0.00121434 0.00125 
v -0.00904323 -0.000733479 0.00125 
v -0.00905986 -0.000519483 0.00125 
v -0.00907103 -0.000210498 0.00125 
v -0.0090854 0.000186823 0.00125 
v -0.00908472 0.00031628 0.00125 
v -0.00908194 0.00084966 0.00125 
v -0.00908168 0.000899008 0.00125 
v -0.00905914 0.00138185 0.00125 
v -0.00904882 0.00160299 0.00125 
v -0.00898756 0.0022965 0.00125 
v -0.00902179 0.00190896 0.00125 
v -0.00897017 0.00242989 0.00125 
v -0.00890288 0.00294617 0.00125 
v -0.00889875 0.00297792 0.00125 
v -0.00881643 0.00345416 0.00125 
v -0.00878336 0.00364545 0.00125 
v -0.00871716 0.00395188 0.00125 
v -0.00864255 0.00429723 0.00125 
v -0.0086049 0.00444198 0.00125 
v -0.00848037 0.00492075 0.00125 
v -0.00847759 0.00493141 0.00125 
v -0.00828996 0.00554619 0.00125 
v -0.00833978 0.00538293 0.00125 
v -0.00808124 0.00613983 0.00125 
v -0.00818738 0.00583795 0.00125 
v -0.00802578 0.00627871 0.00125 
v -0.00785502 0.00670622 0.00125 
v -0.0078532 0.00671078 0.00125 
v -0.00760766 0.00725764 0.00125 
v -0.00766966 0.00711957 0.00125 
v -0.00734655 0.00777928 0.00125 
v -0.0074752 0.00752226 0.00125 
v -0.00727475 0.00790875 0.00125 
v -0.00707179 0.00827479 0.00125 
v -0.00706807 0.00828088 0.00125 
v -0.00685139 0.00863547 0.00125 
v -0.00678533 0.00874357 0.00125 
v -0.00663015 0.00897491 0.00125 
v -0.00648903 0.00918529 0.00125 
v -0.00647338 0.00920672 0.00125 
v -0.00624547 0.00951894 0.00125 
v -0.00622351 0.00954902 0.00125 
v -0.00591399 0.0099395 0.00125 
v -0.00601286 0.00981477 0.00125 
v -0.00559895 0.010304 0.00125 
v -0.00577916 0.0100955 0.00125 
v -0.00554371 0.0103627 0.00125 
v -0.00530466 0.0106167 0.00125 
v -0.00528023 0.0106426 0.00125 
v -0.00495905 0.010956 0.00125 
v -0.0050603 0.0108572 0.00125 
v -0.00481889 0.0110816 0.00125 
v -0.00463643 0.0112451 0.00125 
v -0.00458119 0.0112905 0.00125 
v -0.00433963 0.0114891 0.00125 
v -0.00431323 0.0115108 0.00125 
v -0.00399015 0.0117542 0.00125 
v -0.0040949 0.0116753 0.00125 
v -0.00385023 0.0118505 0.00125 
v -0.00366772 0.0119762 0.00125 
v -0.00360677 0.0120145 0.00125 
v -0.00336507 0.0121662 0.00125 
v -0.00334635 0.012178 0.00125 
v -0.0030263 0.0123605 0.00125 
v -0.00312861 0.0123022 0.00125 
v -0.00270773 0.0125247 0.00125 
v -0.00290028 0.0124254 0.00125 
v -0.00266965 0.0125423 0.00125 
v -0.00243616 0.0126504 0.00125 
v -0.00239072 0.0126714 0.00125 
v -0.00220048 0.0127499 0.00125 
v -0.00207523 0.0128016 0.00125 
v -0.00176115 0.0129159 0.00125 
v -0.0019637 0.0128422 0.00125 
v -0.00172614 0.012927 0.00125 
v -0.00148775 0.0130026 0.00125 
v -0.00144834 0.0130151 0.00125 
v -0.00113658 0.0130996 0.00125 
v -0.00124894 0.0130691 0.00125 
v -0.0010106 0.0131282 0.00125 
v -0.000825583 0.0131701 0.00125 
v -0.000773043 0.0131797 0.00125 
v -0.00053646 0.013223 0.00125 
v -0.000515059 0.0132269 0.00125 
v -0.000204662 0.0132704 0.00125 
v -0.000300837 0.0132569 0.00125 
v -6.69246e-05 0.0132839 0.00125 
v 0.000105985 0.0133008 0.00125 
v 0.000165148 0.0133041 0.00125 
v 0.000395319 0.0133169 0.00125 
v 0.000417287 0.0133181 0.00125 
v 0.000679694 0.0133227 0.00125 
v 0.000623441 0.0133217 0.00125 
v 0.000991024 0.0133163 0.00125 
v 0.000847029 0.0133192 0.00125 
v 0.00107047 0.0133113 0.00125 
v 0.00129552 0.0132973 0.00125 
v 0.00130002 0.013297 0.00125 
v 0.00160722 0.0132652 0.00125 
v 0.0015224 0.013274 0.00125 
v 0.0017512 0.0132442 0.00125 
v 0.00191307 0.0132206 0.00125 
v 0.0019818 0.0132077 0.00125 
v 0.00221391 0.013164 0.00125 
v 0.00221796 0.0131633 0.00125 
v 0.00252225 0.013093 0.00125 
v 0.00244686 0.0131104 0.00125 
v 0.00282625 0.0130096 0.00125 
v 0.00268079 0.0130495 0.00125 
v 0.00291543 0.0129811 0.00125 
v 0.00313026 0.0129126 0.00125 
v 0.00315047 0.0129052 0.00125 
v 0.00343451 0.0128016 0.00125 
v 0.00338472 0.0128198 0.00125 
v 0.0037392 0.0126762 0.00125 
v 0.00361827 0.0127259 0.00125 
v 0.00404446 0.0125357 0.00125 
v 0.00385094 0.0126247 0.00125 
v 0.0040824 0.0125163 0.00125 
v 0.00435038 0.0123795 0.00125 
v 0.00431148 0.0123994 0.00125 
v 0.00465698 0.0122069 0.00125 
v 0.00453764 0.0122741 0.00125 
v 0.00476133 0.0121425 0.00125 
v 0.00496421 0.0120172 0.00125 
v 0.00498252 0.0120048 0.00125 
v 0.00521063 0.0118508 0.00125 
v 0.00527192 0.0118094 0.00125 
v 0.0055799 0.0115828 0.00125 
v 0.005444 0.0116828 0.00125 
v 0.0056787 0.0115037 0.00125 
v 0.00588781 0.0113364 0.00125 
v 0.00591373 0.0113139 0.00125 
v 0.00614622 0.0111119 0.00125 
v 0.00619521 0.0110693 0.00125 
v 0.00650154 0.0107806 0.00125 
v 0.00637541 0.0108994 0.00125 
v 0.00660101 0.0106789 0.00125 
v 0.00680609 0.0104693 0.00125 
v 0.00682539 0.0104479 0.00125 
v 0.0070546 0.0101938 0.00125 
v 0.00710804 0.0101346 0.00125 
v 0.00740638 0.00977574 0.00125 
v 0.00727938 0.00992851 0.00125 
v 0.00750132 0.00965154 0.00125 
v 0.00770529 0.00938473 0.00125 
v 0.00772135 0.00936185 0.00125 
v 0.00793635 0.0090554 0.00125 
v 0.00799267 0.00897513 0.00125 
v 0.00806414 0.00886394 0.00125 
v 0.00827262 0.00853958 0.00125 
v 0.00827547 0.00853473 0.00125 
v 0.00847669 0.00819182 0.00125 
v 0.00854349 0.00807798 0.00125 
v 0.00867287 0.00783542 0.00125 
v 0.0088036 0.00759033 0.00125 
v 0.00886377 0.00746556 0.00125 
v 0.00904865 0.00708213 0.00125 
v 0.00905117 0.00707691 0.00125 
v 0.0092218 0.00668271 0.00125 
v 0.00928435 0.00653823 0.00125 
v 0.00938796 0.00626923 0.00125 
v 0.00950126 0.00597509 0.00125 
v 0.00954575 0.0058438 0.00125 
v 0.00969454 0.00540477 0.00125 
v 0.00970005 0.00538852 0.00125 
v 0.00982914 0.00494913 0.00125 
v 0.00987888 0.00477982 0.00125 
v 0.00995449 0.00447701 0.00125 
v 0.010036 0.00415047 0.00125 
v 0.0100646 0.00401217 0.00125 
v 0.0101635 0.00353263 0.00125 
v 0.0101698 0.00350214 0.00125 
v 0.0102457 0.0030389 0.00125 
v 0.0102788 0.00283663 0.00125 
v 0.0103156 0.00253387 0.00125 
v 0.0103616 0.0021558 0.00125 
v 0.0103725 0.00201956 0.00125 
v 0.0104141 0.00149823 0.00125 
v 0.010417 0.00146156 0.00125 
v 0.0104358 0.00097266 0.00125 
v 0.0104441 0.000755776 0.00125 
v 0.0104441 0.000150303 0.00125 
v 0.0104441 0.000454087 0.00125 
v 0.0104355 -7.25742e-05 0.00125 
v 0.010417 -0.000555603 0.00125 
v 0.010414 -0.000594189 0.00125 
v 0.010372 -0.00111973 0.00125 
v 0.0103614 -0.00125133 0.00125 
v 0.0102781 -0.00193532 0.00125 
v 0.0103135 -0.0016451 0.00125 
v 0.0102402 -0.00216632 0.00125 
v 0.010168 -0.00260578 0.00125 
v 0.0101527 -0.00267951 0.00125 
v 0.0100489 -0.00318036 0.00125 
v 0.0100322 -0.00326088 0.00125 
v 0.00987205 -0.00389876 0.00125 
v 0.00993061 -0.00366557 0.00125 
v 0.00980257 -0.00413346 0.00125 
v 0.00968887 -0.00451758 0.00125 
v 0.0096654 -0.00458618 0.00125 
v 0.00948428 -0.00511562 0.00125 
v 0.00951328 -0.00503083 0.00125 
v 0.00925999 -0.00569127 0.00125 
v 0.00934677 -0.00546854 0.00125 
v 0.00916957 -0.00589732 0.00125 
v 0.00901783 -0.00624309 0.00125 
v 0.00898279 -0.00631461 0.00125 
v 0.00878555 -0.00671713 0.00125 
v 0.0087597 -0.0067699 0.00125 
v 0.00848754 -0.00727074 0.00125 
v 0.00857883 -0.00710274 0.00125 
v 0.00820329 -0.00774495 0.00125 
v 0.0083671 -0.00747167 0.00125 
v 0.0081517 -0.0078233 0.00125 
v 0.00795969 -0.0081149 0.00125 
v 0.00790883 -0.00819215 0.00125 
v 0.00760597 -0.00861222 0.00125 
v 0.00773651 -0.00843116 0.00125 
v 0.00751358 -0.00873314 0.00125 
v 0.00751284 -0.00873411 0.00125 
v 0.00720424 -0.00911592 0.00125 
v 0.00728135 -0.00902052 0.00125 
v 0.00704564 -0.00929601 0.00125 
v 0.00688831 -0.00947466 0.00125 
v 0.00656895 -0.00980763 0.00125 
v 0.00680733 -0.00955909 0.00125 
v 0.00656713 -0.00980938 0.00125 
v 0.00632276 -0.0100434 0.00125 
v 0.00624736 -0.0101156 0.00125 
v 0.00607816 -0.0102644 0.00125 
v 0.00592455 -0.0103994 0.00125 
v 0.00560132 -0.0106601 0.00125 
v 0.00583392 -0.0104725 0.00125 
v 0.00559041 -0.0106682 0.00125 
v 0.00534591 -0.0108488 0.00125 
v 0.00527834 -0.0108987 0.00125 
v 0.00510271 -0.0110173 0.00125 
v 0.00495612 -0.0111162 0.00125 
v 0.00464891 -0.0113051 0.00125 
v 0.00486131 -0.0111745 0.00125 
v 0.00463502 -0.0113136 0.00125 
v 0.00441935 -0.011434 0.00125 
v 0.0041907 -0.0115548 0.00125 
v 0.00431529 -0.011492 0.00125 
v 0.00399707 -0.0116523 0.00125 
v 0.00372582 -0.0117748 0.00125 
v 0.00395969 -0.0116692 0.00125 
v 0.00348978 -0.0118719 0.00125 
v 0.0036804 -0.0117953 0.00125 
v 0.00325266 -0.0119617 0.00125 
v 0.00336524 -0.0119219 0.00125 
v 0.00305147 -0.0120328 0.00125 
v 0.00277629 -0.0121173 0.00125 
v 0.00301482 -0.0120441 0.00125 
v 0.00253741 -0.0121814 0.00125 
v 0.00273891 -0.0121287 0.00125 
v 0.00229915 -0.012238 0.00125 
v 0.00242735 -0.0122102 0.00125 
v 0.00211649 -0.0122776 0.00125 
v 0.00182561 -0.0123281 0.00125 
v 0.0020618 -0.0122871 0.00125 
v 0.00180604 -0.0123315 0.00125 
v 0.00159056 -0.0123596 0.00125 
v 0.00149563 -0.012372 0.00125 
v 0.00135741 -0.0123843 0.00125 
v 0.00118488 -0.0123995 0.00125 
v 0.000897255 -0.0124129 0.00125 
v 0.00112629 -0.0124022 0.00125 
v 0.00087339 -0.012414 0.00125 
v 0.000833317 -0.0124145 -0.00125 
v 0.00087339 -0.012414 -0.00125 
v 0.00106175 -0.0124053 -0.00125 
v 0.00118488 -0.0123995 -0.00125 
v 0.00149563 -0.012372 -0.00125 
v 0.00129239 -0.01239 -0.00125 
v 0.00175964 -0.0123375 -0.00125 
v 0.00152519 -0.0123682 -0.00125 
v 0.00180604 -0.0123315 -0.00125 
v 0.00199557 -0.0122986 -0.00125 
v 0.00211649 -0.0122776 -0.00125 
v 0.00242735 -0.0122102 -0.00125 
v 0.00223286 -0.0122524 -0.00125 
v 0.00270992 -0.0121363 -0.00125 
v 0.00247123 -0.0121987 -0.00125 
v 0.00273891 -0.0121287 -0.00125 
v 0.00294847 -0.0120644 -0.00125 
v 0.00305147 -0.0120328 -0.00125 
v 0.00336524 -0.0119219 -0.00125 
v 0.00318685 -0.011985 -0.00125 
v 0.00366129 -0.011803 -0.00125 
v 0.00342471 -0.011898 -0.00125 
v 0.0036804 -0.0117953 -0.00125 
v 0.00389545 -0.0116982 -0.00125 
v 0.00399707 -0.0116523 -0.00125 
v 0.00431529 -0.011492 -0.00125 
v 0.00412771 -0.0115865 -0.00125 
v 0.00458439 -0.0113419 -0.00125 
v 0.00435783 -0.0114683 -0.00125 
v 0.00463502 -0.0113136 -0.00125 
v 0.00495612 -0.0111162 -0.00125 
v 0.00479528 -0.0112151 -0.00125 
v 0.00527834 -0.0108987 -0.00125 
v 0.00503944 -0.01106 -0.00125 
v 0.00552356 -0.0107176 -0.00125 
v 0.00560132 -0.0106601 -0.00125 
v 0.0052828 -0.0108954 -0.00125 
v 0.00592455 -0.0103994 -0.00125 
v 0.00576438 -0.0105286 -0.00125 
v 0.00624736 -0.0101156 -0.00125 
v 0.0060061 -0.0103277 -0.00125 
v 0.0064869 -0.00988621 -0.00125 
v 0.00656895 -0.00980763 -0.00125 
v 0.00624938 -0.0101137 -0.00125 
v 0.00672551 -0.0096444 -0.00125 
v 0.00688831 -0.00947466 -0.00125 
v 0.00720424 -0.00911592 -0.00125 
v 0.00696533 -0.0093872 -0.00125 
v 0.00743966 -0.00882465 -0.00125 
v 0.00720518 -0.00911476 -0.00125 
v 0.00751284 -0.00873411 -0.00125 
v 0.00760597 -0.00861222 -0.00125 
v 0.00789728 -0.00820816 -0.00125 
v 0.00767127 -0.00852165 -0.00125 
v 0.00790883 -0.00819215 -0.00125 
v 0.00820329 -0.00774495 -0.00125 
v 0.00811036 -0.00788609 -0.00125 
v 0.00848754 -0.00727074 -0.00125 
v 0.0083266 -0.00753923 -0.00125 
v 0.00874628 -0.00679459 -0.00125 
v 0.00853934 -0.00717542 -0.00125 
v 0.0087597 -0.0067699 -0.00125 
v 0.00894281 -0.00639619 -0.00125 
v 0.00901783 -0.00624309 -0.00125 
v 0.00925999 -0.00569127 -0.00125 
v 0.00913159 -0.00598385 -0.00125 
v 0.00948428 -0.00511562 -0.00125 
v 0.00948074 -0.0051247 -0.00125 
v 0.00931139 -0.00555933 -0.00125 
v 0.00963307 -0.0046807 -0.00125 
v 0.00968887 -0.00451758 -0.00125 
v 0.00987205 -0.00389876 -0.00125 
v 0.00977618 -0.00422262 -0.00125 
v 0.0100322 -0.00326088 -0.00125 
v 0.0100312 -0.00326518 -0.00125 
v 0.00990958 -0.00374931 -0.00125 
v 0.0101341 -0.00276956 -0.00125 
v 0.010168 -0.00260578 -0.00125 
v 0.0102781 -0.00193532 -0.00125 
v 0.010224 -0.00226512 -0.00125 
v 0.0103614 -0.00125133 -0.00125 
v 0.0103003 -0.00175295 -0.00125 
v 0.0104047 -0.000709966 -0.00125 
v 0.010417 -0.000555603 -0.00125 
v 0.0103628 -0.00123424 -0.00125 
v 0.0104441 0.000150303 -0.00125 
v 0.0104313 -0.000182384 -0.00125 
v 0.0104441 0.000755776 -0.00125 
v 0.0104441 0.000495235 -0.00125 
v 0.0104441 0.000349041 -0.00125 
v 0.010417 0.00146156 -0.00125 
v 0.0104338 0.00102425 -0.00125 
v 0.0103616 0.0021558 -0.00125 
v 0.0103688 0.00206584 -0.00125 
v 0.0104102 0.00154739 -0.00125 
v 0.0102788 0.00283663 -0.00125 
v 0.0103109 0.00257244 -0.00125 
v 0.0101698 0.00350214 -0.00125 
v 0.0102403 0.00307173 -0.00125 
v 0.010036 0.00415047 -0.00125 
v 0.0100571 0.00404858 -0.00125 
v 0.0101568 0.00356523 -0.00125 
v 0.00987888 0.00477982 -0.00125 
v 0.0099439 0.00451943 -0.00125 
v 0.00970005 0.00538852 -0.00125 
v 0.00981843 0.00498558 -0.00125 
v 0.00950126 0.00597509 -0.00125 
v 0.00953506 0.00587536 -0.00125 
v 0.00968339 0.00543768 -0.00125 
v 0.00928435 0.00653823 -0.00125 
v 0.00937588 0.0063006 -0.00125 
v 0.00905117 0.00707691 -0.00125 
v 0.00920785 0.00671495 -0.00125 
v 0.0088036 0.00759033 -0.00125 
v 0.008849 0.00749618 -0.00125 
v 0.00903372 0.0071131 -0.00125 
v 0.00854349 0.00807798 -0.00125 
v 0.00865698 0.0078652 -0.00125 
v 0.00827262 0.00853958 -0.00125 
v 0.00845976 0.00822066 -0.00125 
v 0.00799267 0.00897513 -0.00125 
v 0.00804734 0.00889007 -0.00125 
v 0.00825788 0.00856251 -0.00125 
v 0.00782764 0.00921035 -0.00125 
v 0.00770529 0.00938473 -0.00125 
v 0.00761053 0.00950869 -0.00125 
v 0.00740638 0.00977574 -0.00125 
v 0.00716702 0.0100637 -0.00125 
v 0.00739155 0.00979358 -0.00125 
v 0.00710804 0.0101346 -0.00125 
v 0.00693904 0.0103219 -0.00125 
v 0.00680609 0.0104693 -0.00125 
v 0.00671036 0.0105671 -0.00125 
v 0.00650154 0.0107806 -0.00125 
v 0.00626032 0.0110079 -0.00125 
v 0.00648859 0.0107928 -0.00125 
v 0.00619521 0.0110693 -0.00125 
v 0.00602891 0.0112138 -0.00125 
v 0.00588781 0.0113364 -0.00125 
v 0.00579594 0.0114099 -0.00125 
v 0.0055799 0.0115828 -0.00125 
v 0.00527192 0.0118094 -0.00125 
v 0.00532794 0.0117682 -0.00125 
v 0.00556247 0.0115956 -0.00125 
v 0.00509457 0.0119292 -0.00125 
v 0.00496421 0.0120172 -0.00125 
v 0.00487105 0.0120747 -0.00125 
v 0.00465698 0.0122069 -0.00125 
v 0.00442385 0.0123381 -0.00125 
v 0.00464956 0.0122111 -0.00125 
v 0.00435038 0.0123795 -0.00125 
v 0.00419596 0.0124583 -0.00125 
v 0.00404446 0.0125357 -0.00125 
v 0.0039663 0.0125716 -0.00125 
v 0.0037392 0.0126762 -0.00125 
v 0.00343451 0.0128016 -0.00125 
v 0.0035018 0.0127739 -0.00125 
v 0.00373513 0.0126778 -0.00125 
v 0.00313026 0.0129126 -0.00125 
v 0.00326775 0.0128624 -0.00125 
v 0.00282625 0.0130096 -0.00125 
v 0.00303342 0.0129435 -0.00125 
v 0.00252225 0.013093 -0.00125 
v 0.00256481 0.0130813 -0.00125 
v 0.00279911 0.013017 -0.00125 
v 0.00233086 0.0131372 -0.00125 
v 0.00221796 0.0131633 -0.00125 
v 0.00191307 0.0132206 -0.00125 
v 0.00209798 0.0131858 -0.00125 
v 0.00163605 0.013261 -0.00125 
v 0.00186634 0.0132274 -0.00125 
v 0.00160722 0.0132652 -0.00125 
v 0.00140713 0.0132859 -0.00125 
v 0.00130002 0.013297 -0.00125 
v 0.000991024 0.0133163 -0.00125 
v 0.00118009 0.0133045 -0.00125 
v 0.000731354 0.0133216 -0.00125 
v 0.000954964 0.013317 -0.00125 
v 0.000679694 0.0133227 -0.00125 
v 0.000507839 0.0133197 -0.00125 
v 0.000417287 0.0133181 -0.00125 
v 0.000279729 0.0133105 -0.00125 
v 0.000105985 0.0133008 -0.00125 
v -0.000183214 0.0132725 -0.00125 
v 4.93028e-05 0.0132952 -0.00125 
v -0.000204662 0.0132704 -0.00125 
v -0.000417431 0.0132406 -0.00125 
v -0.000515059 0.0132269 -0.00125 
v -0.000825583 0.0131701 -0.00125 
v -0.000653326 0.0132016 -0.00125 
v -0.00113658 0.0130996 -0.00125 
v -0.00112903 0.0131013 -0.00125 
v -0.000890681 0.0131554 -0.00125 
v -0.00136756 0.013037 -0.00125 
v -0.00144834 0.0130151 -0.00125 
v -0.00176115 0.0129159 -0.00125 
v -0.00160637 0.012965 -0.00125 
v -0.00184511 0.0128853 -0.00125 
v -0.00207523 0.0128016 -0.00125 
v -0.00231956 0.0127008 -0.00125 
v -0.00208341 0.0127982 -0.00125 
v -0.00239072 0.0126714 -0.00125 
v -0.00255415 0.0125958 -0.00125 
v -0.00270773 0.0125247 -0.00125 
v -0.0030263 0.0123605 -0.00125 
v -0.00301736 0.0123651 -0.00125 
v -0.00278691 0.0124839 -0.00125 
v -0.00324334 0.0122367 -0.00125 
v -0.00334635 0.012178 -0.00125 
v -0.00366772 0.0119762 -0.00125 
v -0.00345467 0.01211 -0.00125 
v -0.00399015 0.0117542 -0.00125 
v -0.00394236 0.0117871 -0.00125 
v -0.00369806 0.0119553 -0.00125 
v -0.00431323 0.0115108 -0.00125 
v -0.00418655 0.0116062 -0.00125 
v -0.00463643 0.0112451 -0.00125 
v -0.00443017 0.0114147 -0.00125 
v -0.00495905 0.010956 -0.00125 
v -0.00490835 0.0110015 -0.00125 
v -0.00467188 0.0112133 -0.00125 
v -0.00528023 0.0106426 -0.00125 
v -0.00512529 0.0107938 -0.00125 
v -0.00559895 0.010304 -0.00125 
v -0.00536809 0.0105493 -0.00125 
v -0.00591399 0.0099395 -0.00125 
v -0.00584236 0.0100224 -0.00125 
v -0.00560802 0.0102935 -0.00125 
v -0.00622351 0.00954902 -0.00125 
v -0.00607448 0.00973703 -0.00125 
v -0.00648903 0.00918529 -0.00125 
v -0.00630577 0.00943633 -0.00125 
v -0.00678533 0.00874357 -0.00125 
v -0.00663392 0.00896928 -0.00125 
v -0.00653243 0.00912059 -0.00125 
v -0.00707179 0.00827479 -0.00125 
v -0.0068552 0.00862923 -0.00125 
v -0.00734655 0.00777928 -0.00125 
v -0.00727875 0.00790154 -0.00125 
v -0.00707207 0.00827428 -0.00125 
v -0.00760766 0.00725764 -0.00125 
v -0.00747927 0.00751413 -0.00125 
v -0.0078532 0.00671078 -0.00125 
v -0.00767287 0.00711242 -0.00125 
v -0.00808124 0.00613983 -0.00125 
v -0.00802944 0.00626955 -0.00125 
v -0.00785796 0.00669886 -0.00125 
v -0.00828996 0.00554619 -0.00125 
v -0.00819196 0.00582493 -0.00125 
v -0.00847759 0.00493141 -0.00125 
v -0.00834524 0.00536505 -0.00125 
v -0.00864255 0.00429723 -0.00125 
v -0.00860596 0.00443788 -0.00125 
v -0.00848308 0.00491032 -0.00125 
v -0.00878336 0.00364545 -0.00125 
v -0.00871745 0.00395055 -0.00125 
v -0.00889875 0.00297792 -0.00125 
v -0.00881711 0.00345018 -0.00125 
v -0.00898756 0.0022965 -0.00125 
v -0.00897166 0.00241845 -0.00125 
v -0.00890384 0.00293883 -0.00125 
v -0.00904882 0.00160299 -0.00125 
v -0.00902323 0.00189267 -0.00125 
v -0.00908168 0.000899008 -0.00125 
v -0.00905994 0.00136477 -0.00125 
v -0.0090854 0.000186823 -0.00125 
v -0.00908471 0.000318588 -0.00125 
v -0.00908199 0.000839924 -0.00125 
v -0.00905986 -0.000519483 -0.00125 
v -0.0090712 -0.000205932 -0.00125 
v -0.00900586 -0.00121434 -0.00125 
v -0.00904334 -0.000731987 -0.00125 
v -0.00892444 -0.00189589 -0.00125 
v -0.0089392 -0.00177231 -0.00125 
v -0.00900093 -0.00125563 -0.00125 
v -0.00881677 -0.00256222 -0.00125 
v -0.00886258 -0.00227873 -0.00125 
v -0.00868421 -0.00321146 -0.00125 
v -0.00877391 -0.00277213 -0.00125 
v -0.00852823 -0.00384181 -0.00125 
v -0.00856078 -0.00371025 -0.00125 
v -0.00867462 -0.00325021 -0.00125 
v -0.00835047 -0.0044516 -0.00125 
v -0.00843536 -0.00416039 -0.00125 
v -0.00815267 -0.00503933 -0.00125 
v -0.00829873 -0.00460534 -0.00125 
v -0.00793664 -0.00560369 -0.00125 
v -0.00798769 -0.00547033 -0.00125 
v -0.00815103 -0.00504359 -0.00125 
v -0.00770425 -0.00614364 -0.00125 
v -0.00781545 -0.00588528 -0.00125 
v -0.00745738 -0.00665837 -0.00125 
v -0.00763559 -0.0062868 -0.00125 
v -0.00719787 -0.00714735 -0.00125 
v -0.00725353 -0.00704248 -0.00125 
v -0.00744929 -0.00667361 -0.00125 
v -0.00692751 -0.00761029 -0.00125 
v -0.00705338 -0.00739476 -0.00125 
v -0.006648 -0.00804717 -0.00125 
v -0.00685053 -0.00773062 -0.00125 
v -0.00636096 -0.00845809 -0.00125 
v -0.00643169 -0.00835683 -0.00125 
v -0.00664672 -0.008049 -0.00125 
v -0.00606252 -0.00885018 -0.00125 
v -0.00621504 -0.0086498 -0.00125 
v -0.00576439 -0.00921033 -0.00125 
v -0.00577153 -0.00920172 -0.00125 
v -0.00599497 -0.00893178 -0.00125 
v -0.00546261 -0.00954624 -0.00125 
v -0.00554286 -0.00945692 -0.00125 
v -0.00515817 -0.00985871 -0.00125 
v -0.00531288 -0.00969992 -0.00125 
v -0.00508209 -0.00993072 -0.00125 
v -0.00485191 -0.0101486 -0.00125 
v -0.00454455 -0.0104168 -0.00125 
v -0.00461723 -0.0103534 -0.00125 
v -0.00485091 -0.0101495 -0.00125 
v -0.00423665 -0.0106643 -0.00125 
v -0.00438414 -0.0105457 -0.00125 
v -0.00392866 -0.0108919 -0.00125 
v -0.00415191 -0.0107269 -0.00125 
v -0.00362092 -0.0111006 -0.00125 
v -0.00368865 -0.0110547 -0.00125 
v -0.00392068 -0.0108973 -0.00125 
v -0.00331366 -0.0112913 -0.00125 
v -0.00346849 -0.0111952 -0.00125 
v -0.00300702 -0.0114647 -0.00125 
v -0.00302175 -0.0114564 -0.00125 
v -0.0032466 -0.0113292 -0.00125 
v -0.00270106 -0.0116217 -0.00125 
v -0.0027933 -0.0115744 -0.00125 
v -0.00239576 -0.011763 -0.00125 
v -0.0025631 -0.0116856 -0.00125 
v -0.00209104 -0.0118892 -0.00125 
v -0.00209863 -0.0118861 -0.00125 
v -0.00233145 -0.0117897 -0.00125 
v -0.00178676 -0.012001 -0.00125 
v -0.0018641 -0.0119726 -0.00125 
v -0.00148273 -0.0120987 -0.00125 
v -0.0016294 -0.0120515 -0.00125 
v -0.00117872 -0.0121828 -0.00125 
v -0.00139485 -0.012123 -0.00125 
v -0.000874448 -0.0122538 -0.00125 
v -0.000927053 -0.0122415 -0.00125 
v -0.00116075 -0.012187 -0.00125 
v -0.000569589 -0.0123117 -0.00125 
v -0.000694281 -0.012288 -0.00125 
v -0.000263787 -0.012357 -0.00125 
v -0.000462963 -0.0123275 -0.00125 
v 4.33491e-05 -0.0123895 -0.00125 
v -5.19155e-06 -0.0123844 -0.00125 
v -0.000233267 -0.0123602 -0.00125 
v 0.000352248 -0.0124094 -0.00125 
v 0.000220997 -0.0124009 -0.00125 
v 0.000679694 -0.0124165 -0.00125 
v 0.000444977 -0.0124114 -0.00125 
vn 0.00660178 0.999978 0 
vn 0 1 0 
vn 0.0164003 0.999866 0 
vn 0.0458529 0.998948 0 
vn 0.0356508 0.999364 0 
vn 0.00717904 0.999974 0 
vn 0.0475162 0.99887 0 
vn 0.0788608 0.996886 0 
vn 0.0668488 0.997763 0 
vn 0.0873856 0.996175 0 
vn 0.128837 0.991666 0 
vn 0.0983619 0.995151 0 
vn 0.110245 0.993904 0 
vn 0.0873856 0.996175 0 
vn 0.161132 0.986933 0 
vn 0.129891 0.991528 0 
vn 0.141482 0.989941 0 
vn 0.170133 0.985421 0 
vn 0.128837 0.991666 0 
vn 0.172396 0.985028 0 
vn 0.20282 0.979216 0 
vn 0.191806 0.981433 0 
vn 0.211197 0.977444 0 
vn 0.251952 0.96774 0 
vn 0.251578 0.967837 0 
vn 0.232598 0.972573 0 
vn 0.211197 0.977444 0 
vn 0.221657 0.975125 0 
vn 0.263278 0.96472 0 
vn 0.292323 0.95632 0 
vn 0.27932 0.960198 0 
vn 0.293803 0.955866 0 
vn 0.323848 0.946109 0 
vn 0.30963 0.950857 0 
vn 0.332232 0.943198 0 
vn 0.368713 0.929543 0 
vn 0.339407 0.940639 0 
vn 0.353409 0.935469 0 
vn 0.371603 0.928392 0 
vn 0.332232 0.943198 0 
vn 0.382491 0.923959 0 
vn 0.410359 0.911924 0 
vn 0.3976 0.917559 0 
vn 0.448425 0.89382 0 
vn 0.411103 0.911589 0 
vn 0.439248 0.898366 0 
vn 0.426127 0.904663 0 
vn 0.482239 0.87604 0 
vn 0.454355 0.890821 0 
vn 0.466926 0.884296 0 
vn 0.485726 0.874111 0 
vn 0.448425 0.89382 0 
vn 0.494661 0.869086 0 
vn 0.522123 0.85287 0 
vn 0.509678 0.860365 0 
vn 0.522188 0.85283 0 
vn 0.549059 0.835783 0 
vn 0.5367 0.843773 0 
vn 0.557738 0.830017 0 
vn 0.589249 0.807952 0 
vn 0.56323 0.8263 0 
vn 0.575442 0.817843 0 
vn 0.592305 0.805714 0 
vn 0.557738 0.830017 0 
vn 0.601247 0.799063 0 
vn 0.62582 0.779968 0 
vn 0.614728 0.78874 0 
vn 0.658216 0.752829 0 
vn 0.62645 0.779461 0 
vn 0.651015 0.759065 0 
vn 0.639635 0.768679 0 
vn 0.68677 0.726875 0 
vn 0.663727 0.747975 0 
vn 0.674914 0.737897 0 
vn 0.689431 0.724351 0 
vn 0.658216 0.752829 0 
vn 0.69811 0.71599 0 
vn 0.719402 0.694594 0 
vn 0.709417 0.704789 0 
vn 0.742255 0.670118 0 
vn 0.748073 0.663616 0 
vn 0.731534 0.681805 0 
vn 0.720571 0.693381 0 
vn 0.773434 0.633876 0 
vn 0.752932 0.658098 0 
vn 0.763125 0.646251 0 
vn 0.775376 0.6315 0 
vn 0.748073 0.663616 0 
vn 0.792876 0.609383 0 
vn 0.783142 0.621843 0 
vn 0.799801 0.600266 0 
vn 0.820448 0.57172 0 
vn 0.824352 0.566078 0 
vn 0.810184 0.586175 0 
vn 0.802332 0.596879 0 
vn 0.847414 0.530932 0 
vn 0.843731 0.536766 0 
vn 0.826313 0.563211 0 
vn 0.824352 0.566078 0 
vn 0.838081 0.545546 0 
vn 0.868951 0.494898 0 
vn 0.860254 0.509866 0 
vn 0.854906 0.518784 0 
vn 0.886036 0.463616 0 
vn 0.888929 0.458044 0 
vn 0.875953 0.482397 0 
vn 0.870899 0.491461 0 
vn 0.907319 0.420443 0 
vn 0.904683 0.426086 0 
vn 0.890816 0.454364 0 
vn 0.888929 0.458044 0 
vn 0.900286 0.435299 0 
vn 0.924096 0.382162 0 
vn 0.917607 0.397489 0 
vn 0.913621 0.406567 0 
vn 0.937448 0.348125 0 
vn 0.939237 0.34327 0 
vn 0.929624 0.368509 0 
vn 0.926016 0.377483 0 
vn 0.952724 0.303836 0 
vn 0.951085 0.308929 0 
vn 0.940758 0.339079 0 
vn 0.939237 0.34327 0 
vn 0.947894 0.318585 0 
vn 0.964542 0.263928 0 
vn 0.960495 0.278299 0 
vn 0.957399 0.288768 0 
vn 0.973692 0.22787 0 
vn 0.974679 0.22361 0 
vn 0.968798 0.247852 0 
vn 0.966015 0.258487 0 
vn 0.983122 0.18295 0 
vn 0.982315 0.187234 0 
vn 0.976052 0.217538 0 
vn 0.974679 0.22361 0 
vn 0.980366 0.197189 0 
vn 0.989865 0.142011 0 
vn 0.987625 0.156836 0 
vn 0.986038 0.166518 0 
vn 0.994568 0.10409 0 
vn 0.994901 0.100858 0 
vn 0.992002 0.126223 0 
vn 0.990803 0.135315 0 
vn 0.998225 0.0595559 0 
vn 0.997961 0.0638317 0 
vn 0.995452 0.0952652 0 
vn 0.994901 0.100858 0 
vn 0.997346 0.0728127 0 
vn 0.999835 0.0181668 0 
vn 0.999494 0.031819 0 
vn 0.99914 0.0414523 0 
vn 1 0.000889643 0 
vn 0.999941 0.0108359 0 
vn 0.999982 -0.00605655 0 
vn 0.998871 -0.0475056 0 
vn 0.999681 -0.0252571 0 
vn 0.999815 -0.0192478 0 
vn 0.996045 -0.0888517 0 
vn 0.996215 -0.0869291 0 
vn 0.996704 -0.0811185 0 
vn 0.998423 -0.0561445 0 
vn 0.998748 -0.0500272 0 
vn 0.991512 -0.130017 0 
vn 0.99306 -0.117606 0 
vn 0.993672 -0.112319 0 
vn 0.985284 -0.170924 0 
vn 0.988929 -0.14839 0 
vn 0.98966 -0.143436 0 
vn 0.977378 -0.211498 0 
vn 0.977976 -0.208717 0 
vn 0.978823 -0.204708 0 
vn 0.983901 -0.178714 0 
vn 0.984695 -0.174288 0 
vn 0.967814 -0.251666 0 
vn 0.971141 -0.238507 0 
vn 0.972103 -0.234555 0 
vn 0.956615 -0.291355 0 
vn 0.963352 -0.26824 0 
vn 0.964603 -0.263707 0 
vn 0.943807 -0.330497 0 
vn 0.944974 -0.327145 0 
vn 0.954601 -0.297888 0 
vn 0.956263 -0.292508 0 
vn 0.946951 -0.321378 0 
vn 0.929419 -0.369025 0 
vn 0.934499 -0.355965 0 
vn 0.936642 -0.350287 0 
vn 0.913483 -0.406877 0 
vn 0.923185 -0.384355 0 
vn 0.925364 -0.37908 0 
vn 0.896031 -0.443991 0 
vn 0.898047 -0.439899 0 
vn 0.900064 -0.435759 0 
vn 0.911036 -0.412328 0 
vn 0.913154 -0.407616 0 
vn 0.877099 -0.480309 0 
vn 0.884217 -0.467076 0 
vn 0.886148 -0.463403 0 
vn 0.856723 -0.515776 0 
vn 0.869533 -0.493876 0 
vn 0.871466 -0.490456 0 
vn 0.834941 -0.550339 0 
vn 0.837511 -0.546421 0 
vn 0.853973 -0.520318 0 
vn 0.856077 -0.516848 0 
vn 0.840044 -0.542518 0 
vn 0.811791 -0.583948 0 
vn 0.820325 -0.571898 0 
vn 0.823297 -0.567611 0 
vn 0.787302 -0.616568 0 
vn 0.802069 -0.597231 0 
vn 0.805507 -0.592587 0 
vn 0.763063 -0.646325 0 
vn 0.787155 -0.616756 0 
vn 0.768113 -0.640314 0 
vn 0.764494 -0.644631 0 
vn 0.783649 -0.621204 0 
vn 0.736121 -0.67685 0 
vn 0.744559 -0.667556 0 
vn 0.763063 -0.646325 0 
vn 0.748366 -0.663287 0 
vn 0.707973 -0.70624 0 
vn 0.723788 -0.690023 0 
vn 0.727885 -0.685699 0 
vn 0.678661 -0.734451 0 
vn 0.680579 -0.732675 0 
vn 0.68462 -0.7289 0 
vn 0.702108 -0.71207 0 
vn 0.706639 -0.707574 0 
vn 0.648231 -0.761444 0 
vn 0.658095 -0.752935 0 
vn 0.662026 -0.749481 0 
vn 0.616726 -0.787178 0 
vn 0.634733 -0.772731 0 
vn 0.63893 -0.769264 0 
vn 0.584195 -0.811613 0 
vn 0.58588 -0.810398 0 
vn 0.610616 -0.791927 0 
vn 0.615271 -0.788315 0 
vn 0.590982 -0.806685 0 
vn 0.550685 -0.834713 0 
vn 0.560667 -0.828041 0 
vn 0.565994 -0.824409 0 
vn 0.516244 -0.856442 0 
vn 0.535118 -0.844778 0 
vn 0.540222 -0.841522 0 
vn 0.480924 -0.876762 0 
vn 0.483423 -0.875387 0 
vn 0.509568 -0.86043 0 
vn 0.514618 -0.85742 0 
vn 0.488751 -0.872423 0 
vn 0.444777 -0.895642 0 
vn 0.456402 -0.889773 0 
vn 0.461915 -0.886924 0 
vn 0.407856 -0.913046 0 
vn 0.428667 -0.903462 0 
vn 0.434278 -0.900779 0 
vn 0.370216 -0.928946 0 
vn 0.371808 -0.92831 0 
vn 0.377384 -0.926057 0 
vn 0.400405 -0.916338 0 
vn 0.406032 -0.913859 0 
vn 0.331914 -0.94331 0 
vn 0.343068 -0.939311 0 
vn 0.348544 -0.937292 0 
vn 0.293009 -0.95611 0 
vn 0.314373 -0.9493 0 
vn 0.319713 -0.947515 0 
vn 0.253559 -0.96732 0 
vn 0.255138 -0.966905 0 
vn 0.285317 -0.958433 0 
vn 0.290947 -0.956739 0 
vn 0.261612 -0.965173 0 
vn 0.213626 -0.976916 0 
vn 0.224935 -0.974374 0 
vn 0.231714 -0.972784 0 
vn 0.173271 -0.984874 0 
vn 0.194677 -0.980867 0 
vn 0.201323 -0.979525 0 
vn 0.132559 -0.991175 0 
vn 0.133828 -0.991005 0 
vn 0.139654 -0.9902 0 
vn 0.164322 -0.986407 0 
vn 0.170584 -0.985343 0 
vn 0.0915542 -0.9958 0 
vn 0.10316 -0.994665 0 
vn 0.108689 -0.994076 0 
vn 0.0503225 -0.998733 0 
vn 0.0722791 -0.997384 0 
vn 0.077838 -0.996966 0 
vn 0.00891769 -0.99996 0 
vn 0.0102253 -0.999948 0 
vn 0.0411434 -0.999153 0 
vn 0.0472435 -0.998883 0 
vn 0.0163236 -0.999867 0 
vn -0.032525 -0.999471 0 
vn -0.0204592 -0.999791 0 
vn -0.0145819 -0.999894 0 
vn -0.0740677 -0.997253 0 
vn -0.051501 -0.998673 0 
vn -0.0457633 -0.998952 0 
vn -0.115554 -0.993301 0 
vn -0.113899 -0.993492 0 
vn -0.0826715 -0.996577 0 
vn -0.0768254 -0.997045 0 
vn -0.10779 -0.994174 0 
vn -0.156908 -0.987613 0 
vn -0.145103 -0.989417 0 
vn -0.138675 -0.990338 0 
vn -0.198054 -0.980191 0 
vn -0.176201 -0.984354 0 
vn -0.169509 -0.985529 0 
vn -0.238917 -0.97104 0 
vn -0.237767 -0.971322 0 
vn -0.231132 -0.972922 0 
vn -0.207116 -0.978316 0 
vn -0.200322 -0.97973 0 
vn -0.279419 -0.960169 0 
vn -0.267228 -0.963633 0 
vn -0.260787 -0.965396 0 
vn -0.319485 -0.947591 0 
vn -0.296881 -0.954915 0 
vn -0.290514 -0.956871 0 
vn -0.359037 -0.933323 0 
vn -0.320454 -0.947264 0 
vn -0.350407 -0.936598 0 
vn -0.35662 -0.93425 0 
vn -0.326754 -0.945109 0 
vn -0.397998 -0.917386 0 
vn -0.38623 -0.922403 0 
vn -0.359037 -0.933323 0 
vn -0.380152 -0.924924 0 
vn -0.436294 -0.899804 0 
vn -0.415339 -0.909667 0 
vn -0.40947 -0.912323 0 
vn -0.473849 -0.880606 0 
vn -0.471159 -0.882048 0 
vn -0.465961 -0.884805 0 
vn -0.443716 -0.896167 0 
vn -0.438143 -0.898906 0 
vn -0.510587 -0.859826 0 
vn -0.496292 -0.868156 0 
vn -0.493354 -0.869829 0 
vn -0.546437 -0.8375 0 
vn -0.523879 -0.851792 0 
vn -0.520555 -0.853828 0 
vn -0.581327 -0.81367 0 
vn -0.576731 -0.816934 0 
vn -0.573961 -0.818883 0 
vn -0.550663 -0.834727 0 
vn -0.547479 -0.836819 0 
vn -0.615187 -0.788381 0 
vn -0.602158 -0.798377 0 
vn -0.599824 -0.800132 0 
vn -0.64795 -0.761683 0 
vn -0.627023 -0.779001 0 
vn -0.624904 -0.780702 0 
vn -0.67955 -0.733629 0 
vn -0.675257 -0.737583 0 
vn -0.651402 -0.758733 0 
vn -0.649051 -0.760745 0 
vn -0.67301 -0.739633 0 
vn -0.709927 -0.704276 0 
vn -0.698429 -0.715679 0 
vn -0.696385 -0.717668 0 
vn -0.739021 -0.673683 0 
vn -0.720808 -0.693135 0 
vn -0.718815 -0.695202 0 
vn -0.766774 -0.641917 0 
vn -0.763293 -0.646052 0 
vn -0.74242 -0.669935 0 
vn -0.740371 -0.672198 0 
vn -0.761114 -0.648618 0 
vn -0.792781 -0.609506 0 
vn -0.78344 -0.621468 0 
vn -0.781097 -0.62441 0 
vn -0.817735 -0.575594 0 
vn -0.80256 -0.596572 0 
vn -0.800595 -0.599206 0 
vn -0.841212 -0.540706 0 
vn -0.838024 -0.545634 0 
vn -0.837137 -0.546994 0 
vn -0.820406 -0.571781 0 
vn -0.819262 -0.57342 0 
vn -0.863173 -0.504909 0 
vn -0.854943 -0.518722 0 
vn -0.854054 -0.520184 0 
vn -0.883583 -0.468274 0 
vn -0.871092 -0.491119 0 
vn -0.870042 -0.492977 0 
vn -0.902413 -0.430872 0 
vn -0.900795 -0.434244 0 
vn -0.8864 -0.46292 0 
vn -0.885125 -0.465354 0 
vn -0.899316 -0.4373 0 
vn -0.919636 -0.392771 0 
vn -0.914217 -0.405224 0 
vn -0.91262 -0.408809 0 
vn -0.93523 -0.354041 0 
vn -0.926613 -0.376016 0 
vn -0.925041 -0.379867 0 
vn -0.949175 -0.31475 0 
vn -0.948194 -0.317691 0 
vn -0.947216 -0.320597 0 
vn -0.937945 -0.346783 0 
vn -0.936576 -0.350464 0 
vn -0.961454 -0.274966 0 
vn -0.957508 -0.288407 0 
vn -0.95685 -0.290584 0 
vn -0.972055 -0.234754 0 
vn -0.966006 -0.25852 0 
vn -0.965502 -0.260397 0 
vn -0.980966 -0.194182 0 
vn -0.980416 -0.196939 0 
vn -0.973666 -0.227981 0 
vn -0.97319 -0.230001 0 
vn -0.979945 -0.199269 0 
vn -0.988178 -0.153313 0 
vn -0.986199 -0.165566 0 
vn -0.985752 -0.168206 0 
vn -0.993684 -0.112213 0 
vn -0.990975 -0.13405 0 
vn -0.990515 -0.137402 0 
vn -0.99748 -0.0709456 0 
vn -0.997449 -0.0713855 0 
vn -0.994724 -0.10259 0 
vn -0.994329 -0.106352 0 
vn -0.997172 -0.0751493 0 
vn -0.999563 -0.0295726 0 
vn -0.999174 -0.0406315 0 
vn -0.999034 -0.0439334 0 
vn -0.999951 0.00986047 0 
vn -0.999995 0.00313034 0 
vn -0.999983 0.00580731 0 
vn -0.999921 -0.012536 0 
vn -0.999949 -0.0100939 0 
vn -0.998683 0.0513034 0 
vn -0.999424 0.0339218 0 
vn -0.999317 0.03696 0 
vn -0.999951 0.00986047 0 
vn -0.9957 0.0926363 0 
vn -0.997907 0.0646625 0 
vn -0.997709 0.0676515 0 
vn -0.998683 0.0513034 0 
vn -0.991011 0.133781 0 
vn -0.992054 0.125809 0 
vn -0.991761 0.128103 0 
vn -0.99544 0.0953872 0 
vn -0.995187 0.0979945 0 
vn -0.9957 0.0926363 0 
vn -0.984629 0.174661 0 
vn -0.987741 0.156102 0 
vn -0.987428 0.158069 0 
vn -0.991011 0.133781 0 
vn -0.97657 0.215201 0 
vn -0.982443 0.186561 0 
vn -0.982168 0.188006 0 
vn -0.984629 0.174661 0 
vn -0.966855 0.255328 0 
vn -0.969028 0.24695 0 
vn -0.968698 0.248242 0 
vn -0.975943 0.218026 0 
vn -0.976187 0.216929 0 
vn -0.97657 0.215201 0 
vn -0.955507 0.29497 0 
vn -0.961019 0.276481 0 
vn -0.9605 0.27828 0 
vn -0.966855 0.255328 0 
vn -0.942553 0.334058 0 
vn -0.952123 0.305716 0 
vn -0.951433 0.307855 0 
vn -0.955507 0.29497 0 
vn -0.928021 0.372527 0 
vn -0.93158 0.363535 0 
vn -0.930723 0.365726 0 
vn -0.942305 0.334754 0 
vn -0.941507 0.336993 0 
vn -0.942553 0.334058 0 
vn -0.911945 0.410314 0 
vn -0.919971 0.391985 0 
vn -0.919065 0.394107 0 
vn -0.928021 0.372527 0 
vn -0.894356 0.447357 0 
vn -0.907502 0.420047 0 
vn -0.906491 0.422225 0 
vn -0.911945 0.410314 0 
vn -0.87529 0.483599 0 
vn -0.880081 0.474824 0 
vn -0.879003 0.476815 0 
vn -0.894197 0.447674 0 
vn -0.893119 0.44982 0 
vn -0.894356 0.447357 0 
vn -0.854783 0.518986 0 
vn -0.86518 0.501461 0 
vn -0.864102 0.503316 0 
vn -0.87529 0.483599 0 
vn -0.832874 0.553463 0 
vn -0.833101 0.55312 0 
vn -0.848357 0.529425 0 
vn -0.854783 0.518986 0 
vn -0.849515 0.527565 0 
vn -0.8096 0.586982 0 
vn -0.815987 0.57807 0 
vn -0.814607 0.580014 0 
vn -0.831691 0.555238 0 
vn -0.785005 0.61949 0 
vn -0.797863 0.602838 0 
vn -0.79659 0.60452 0 
vn -0.8096 0.586982 0 
vn -0.759684 0.650293 0 
vn -0.779162 0.626822 0 
vn -0.777737 0.62859 0 
vn -0.758751 0.651381 0 
vn -0.785005 0.61949 0 
vn -0.731609 0.681724 0 
vn -0.739459 0.673202 0 
vn -0.737769 0.675053 0 
vn -0.758081 0.652161 0 
vn -0.703269 0.710924 0 
vn -0.718517 0.695509 0 
vn -0.716957 0.697118 0 
vn -0.731609 0.681724 0 
vn -0.67459 0.738192 0 
vn -0.696886 0.717182 0 
vn -0.695546 0.718482 0 
vn -0.673771 0.73894 0 
vn -0.703269 0.710924 0 
vn -0.643163 0.76573 0 
vn -0.673204 0.739457 0 
vn -0.6503 0.759678 0 
vn -0.651652 0.758518 0 
vn -0.611488 0.791254 0 
vn -0.628099 0.778133 0 
vn -0.626825 0.77916 0 
vn -0.643163 0.76573 0 
vn -0.578793 0.815474 0 
vn -0.579221 0.815171 0 
vn -0.602799 0.797893 0 
vn -0.611488 0.791254 0 
vn -0.603949 0.797023 0 
vn -0.545127 0.838353 0 
vn -0.578237 0.815869 0 
vn -0.553156 0.833078 0 
vn -0.553929 0.832564 0 
vn -0.51054 0.859854 0 
vn -0.528089 0.849189 0 
vn -0.527573 0.84951 0 
vn -0.545127 0.838353 0 
vn -0.475081 0.879942 0 
vn -0.475904 0.879497 0 
vn -0.501196 0.865334 0 
vn -0.51054 0.859854 0 
vn -0.502261 0.864716 0 
vn -0.438804 0.898583 0 
vn -0.47439 0.880315 0 
vn -0.447238 0.894415 0 
vn -0.449046 0.893509 0 
vn -0.401762 0.915744 0 
vn -0.421681 0.906744 0 
vn -0.419691 0.907667 0 
vn -0.438804 0.898583 0 
vn -0.365376 0.93086 0 
vn -0.393795 0.919198 0 
vn -0.391691 0.920097 0 
vn -0.364011 0.931395 0 
vn -0.401762 0.915744 0 
vn -0.325607 0.945505 0 
vn -0.363177 0.93172 0 
vn -0.334091 0.942541 0 
vn -0.336422 0.941711 0 
vn -0.286608 0.958048 0 
vn -0.306923 0.951734 0 
vn -0.304374 0.952553 0 
vn -0.325607 0.945505 0 
vn -0.248639 0.968596 0 
vn -0.277922 0.960604 0 
vn -0.275808 0.961213 0 
vn -0.247075 0.968996 0 
vn -0.286608 0.958048 0 
vn -0.207069 0.978326 0 
vn -0.246817 0.969062 0 
vn -0.216846 0.976206 0 
vn -0.218623 0.975809 0 
vn -0.166652 0.986016 0 
vn -0.18802 0.982165 0 
vn -0.186129 0.982525 0 
vn -0.207069 0.978326 0 
vn -0.125888 0.992044 0 
vn -0.156988 0.987601 0 
vn -0.154933 0.987925 0 
vn -0.166652 0.986016 0 
vn -0.0848414 0.996394 0 
vn -0.0943444 0.99554 0 
vn -0.0922713 0.995734 0 
vn -0.125698 0.992068 0 
vn -0.123547 0.992339 0 
vn -0.125888 0.992044 0 
vn -0.043579 0.99905 0 
vn -0.0631106 0.998007 0 
vn -0.0613911 0.998114 0 
vn -0.0848414 0.996394 0 
vn -0.0321886 0.999482 0 
vn -0.0311862 0.999514 0 
vn -0.043579 0.99905 0 
vn 0 1 0 
vn -0.0225562 0.706753 0.707101 
vn -0.0225297 0.706753 0.707101 
vn 0.000342809 0.707107 0.707107 
vn -0.0314708 0.706418 0.707095 
vn -0.0290303 0.706521 0.707097 
vn -0.0441047 0.705752 0.707085 
vn -0.0441355 0.70575 0.707085 
vn -0.0606022 0.70454 0.707072 
vn -0.0589878 0.704676 0.707073 
vn -0.0657834 0.704078 0.707069 
vn -0.0657626 0.70408 0.707069 
vn -0.0874757 0.701721 0.707061 
vn -0.0874727 0.701722 0.707061 
vn -0.0890947 0.701518 0.707061 
vn -0.109198 0.698667 0.707064 
vn -0.109214 0.698665 0.707064 
vn -0.0879052 0.701668 0.707061 
vn -0.117337 0.697342 0.707068 
vn -0.116245 0.697526 0.707068 
vn -0.130934 0.694908 0.707078 
vn -0.130963 0.694903 0.707078 
vn -0.145699 0.69195 0.70709 
vn -0.144442 0.692215 0.707089 
vn -0.152663 0.690441 0.707096 
vn -0.152694 0.690434 0.707096 
vn -0.174364 0.685269 0.707109 
vn -0.172913 0.685637 0.707109 
vn -0.174377 0.685266 0.707109 
vn -0.195484 0.679552 0.707104 
vn -0.195467 0.679557 0.707104 
vn -0.174553 0.685221 0.707109 
vn -0.202943 0.677365 0.7071 
vn -0.20099 0.677947 0.707101 
vn -0.215265 0.673555 0.707096 
vn -0.215281 0.67355 0.707096 
vn -0.230126 0.668625 0.707094 
vn -0.22777 0.669431 0.707094 
vn -0.236076 0.666548 0.707094 
vn -0.236085 0.666545 0.707094 
vn -0.256607 0.658915 0.707096 
vn -0.254528 0.659721 0.707095 
vn -0.256606 0.658915 0.707096 
vn -0.257197 0.658684 0.707096 
vn -0.276828 0.650674 0.707099 
vn -0.276836 0.650671 0.707099 
vn -0.283986 0.64758 0.707101 
vn -0.281169 0.648809 0.7071 
vn -0.296748 0.64183 0.707103 
vn -0.296734 0.641836 0.707103 
vn -0.310319 0.635377 0.707106 
vn -0.307588 0.636704 0.707105 
vn -0.316323 0.632408 0.707107 
vn -0.316308 0.632415 0.707107 
vn -0.335537 0.622425 0.707108 
vn -0.333674 0.623426 0.707108 
vn -0.335544 0.622421 0.707108 
vn -0.336026 0.622161 0.707108 
vn -0.354408 0.611878 0.707107 
vn -0.354398 0.611884 0.707107 
vn -0.361029 0.607996 0.707106 
vn -0.359018 0.609186 0.707106 
vn -0.373096 0.600667 0.707105 
vn -0.373094 0.600669 0.707105 
vn -0.385524 0.592768 0.707105 
vn -0.38304 0.594376 0.707105 
vn -0.391214 0.589027 0.707106 
vn -0.391207 0.589032 0.707106 
vn -0.408946 0.576857 0.707106 
vn -0.407519 0.577866 0.707106 
vn -0.408953 0.576852 0.707106 
vn -0.409339 0.576578 0.707106 
vn -0.426295 0.564157 0.707106 
vn -0.426298 0.564155 0.707106 
vn -0.432426 0.559472 0.707106 
vn -0.430805 0.560721 0.707106 
vn -0.443238 0.550946 0.707105 
vn -0.44324 0.550945 0.707105 
vn -0.454744 0.54149 0.707105 
vn -0.45301 0.542941 0.707105 
vn -0.459762 0.537235 0.707105 
vn -0.459766 0.537232 0.707105 
vn -0.475859 0.523029 0.707106 
vn -0.474238 0.5245 0.707105 
vn -0.475856 0.523032 0.707106 
vn -0.476258 0.522666 0.707106 
vn -0.49183 0.508036 0.707109 
vn -0.491835 0.508032 0.707109 
vn -0.497355 0.502628 0.707109 
vn -0.494951 0.504996 0.707109 
vn -0.507087 0.492808 0.707109 
vn -0.507081 0.492814 0.707109 
vn -0.517421 0.481946 0.707109 
vn -0.514743 0.484805 0.707109 
vn -0.521757 0.477249 0.707109 
vn -0.521754 0.477253 0.707109 
vn -0.536012 0.461182 0.707108 
vn -0.533641 0.463924 0.707108 
vn -0.53601 0.461184 0.707108 
vn -0.536482 0.460635 0.707108 
vn -0.549842 0.444603 0.707108 
vn -0.549837 0.444609 0.707108 
vn -0.563229 0.427518 0.707108 
vn -0.551914 0.442027 0.707108 
vn -0.554984 0.438167 0.707108 
vn -0.563232 0.427513 0.707108 
vn -0.5726 0.414885 0.707107 
vn -0.569825 0.418686 0.707107 
vn -0.576093 0.410021 0.707106 
vn -0.576092 0.410024 0.707106 
vn -0.588049 0.392679 0.707108 
vn -0.585661 0.396232 0.707107 
vn -0.588052 0.392674 0.707108 
vn -0.599825 0.374438 0.707111 
vn -0.588882 0.391429 0.707108 
vn -0.611001 0.355908 0.707112 
vn -0.601438 0.371841 0.707111 
vn -0.604383 0.367034 0.707112 
vn -0.599824 0.37444 0.707111 
vn -0.611003 0.355905 0.707112 
vn -0.618947 0.341906 0.70711 
vn -0.616229 0.346779 0.707111 
vn -0.621578 0.337101 0.70711 
vn -0.62158 0.337096 0.70711 
vn -0.631548 0.318035 0.707107 
vn -0.629779 0.321524 0.707107 
vn -0.631547 0.318037 0.707107 
vn -0.640964 0.298604 0.707108 
vn -0.632418 0.316303 0.707107 
vn -0.649867 0.278695 0.707108 
vn -0.64217 0.296 0.707108 
vn -0.644822 0.290177 0.707108 
vn -0.640963 0.298605 0.707108 
vn -0.649867 0.278694 0.707108 
vn -0.656219 0.263392 0.707108 
vn -0.653599 0.269827 0.707108 
vn -0.658133 0.258572 0.707107 
vn -0.658135 0.258569 0.707107 
vn -0.665769 0.238231 0.707105 
vn -0.664038 0.243013 0.707106 
vn -0.665768 0.238234 0.707105 
vn -0.672764 0.217696 0.707104 
vn -0.666508 0.236157 0.707105 
vn -0.67907 0.197125 0.707111 
vn -0.673453 0.215556 0.707105 
vn -0.675618 0.208665 0.707106 
vn -0.672763 0.2177 0.707104 
vn -0.679066 0.197139 0.707111 
vn -0.683486 0.181181 0.707121 
vn -0.681522 0.188454 0.707116 
vn -0.684784 0.176196 0.707125 
vn -0.68478 0.176211 0.707125 
vn -0.689909 0.154841 0.707142 
vn -0.688631 0.160448 0.707138 
vn -0.689911 0.15483 0.707142 
vn -0.694364 0.133378 0.707155 
vn -0.690356 0.152828 0.707144 
vn -0.698147 0.111863 0.707161 
vn -0.694668 0.131781 0.707156 
vn -0.696132 0.123798 0.707159 
vn -0.694363 0.133383 0.707155 
vn -0.698148 0.111861 0.707161 
vn -0.700726 0.0943816 0.70716 
vn -0.699522 0.102915 0.707161 
vn -0.701265 0.0903055 0.707158 
vn -0.701266 0.0902963 0.707158 
vn -0.70372 0.0687112 0.707148 
vn -0.703183 0.0739658 0.707151 
vn -0.703718 0.0687258 0.707148 
vn -0.705509 0.0471441 0.707131 
vn -0.704085 0.0648827 0.707145 
vn -0.706635 0.025581 0.707115 
vn -0.705647 0.0450511 0.70713 
vn -0.706194 0.0356042 0.707122 
vn -0.70551 0.0471277 0.707131 
vn -0.706636 0.0255681 0.707115 
vn -0.707073 0.0068314 0.707107 
vn -0.707095 0.00405782 0.707107 
vn -0.706916 0.0162896 0.70711 
vn -0.707095 0.00405569 0.707107 
vn -0.707051 -0.00884998 0.707107 
vn -0.707051 -0.00885085 0.707107 
vn -0.706423 -0.0310794 0.707108 
vn -0.706989 -0.0128535 0.707107 
vn -0.706797 -0.0209225 0.707107 
vn -0.706423 -0.0310785 0.707108 
vn -0.705325 -0.0501555 0.707108 
vn -0.70581 -0.0427927 0.707108 
vn -0.705107 -0.0531247 0.707108 
vn -0.705107 -0.053125 0.707108 
vn -0.703097 -0.0751835 0.707108 
vn -0.703402 -0.0722766 0.707108 
vn -0.703097 -0.0751821 0.707108 
vn -0.70039 -0.0972283 0.707107 
vn -0.702641 -0.0793367 0.707108 
vn -0.697044 -0.118863 0.707108 
vn -0.699788 -0.101476 0.707107 
vn -0.698747 -0.108409 0.707107 
vn -0.70039 -0.0972295 0.707107 
vn -0.697045 -0.118858 0.707108 
vn -0.693664 -0.1372 0.707111 
vn -0.695036 -0.130079 0.70711 
vn -0.69294 -0.140811 0.707112 
vn -0.692941 -0.140806 0.707112 
vn -0.688143 -0.162634 0.707114 
vn -0.689037 -0.158803 0.707114 
vn -0.688143 -0.162634 0.707114 
vn -0.682682 -0.184224 0.707112 
vn -0.687335 -0.166015 0.707114 
vn -0.67657 -0.205557 0.707106 
vn -0.681782 -0.18753 0.707111 
vn -0.679813 -0.194551 0.707109 
vn -0.68268 -0.184229 0.707112 
vn -0.676567 -0.205565 0.707106 
vn -0.671187 -0.222499 0.707108 
vn -0.673107 -0.216628 0.707106 
vn -0.669802 -0.22663 0.70711 
vn -0.669809 -0.226608 0.70711 
vn -0.662303 -0.247649 0.707124 
vn -0.663004 -0.245773 0.707122 
vn -0.662291 -0.247683 0.707124 
vn -0.654118 -0.268482 0.70714 
vn -0.66135 -0.250177 0.707126 
vn -0.654131 -0.26845 0.70714 
vn -0.650294 -0.2776 0.707147 
vn -0.652008 -0.273557 0.707144 
vn -0.645299 -0.289005 0.707153 
vn -0.645308 -0.288984 0.707153 
vn -0.638052 -0.304659 0.707158 
vn -0.639986 -0.300577 0.707157 
vn -0.635846 -0.309234 0.707159 
vn -0.635849 -0.309229 0.707159 
vn -0.625766 -0.329161 0.707156 
vn -0.626928 -0.32694 0.707157 
vn -0.625771 -0.32915 0.707156 
vn -0.615084 -0.348734 0.707146 
vn -0.62467 -0.331237 0.707156 
vn -0.603794 -0.367965 0.707132 
vn -0.612808 -0.352724 0.707144 
vn -0.61021 -0.357206 0.70714 
vn -0.61507 -0.348759 0.707146 
vn -0.603774 -0.367997 0.707132 
vn -0.594744 -0.382441 0.70712 
vn -0.597582 -0.377985 0.707123 
vn -0.591907 -0.386823 0.707116 
vn -0.591887 -0.386854 0.707116 
vn -0.57942 -0.405305 0.707107 
vn -0.581192 -0.40276 0.707108 
vn -0.579433 -0.405287 0.707107 
vn -0.566319 -0.423414 0.707109 
vn -0.57836 -0.406817 0.707107 
vn -0.566318 -0.423415 0.707109 
vn -0.560749 -0.430761 0.707111 
vn -0.562561 -0.428392 0.70711 
vn -0.552405 -0.441405 0.707114 
vn -0.552408 -0.441401 0.707114 
vn -0.54218 -0.453904 0.707116 
vn -0.54494 -0.450587 0.707115 
vn -0.538137 -0.45869 0.707116 
vn -0.538139 -0.458687 0.707116 
vn -0.523367 -0.475476 0.707114 
vn -0.525149 -0.473506 0.707114 
vn -0.523367 -0.475476 0.707114 
vn -0.508108 -0.491754 0.707109 
vn -0.522407 -0.47653 0.707114 
vn -0.508107 -0.491756 0.707109 
vn -0.501852 -0.49814 0.707108 
vn -0.504862 -0.495088 0.707109 
vn -0.492376 -0.507511 0.707106 
vn -0.492375 -0.507512 0.707106 
vn -0.480649 -0.518629 0.707107 
vn -0.484174 -0.515341 0.707106 
vn -0.475897 -0.522993 0.707108 
vn -0.475898 -0.522991 0.707108 
vn -0.45871 -0.538134 0.707105 
vn -0.462182 -0.535153 0.707106 
vn -0.45871 -0.538133 0.707105 
vn -0.457927 -0.538801 0.707105 
vn -0.441634 -0.552241 0.7071 
vn -0.441636 -0.552239 0.7071 
vn -0.424049 -0.565861 0.707095 
vn -0.439669 -0.553807 0.707099 
vn -0.434806 -0.557635 0.707098 
vn -0.424045 -0.565864 0.707095 
vn -0.41111 -0.575332 0.707094 
vn -0.416491 -0.571448 0.707094 
vn -0.405963 -0.578975 0.707094 
vn -0.405958 -0.578979 0.707094 
vn -0.387393 -0.591558 0.707097 
vn -0.392337 -0.588292 0.707096 
vn -0.387397 -0.591556 0.707097 
vn -0.386661 -0.592037 0.707097 
vn -0.368375 -0.603578 0.707102 
vn -0.368373 -0.60358 0.707102 
vn -0.348833 -0.615073 0.707108 
vn -0.366872 -0.604492 0.707103 
vn -0.361279 -0.607849 0.707104 
vn -0.348838 -0.615069 0.707108 
vn -0.334761 -0.622846 0.707105 
vn -0.33866 -0.620733 0.707107 
vn -0.329134 -0.62584 0.707103 
vn -0.329125 -0.625845 0.707103 
vn -0.309453 -0.635813 0.707093 
vn -0.313511 -0.633819 0.707095 
vn -0.309467 -0.635806 0.707093 
vn -0.308154 -0.636444 0.707093 
vn -0.289386 -0.645202 0.707086 
vn -0.289398 -0.645196 0.707086 
vn -0.26895 -0.653987 0.707083 
vn -0.286539 -0.646472 0.707085 
vn -0.281385 -0.648733 0.707084 
vn -0.268943 -0.65399 0.707083 
vn -0.254195 -0.65986 0.707086 
vn -0.25952 -0.657785 0.707085 
vn -0.248146 -0.662156 0.707088 
vn -0.248147 -0.662156 0.707088 
vn -0.227024 -0.669683 0.707096 
vn -0.232157 -0.667923 0.707094 
vn -0.227016 -0.669686 0.707096 
vn -0.226336 -0.669915 0.707097 
vn -0.205604 -0.676558 0.707105 
vn -0.20559 -0.676562 0.707105 
vn -0.184131 -0.682713 0.707106 
vn -0.204138 -0.677001 0.707105 
vn -0.197564 -0.678947 0.707106 
vn -0.184138 -0.682711 0.707106 
vn -0.168838 -0.686657 0.707103 
vn -0.175898 -0.684881 0.707105 
vn -0.163396 -0.687974 0.707102 
vn -0.163374 -0.687979 0.707102 
vn -0.141687 -0.692777 0.707096 
vn -0.147911 -0.691473 0.707098 
vn -0.141718 -0.692771 0.707096 
vn -0.140086 -0.693103 0.707095 
vn -0.119914 -0.696881 0.70709 
vn -0.119937 -0.696877 0.70709 
vn -0.0980855 -0.70029 0.707088 
vn -0.119452 -0.696961 0.70709 
vn -0.110993 -0.698359 0.707089 
vn -0.0980779 -0.700291 0.707088 
vn -0.0816976 -0.70239 0.707088 
vn -0.0761866 -0.703009 0.707088 
vn -0.0905879 -0.7013 0.707088 
vn -0.0761977 -0.703008 0.707088 
vn -0.0542912 -0.705034 0.707092 
vn -0.0613929 -0.704453 0.70709 
vn -0.0542657 -0.705036 0.707092 
vn -0.0523419 -0.705181 0.707092 
vn -0.0323765 -0.706374 0.707098 
vn -0.0323475 -0.706375 0.707098 
vn -0.0104566 -0.707032 0.707104 
vn -0.03195 -0.706393 0.707098 
vn -0.0230628 -0.706737 0.707101 
vn -0.0104719 -0.707032 0.707104 
vn 0.0062046 -0.707079 0.707107 
vn 0.0115664 -0.707012 0.707107 
vn -0.0023478 -0.707103 0.707106 
vn 0.0115815 -0.707012 0.707107 
vn 0.0338018 -0.706307 0.707098 
vn 0.0285226 -0.706537 0.707101 
vn 0.033773 -0.706309 0.707098 
vn 0.0554781 -0.704949 0.707085 
vn 0.035998 -0.7062 0.707097 
vn 0.0771757 -0.702915 0.707074 
vn 0.0579992 -0.704748 0.707083 
vn 0.0651641 -0.704125 0.707079 
vn 0.0555036 -0.704947 0.707085 
vn 0.0771871 -0.702914 0.707074 
vn 0.0938795 -0.700884 0.70707 
vn 0.0868194 -0.701792 0.707071 
vn 0.0988419 -0.700202 0.70707 
vn 0.0988346 -0.700203 0.70707 
vn 0.120431 -0.696809 0.707074 
vn 0.115311 -0.697676 0.707072 
vn 0.120455 -0.696805 0.707074 
vn 0.122309 -0.696481 0.707075 
vn 0.141961 -0.692732 0.707085 
vn 0.141993 -0.692726 0.707085 
vn 0.163433 -0.687969 0.707098 
vn 0.143689 -0.692375 0.707086 
vn 0.150619 -0.690896 0.70709 
vn 0.163409 -0.687975 0.707098 
vn 0.178978 -0.684083 0.707105 
vn 0.172173 -0.685829 0.707103 
vn 0.184755 -0.682544 0.707107 
vn 0.184759 -0.682542 0.707107 
vn 0.206006 -0.676437 0.707103 
vn 0.200773 -0.678007 0.707105 
vn 0.20599 -0.676442 0.707103 
vn 0.20749 -0.675984 0.707102 
vn 0.226533 -0.669852 0.707093 
vn 0.226522 -0.669856 0.707093 
vn 0.246817 -0.662656 0.707084 
vn 0.228605 -0.669149 0.707092 
vn 0.235148 -0.666881 0.707089 
vn 0.246821 -0.662655 0.707084 
vn 0.261953 -0.656824 0.70708 
vn 0.2557 -0.659282 0.707081 
vn 0.266952 -0.654809 0.70708 
vn 0.266947 -0.654811 0.70708 
vn 0.286898 -0.646315 0.707082 
vn 0.281988 -0.648474 0.707081 
vn 0.28691 -0.64631 0.707082 
vn 0.28817 -0.645749 0.707083 
vn 0.306661 -0.637166 0.707091 
vn 0.306677 -0.637159 0.707091 
vn 0.326236 -0.627356 0.707102 
vn 0.307812 -0.63661 0.707092 
vn 0.314059 -0.633548 0.707095 
vn 0.326223 -0.627363 0.707102 
vn 0.339882 -0.620063 0.707108 
vn 0.333508 -0.623517 0.707106 
vn 0.345572 -0.616909 0.707109 
vn 0.345571 -0.61691 0.707109 
vn 0.364076 -0.606179 0.707104 
vn 0.359043 -0.609172 0.707105 
vn 0.36407 -0.606183 0.707104 
vn 0.365203 -0.605501 0.707103 
vn 0.381916 -0.595102 0.707102 
vn 0.381917 -0.595101 0.707102 
vn 0.400063 -0.583053 0.707105 
vn 0.382146 -0.594955 0.707102 
vn 0.389262 -0.590322 0.707103 
vn 0.400059 -0.583056 0.707105 
vn 0.412953 -0.573993 0.707108 
vn 0.406697 -0.578444 0.707107 
vn 0.417777 -0.57049 0.707109 
vn 0.417773 -0.570493 0.707109 
vn 0.435046 -0.55743 0.707111 
vn 0.430252 -0.561139 0.707111 
vn 0.435048 -0.557428 0.707111 
vn 0.436082 -0.55662 0.707111 
vn 0.451865 -0.543886 0.707111 
vn 0.451865 -0.543886 0.707111 
vn 0.468214 -0.52988 0.707108 
vn 0.452759 -0.543142 0.707111 
vn 0.458462 -0.538338 0.70711 
vn 0.468216 -0.529879 0.707108 
vn 0.479913 -0.51931 0.707107 
vn 0.474179 -0.52455 0.707108 
vn 0.484088 -0.515421 0.707107 
vn 0.484088 -0.515421 0.707107 
vn 0.499586 -0.500411 0.707109 
vn 0.494606 -0.505335 0.707108 
vn 0.49959 -0.500407 0.707109 
vn 0.500528 -0.499468 0.707109 
vn 0.514617 -0.484935 0.707112 
vn 0.514371 -0.485195 0.707112 
vn 0.51462 -0.484932 0.707112 
vn 0.529148 -0.469033 0.707114 
vn 0.520457 -0.47866 0.707113 
vn 0.539585 -0.456989 0.707113 
vn 0.543167 -0.452726 0.707113 
vn 0.533481 -0.464099 0.707114 
vn 0.529149 -0.469033 0.707114 
vn 0.543171 -0.452721 0.707113 
vn 0.556672 -0.436018 0.70711 
vn 0.551919 -0.442018 0.707111 
vn 0.556668 -0.436024 0.70711 
vn 0.556776 -0.435885 0.70711 
vn 0.569639 -0.418941 0.707107 
vn 0.56964 -0.41894 0.707107 
vn 0.582395 -0.401017 0.707108 
vn 0.569661 -0.418911 0.707107 
vn 0.57409 -0.41282 0.707107 
vn 0.58238 -0.401038 0.707108 
vn 0.590706 -0.388667 0.70711 
vn 0.594358 -0.383058 0.70711 
vn 0.58593 -0.395832 0.707109 
vn 0.594337 -0.383091 0.70711 
vn 0.605673 -0.364899 0.707113 
vn 0.601791 -0.371269 0.707112 
vn 0.605693 -0.364866 0.707113 
vn 0.616474 -0.346337 0.707114 
vn 0.616488 -0.346312 0.707114 
vn 0.616418 -0.346436 0.707114 
vn 0.606128 -0.364143 0.707113 
vn 0.626733 -0.327406 0.707114 
vn 0.620413 -0.33923 0.707115 
vn 0.633615 -0.313883 0.707113 
vn 0.636422 -0.308153 0.707113 
vn 0.629764 -0.321539 0.707114 
vn 0.626727 -0.327417 0.707114 
vn 0.636425 -0.308148 0.707113 
vn 0.645555 -0.288538 0.70711 
vn 0.642004 -0.296352 0.707111 
vn 0.645546 -0.288558 0.70711 
vn 0.645785 -0.288024 0.70711 
vn 0.654107 -0.268597 0.707107 
vn 0.653274 -0.270615 0.707107 
vn 0.654095 -0.268627 0.707107 
vn 0.662056 -0.248365 0.707104 
vn 0.656961 -0.261541 0.707106 
vn 0.663671 -0.244018 0.707104 
vn 0.662068 -0.248334 0.707104 
vn 0.667171 -0.23428 0.707103 
vn 0.669419 -0.227779 0.707104 
vn 0.669425 -0.227759 0.707104 
vn 0.676165 -0.206885 0.707106 
vn 0.673252 -0.216183 0.707105 
vn 0.676168 -0.206876 0.707106 
vn 0.676422 -0.206043 0.707106 
vn 0.682209 -0.185982 0.707108 
vn 0.681703 -0.187827 0.707108 
vn 0.682213 -0.185965 0.707108 
vn 0.687553 -0.165148 0.707105 
vn 0.684506 -0.177345 0.707107 
vn 0.69126 -0.148892 0.707101 
vn 0.692273 -0.144114 0.707099 
vn 0.688902 -0.159432 0.707104 
vn 0.687549 -0.165164 0.707105 
vn 0.69227 -0.144125 0.707099 
vn 0.696361 -0.12288 0.707094 
vn 0.694844 -0.131176 0.707096 
vn 0.696361 -0.122876 0.707094 
vn 0.69677 -0.120539 0.707094 
vn 0.699808 -0.101439 0.707092 
vn 0.699549 -0.103211 0.707092 
vn 0.699808 -0.101442 0.707092 
vn 0.702602 -0.0798237 0.707092 
vn 0.701096 -0.0921189 0.707091 
vn 0.704268 -0.0634393 0.707095 
vn 0.704732 -0.0580336 0.707096 
vn 0.703112 -0.0751868 0.707093 
vn 0.702603 -0.079814 0.707092 
vn 0.704733 -0.0580205 0.707096 
vn 0.706192 -0.0360747 0.707101 
vn 0.705569 -0.0467395 0.707098 
vn 0.706191 -0.0360872 0.707101 
vn 0.70628 -0.0342805 0.707102 
vn 0.706969 -0.0139955 0.707106 
vn 0.706892 -0.0174733 0.707105 
vn 0.706969 -0.0140025 0.707106 
vn 0.707065 0.00768914 0.707107 
vn 0.707093 -0.00439036 0.707107 
vn 0.707065 0.00768903 0.707107 
vn 0.70699 0.0128629 0.707106 
vn 0.706997 0.0124484 0.707106 
vn 0.706499 0.0293156 0.707107 
vn 0.706499 0.0293165 0.707107 
vn 0.705851 0.0421202 0.707107 
vn 0.705838 0.0423393 0.707107 
vn 0.705229 0.0514989 0.707107 
vn 0.705229 0.0514991 0.707107 
vn 0.703501 0.0713242 0.707107 
vn 0.703443 0.0718856 0.707107 
vn 0.703265 0.0736071 0.707107 
vn 0.703266 0.0736063 0.707107 
vn 0.700613 0.095614 0.707107 
vn 0.700613 0.0956131 0.707107 
vn 0.699869 0.100916 0.707107 
vn 0.697216 0.117857 0.707107 
vn 0.697215 0.11786 0.707107 
vn 0.699954 0.100322 0.707107 
vn 0.695055 0.129993 0.707107 
vn 0.693201 0.139547 0.707107 
vn 0.6932 0.13955 0.707107 
vn 0.695147 0.129504 0.707107 
vn 0.689203 0.158113 0.707107 
vn 0.689109 0.158521 0.707107 
vn 0.688509 0.161105 0.707107 
vn 0.688509 0.161106 0.707107 
vn 0.68311 0.182646 0.707108 
vn 0.683111 0.182642 0.707108 
vn 0.681923 0.187027 0.707108 
vn 0.676998 0.204142 0.707107 
vn 0.677 0.204133 0.707107 
vn 0.68207 0.186491 0.707108 
vn 0.673667 0.214878 0.707107 
vn 0.670233 0.225355 0.707109 
vn 0.670226 0.225376 0.707109 
vn 0.673167 0.21644 0.707107 
vn 0.664091 0.242833 0.707117 
vn 0.66297 0.245873 0.707119 
vn 0.662824 0.246265 0.707119 
vn 0.662812 0.246299 0.707119 
vn 0.65474 0.266984 0.707131 
vn 0.654727 0.267016 0.707131 
vn 0.653383 0.270283 0.707133 
vn 0.64599 0.287484 0.707142 
vn 0.64598 0.287506 0.707142 
vn 0.651996 0.273607 0.707135 
vn 0.641545 0.297263 0.707146 
vn 0.636584 0.307737 0.707148 
vn 0.636581 0.307743 0.707148 
vn 0.640074 0.300414 0.707147 
vn 0.628574 0.323781 0.70715 
vn 0.627152 0.326528 0.707149 
vn 0.626532 0.327716 0.707149 
vn 0.626538 0.327705 0.707149 
vn 0.615846 0.347392 0.707144 
vn 0.61586 0.347367 0.707144 
vn 0.614469 0.349824 0.707143 
vn 0.604536 0.366739 0.707135 
vn 0.604556 0.366705 0.707135 
vn 0.61315 0.352131 0.707142 
vn 0.59923 0.375355 0.707129 
vn 0.592614 0.385728 0.707122 
vn 0.592636 0.385695 0.707122 
vn 0.597963 0.377373 0.707128 
vn 0.582868 0.400319 0.707113 
vn 0.581458 0.402366 0.707112 
vn 0.580093 0.404333 0.707111 
vn 0.580108 0.404313 0.707111 
vn 0.567189 0.422255 0.707105 
vn 0.567189 0.422255 0.707105 
vn 0.565384 0.424669 0.707104 
vn 0.553535 0.440006 0.707102 
vn 0.553526 0.440017 0.707102 
vn 0.562766 0.428134 0.707104 
vn 0.548024 0.446852 0.707102 
vn 0.539346 0.45729 0.707101 
vn 0.539336 0.457301 0.707101 
vn 0.545176 0.450322 0.707102 
vn 0.528705 0.469554 0.7071 
vn 0.525476 0.473164 0.7071 
vn 0.524596 0.474141 0.7071 
vn 0.524591 0.474146 0.7071 
vn 0.509304 0.490535 0.707096 
vn 0.509309 0.49053 0.707096 
vn 0.508481 0.491389 0.707096 
vn 0.493489 0.506451 0.70709 
vn 0.493506 0.506434 0.70709 
vn 0.505194 0.494768 0.707095 
vn 0.487381 0.512336 0.707087 
vn 0.47717 0.521867 0.707081 
vn 0.4772 0.52184 0.707081 
vn 0.48428 0.51527 0.707085 
vn 0.465432 0.532372 0.707074 
vn 0.462649 0.534795 0.707072 
vn 0.46037 0.53676 0.707071 
vn 0.460409 0.536726 0.707071 
vn 0.443106 0.55111 0.70706 
vn 0.443149 0.551076 0.70706 
vn 0.442664 0.551466 0.70706 
vn 0.425401 0.564899 0.707052 
vn 0.42544 0.56487 0.707052 
vn 0.440207 0.553431 0.707059 
vn 0.419119 0.569577 0.707051 
vn 0.407276 0.578106 0.70705 
vn 0.407298 0.578091 0.70705 
vn 0.416857 0.571236 0.70705 
vn 0.394844 0.586663 0.707053 
vn 0.388751 0.590714 0.707057 
vn 0.388742 0.59072 0.707057 
vn 0.392497 0.588234 0.707054 
vn 0.369894 0.602677 0.707078 
vn 0.36979 0.60274 0.707078 
vn 0.350468 0.614132 0.707117 
vn 0.350376 0.614185 0.707117 
vn 0.367023 0.604424 0.707082 
vn 0.369848 0.602705 0.707078 
vn 0.344036 0.617746 0.707128 
vn 0.330518 0.625065 0.707143 
vn 0.330484 0.625083 0.707143 
vn 0.342632 0.618523 0.70713 
vn 0.317236 0.631902 0.70715 
vn 0.3181 0.631468 0.70715 
vn 0.310655 0.635163 0.707151 
vn 0.310659 0.635161 0.707151 
vn 0.290528 0.644623 0.707146 
vn 0.291364 0.644245 0.707146 
vn 0.290553 0.644612 0.707146 
vn 0.289997 0.644862 0.707145 
vn 0.27015 0.653437 0.707134 
vn 0.270183 0.653424 0.707134 
vn 0.26242 0.656586 0.707129 
vn 0.264214 0.655864 0.70713 
vn 0.249568 0.661586 0.70712 
vn 0.249539 0.661597 0.70712 
vn 0.234608 0.667047 0.707112 
vn 0.236671 0.666317 0.707113 
vn 0.228731 0.669088 0.707109 
vn 0.228714 0.669094 0.707109 
vn 0.207693 0.67592 0.707104 
vn 0.208742 0.675596 0.707104 
vn 0.207694 0.67592 0.707104 
vn 0.206661 0.676236 0.707104 
vn 0.186312 0.682119 0.707108 
vn 0.186305 0.682121 0.707108 
vn 0.17804 0.684325 0.707108 
vn 0.179828 0.683857 0.707108 
vn 0.164073 0.687813 0.707102 
vn 0.164049 0.687818 0.707102 
vn 0.14876 0.691297 0.707092 
vn 0.150034 0.691021 0.707093 
vn 0.142818 0.692553 0.707088 
vn 0.14285 0.692547 0.707088 
vn 0.121402 0.696642 0.707072 
vn 0.121427 0.696638 0.707072 
vn 0.119818 0.696917 0.707071 
vn 0.0998215 0.70007 0.707063 
vn 0.0998299 0.700069 0.707063 
vn 0.121345 0.696652 0.707072 
vn 0.0910212 0.70127 0.707061 
vn 0.092819 0.701034 0.707062 
vn 0.0780775 0.702828 0.707062 
vn 0.0780885 0.702826 0.707062 
vn 0.0621696 0.704407 0.707068 
vn 0.0642042 0.704226 0.707067 
vn 0.0561922 0.704906 0.707071 
vn 0.0562187 0.704904 0.707071 
vn 0.0342286 0.706298 0.707087 
vn 0.0352446 0.706249 0.707086 
vn 0.0341976 0.706299 0.707087 
vn 0.0330553 0.706353 0.707088 
vn 0.0121357 0.707007 0.707102 
vn 0.0121185 0.707008 0.707102 
vn 0.00510364 0.70709 0.707105 
vn 0.00698686 0.707075 0.707104 
vn 0.000342904 0.707107 0.707107 
vn 0 0 1 
vn -0.0233849 0.706732 -0.707095 
vn -0.000342537 0.707107 -0.707107 
vn -0.00710203 0.707073 -0.707104 
vn -0.000342426 0.707107 -0.707107 
vn -0.0451961 0.705689 -0.707079 
vn -0.0314507 0.706425 -0.707089 
vn -0.0353579 0.706243 -0.707086 
vn -0.023358 0.706733 -0.707095 
vn -0.0451655 0.705691 -0.707079 
vn -0.0643155 0.704216 -0.707067 
vn -0.0603956 0.704561 -0.707069 
vn -0.0670217 0.703964 -0.707066 
vn -0.0888391 0.70155 -0.707061 
vn -0.0670019 0.703966 -0.707066 
vn -0.110629 0.69844 -0.707066 
vn -0.0889697 0.701533 -0.707061 
vn -0.0929289 0.701019 -0.707062 
vn -0.0888376 0.70155 -0.707061 
vn -0.132372 0.694634 -0.70708 
vn -0.117382 0.697333 -0.70707 
vn -0.121454 0.696633 -0.707072 
vn -0.110647 0.698437 -0.707066 
vn -0.132402 0.694628 -0.70708 
vn -0.150144 0.690997 -0.707093 
vn -0.145829 0.691923 -0.70709 
vn -0.154046 0.690134 -0.707096 
vn -0.174498 0.685237 -0.707107 
vn -0.154076 0.690127 -0.707096 
vn -0.175644 0.684944 -0.707107 
vn -0.175633 0.684947 -0.707107 
vn -0.196643 0.679216 -0.707105 
vn -0.179944 0.683826 -0.707108 
vn -0.216855 0.673035 -0.707105 
vn -0.202682 0.677439 -0.707104 
vn -0.208851 0.675563 -0.707104 
vn -0.196634 0.679218 -0.707105 
vn -0.216863 0.673032 -0.707105 
vn -0.236778 0.666279 -0.707113 
vn -0.229951 0.668669 -0.70711 
vn -0.237558 0.666001 -0.707113 
vn -0.25704 0.658714 -0.707125 
vn -0.237581 0.665992 -0.707114 
vn -0.258038 0.658323 -0.707126 
vn -0.258007 0.658335 -0.707126 
vn -0.278187 0.650051 -0.707139 
vn -0.26432 0.655822 -0.70713 
vn -0.283864 0.647589 -0.707142 
vn -0.278218 0.650038 -0.707139 
vn -0.291468 0.644198 -0.707146 
vn -0.298083 0.641161 -0.707148 
vn -0.298102 0.641152 -0.707148 
vn -0.317675 0.631682 -0.70715 
vn -0.310339 0.635317 -0.707151 
vn -0.317682 0.631678 -0.70715 
vn -0.336378 0.621937 -0.707138 
vn -0.318202 0.631417 -0.70715 
vn -0.33692 0.621644 -0.707137 
vn -0.33697 0.621617 -0.707137 
vn -0.355917 0.611004 -0.707105 
vn -0.342733 0.618467 -0.70713 
vn -0.374034 0.600124 -0.707072 
vn -0.361723 0.607599 -0.707092 
vn -0.367124 0.604363 -0.707082 
vn -0.355811 0.611066 -0.707105 
vn -0.373988 0.600152 -0.707072 
vn -0.392168 0.588454 -0.707055 
vn -0.385991 0.592519 -0.707059 
vn -0.39217 0.588452 -0.707055 
vn -0.409629 0.576441 -0.70705 
vn -0.392594 0.58817 -0.707054 
vn -0.409954 0.576211 -0.70705 
vn -0.409928 0.576229 -0.70705 
vn -0.427298 0.563465 -0.707053 
vn -0.41695 0.571168 -0.70705 
vn -0.432594 0.559406 -0.707055 
vn -0.427338 0.563435 -0.707053 
vn -0.440296 0.55336 -0.707059 
vn -0.444266 0.550175 -0.707061 
vn -0.444309 0.550141 -0.707061 
vn -0.460857 0.536341 -0.707071 
vn -0.454851 0.541449 -0.707067 
vn -0.460818 0.536374 -0.707071 
vn -0.476367 0.5226 -0.707081 
vn -0.462734 0.53472 -0.707072 
vn -0.476972 0.522048 -0.707081 
vn -0.476942 0.522075 -0.707081 
vn -0.492626 0.507291 -0.707089 
vn -0.484363 0.515192 -0.707085 
vn -0.505274 0.494687 -0.707095 
vn -0.507857 0.492033 -0.707096 
vn -0.497119 0.502886 -0.707091 
vn -0.492644 0.507273 -0.707089 
vn -0.507864 0.492027 -0.707096 
vn -0.52262 0.476318 -0.707099 
vn -0.517086 0.482322 -0.707098 
vn -0.522623 0.476314 -0.707099 
vn -0.536252 0.460914 -0.707101 
vn -0.525554 0.473078 -0.7071 
vn -0.536902 0.460156 -0.707101 
vn -0.536912 0.460146 -0.707101 
vn -0.545251 0.450232 -0.707102 
vn -0.550709 0.443538 -0.707102 
vn -0.562839 0.428038 -0.707104 
vn -0.564004 0.426501 -0.707104 
vn -0.554858 0.438336 -0.707103 
vn -0.5507 0.44355 -0.707102 
vn -0.564001 0.426505 -0.707104 
vn -0.576934 0.408833 -0.707109 
vn -0.572377 0.415192 -0.707107 
vn -0.576923 0.408849 -0.707109 
vn -0.58892 0.391352 -0.707119 
vn -0.581522 0.402274 -0.707112 
vn -0.589102 0.391078 -0.707119 
vn -0.589081 0.391109 -0.707119 
vn -0.598022 0.37728 -0.707128 
vn -0.600718 0.372967 -0.707131 
vn -0.61182 0.35444 -0.707141 
vn -0.611803 0.354469 -0.707141 
vn -0.604448 0.366883 -0.707134 
vn -0.600739 0.372932 -0.707131 
vn -0.613205 0.352037 -0.707142 
vn -0.622339 0.335613 -0.707148 
vn -0.618946 0.341833 -0.707146 
vn -0.62233 0.33563 -0.707148 
vn -0.63229 0.316464 -0.70715 
vn -0.627202 0.326431 -0.707149 
vn -0.632402 0.31624 -0.70715 
vn -0.63229 0.316463 -0.70715 
vn -0.64012 0.300316 -0.707147 
vn -0.641673 0.296986 -0.707146 
vn -0.650459 0.277236 -0.707137 
vn -0.650471 0.277208 -0.707137 
vn -0.644807 0.290125 -0.707143 
vn -0.641666 0.297001 -0.707146 
vn -0.652039 0.273506 -0.707135 
vn -0.65866 0.257179 -0.707125 
vn -0.656157 0.26349 -0.707129 
vn -0.658673 0.257145 -0.707125 
vn -0.663009 0.245769 -0.707119 
vn -0.666266 0.23681 -0.707114 
vn -0.666442 0.236317 -0.707114 
vn -0.666256 0.23684 -0.707114 
vn -0.673202 0.216331 -0.707107 
vn -0.673239 0.216216 -0.707107 
vn -0.679577 0.195381 -0.707108 
vn -0.679575 0.195388 -0.707108 
vn -0.675648 0.208566 -0.707106 
vn -0.673235 0.216226 -0.707107 
vn -0.685233 0.174512 -0.707107 
vn -0.685233 0.174515 -0.707107 
vn -0.683702 0.180418 -0.707108 
vn -0.681952 0.186922 -0.707108 
vn -0.689133 0.158415 -0.707107 
vn -0.690262 0.153421 -0.707107 
vn -0.694666 0.13206 -0.707107 
vn -0.694666 0.132056 -0.707107 
vn -0.690531 0.152208 -0.707107 
vn -0.690262 0.153423 -0.707107 
vn -0.69843 0.110431 -0.707107 
vn -0.69843 0.110429 -0.707107 
vn -0.696214 0.123639 -0.707107 
vn -0.695075 0.129887 -0.707107 
vn -0.701494 0.0889221 -0.707106 
vn -0.701494 0.0889231 -0.707106 
vn -0.700759 0.094536 -0.707107 
vn -0.699884 0.100807 -0.707107 
vn -0.703455 0.0717777 -0.707107 
vn -0.703882 0.0674596 -0.707107 
vn -0.705626 0.0457341 -0.707107 
vn -0.705626 0.0457337 -0.707107 
vn -0.704065 0.065515 -0.707107 
vn -0.703882 0.0674591 -0.707107 
vn -0.7067 0.0239928 -0.707107 
vn -0.7067 0.0239919 -0.707107 
vn -0.706175 0.0362828 -0.707107 
vn -0.705845 0.0422303 -0.707107 
vn -0.707103 0.00225371 -0.707107 
vn -0.707103 0.00225417 -0.707107 
vn -0.707072 0.00700096 -0.707107 
vn -0.706999 0.0123402 -0.707106 
vn -0.707069 -0.00734276 -0.707107 
vn -0.7065 -0.0293894 -0.707103 
vn -0.7065 -0.029378 -0.707103 
vn -0.706783 -0.0214475 -0.707105 
vn -0.707069 -0.00733843 -0.707107 
vn -0.706889 -0.0175812 -0.707105 
vn -0.705261 -0.0511942 -0.707097 
vn -0.705262 -0.0511809 -0.707097 
vn -0.705284 -0.0508717 -0.707097 
vn -0.705562 -0.0468453 -0.707098 
vn -0.703338 -0.0730471 -0.707093 
vn -0.700722 -0.0949271 -0.707091 
vn -0.700722 -0.0949214 -0.707091 
vn -0.702611 -0.0797412 -0.707092 
vn -0.703101 -0.0752915 -0.707093 
vn -0.703339 -0.073036 -0.707093 
vn -0.697405 -0.116812 -0.707093 
vn -0.697405 -0.116813 -0.707093 
vn -0.698779 -0.108299 -0.707092 
vn -0.699534 -0.103315 -0.707092 
vn -0.693384 -0.138676 -0.707098 
vn -0.693382 -0.138685 -0.707098 
vn -0.693766 -0.136757 -0.707098 
vn -0.694824 -0.13128 -0.707096 
vn -0.688878 -0.159536 -0.707104 
vn -0.688652 -0.160509 -0.707104 
vn -0.683219 -0.182236 -0.707108 
vn -0.683215 -0.182253 -0.707108 
vn -0.687515 -0.165305 -0.707105 
vn -0.688655 -0.160494 -0.707104 
vn -0.677079 -0.203872 -0.707107 
vn -0.677075 -0.203886 -0.707107 
vn -0.679941 -0.194108 -0.707108 
vn -0.681675 -0.18793 -0.707108 
vn -0.670314 -0.225131 -0.707104 
vn -0.670319 -0.225114 -0.707104 
vn -0.671026 -0.222999 -0.707104 
vn -0.673219 -0.216285 -0.707105 
vn -0.663634 -0.244118 -0.707104 
vn -0.662993 -0.245853 -0.707104 
vn -0.654973 -0.266479 -0.707106 
vn -0.654985 -0.266449 -0.707106 
vn -0.661067 -0.250987 -0.707104 
vn -0.662982 -0.245884 -0.707104 
vn -0.646288 -0.286893 -0.70711 
vn -0.646297 -0.286872 -0.70711 
vn -0.650089 -0.278178 -0.707108 
vn -0.653234 -0.270713 -0.707107 
vn -0.636931 -0.3071 -0.707113 
vn -0.636934 -0.307094 -0.707113 
vn -0.638061 -0.304745 -0.707112 
vn -0.64196 -0.296448 -0.707111 
vn -0.629716 -0.321633 -0.707114 
vn -0.626903 -0.327081 -0.707114 
vn -0.616367 -0.346528 -0.707114 
vn -0.616212 -0.346802 -0.707114 
vn -0.624938 -0.330819 -0.707115 
vn -0.626908 -0.32707 -0.707114 
vn -0.616227 -0.346777 -0.707114 
vn -0.604894 -0.366189 -0.707113 
vn -0.610661 -0.356487 -0.707114 
vn -0.604874 -0.366223 -0.707113 
vn -0.595165 -0.381802 -0.707111 
vn -0.601735 -0.371358 -0.707112 
vn -0.592921 -0.385279 -0.70711 
vn -0.5929 -0.385312 -0.70711 
vn -0.585871 -0.395919 -0.707109 
vn -0.580305 -0.404036 -0.707108 
vn -0.578382 -0.406784 -0.707107 
vn -0.580318 -0.404017 -0.707108 
vn -0.5696 -0.418994 -0.707107 
vn -0.567561 -0.421751 -0.707107 
vn -0.567561 -0.421752 -0.707107 
vn -0.554035 -0.439363 -0.70711 
vn -0.560654 -0.430889 -0.707108 
vn -0.55404 -0.439357 -0.70711 
vn -0.54222 -0.45386 -0.707113 
vn -0.551857 -0.442096 -0.707111 
vn -0.539744 -0.4568 -0.707113 
vn -0.539748 -0.456796 -0.707113 
vn -0.524929 -0.473751 -0.707114 
vn -0.533417 -0.464173 -0.707114 
vn -0.522515 -0.476412 -0.707113 
vn -0.524929 -0.47375 -0.707114 
vn -0.514305 -0.485266 -0.707112 
vn -0.509605 -0.4902 -0.707111 
vn -0.509609 -0.490196 -0.707111 
vn -0.494536 -0.505404 -0.707108 
vn -0.501909 -0.49808 -0.707109 
vn -0.493797 -0.506126 -0.707108 
vn -0.4938 -0.506123 -0.707108 
vn -0.477521 -0.52151 -0.707107 
vn -0.480534 -0.518736 -0.707107 
vn -0.477523 -0.521509 -0.707107 
vn -0.460703 -0.536422 -0.70711 
vn -0.474101 -0.524621 -0.707108 
vn -0.4434 -0.550809 -0.707111 
vn -0.458257 -0.538513 -0.70711 
vn -0.452671 -0.543216 -0.707111 
vn -0.460702 -0.536423 -0.70711 
vn -0.443401 -0.550808 -0.707111 
vn -0.430155 -0.561214 -0.707111 
vn -0.43498 -0.557482 -0.707111 
vn -0.425711 -0.564593 -0.70711 
vn -0.425714 -0.564591 -0.70711 
vn -0.40766 -0.577766 -0.707107 
vn -0.410914 -0.575455 -0.707107 
vn -0.407655 -0.577769 -0.707107 
vn -0.389252 -0.590329 -0.707103 
vn -0.406594 -0.578517 -0.707106 
vn -0.37052 -0.602264 -0.707102 
vn -0.386282 -0.592277 -0.707102 
vn -0.382041 -0.595022 -0.707102 
vn -0.389255 -0.590327 -0.707103 
vn -0.351128 -0.613764 -0.707109 
vn -0.361308 -0.607832 -0.707104 
vn -0.358913 -0.609248 -0.707105 
vn -0.370516 -0.602266 -0.707102 
vn -0.351123 -0.613767 -0.707109 
vn -0.333372 -0.623589 -0.707107 
vn -0.334826 -0.622809 -0.707107 
vn -0.332892 -0.623845 -0.707107 
vn -0.313375 -0.633884 -0.707097 
vn -0.332902 -0.62384 -0.707107 
vn -0.293459 -0.643357 -0.707088 
vn -0.308145 -0.636446 -0.707095 
vn -0.307697 -0.636663 -0.707094 
vn -0.31339 -0.633877 -0.707097 
vn -0.281907 -0.648505 -0.707085 
vn -0.273161 -0.652238 -0.707084 
vn -0.273155 -0.652241 -0.707084 
vn -0.293472 -0.643351 -0.707088 
vn -0.281358 -0.648743 -0.707085 
vn -0.255658 -0.659293 -0.707087 
vn -0.252479 -0.660516 -0.707088 
vn -0.252481 -0.660516 -0.707088 
vn -0.254173 -0.659867 -0.707087 
vn -0.231459 -0.668163 -0.707096 
vn -0.210103 -0.675174 -0.707104 
vn -0.210118 -0.67517 -0.707104 
vn -0.226299 -0.669926 -0.707098 
vn -0.23145 -0.668167 -0.707096 
vn -0.228595 -0.669147 -0.707097 
vn -0.188548 -0.681506 -0.707106 
vn -0.18856 -0.681502 -0.707106 
vn -0.197443 -0.678982 -0.707107 
vn -0.200574 -0.678064 -0.707107 
vn -0.167785 -0.68692 -0.707099 
vn -0.167764 -0.686925 -0.707099 
vn -0.168575 -0.686726 -0.707099 
vn -0.172079 -0.685855 -0.707101 
vn -0.146243 -0.691838 -0.707088 
vn -0.124539 -0.696082 -0.707079 
vn -0.124512 -0.696086 -0.707079 
vn -0.139847 -0.693162 -0.707085 
vn -0.143673 -0.692378 -0.707087 
vn -0.146211 -0.691845 -0.707088 
vn -0.102701 -0.699641 -0.707075 
vn -0.10269 -0.699643 -0.707075 
vn -0.110976 -0.698376 -0.707076 
vn -0.115153 -0.697698 -0.707076 
vn -0.080756 -0.702509 -0.707078 
vn -0.0807646 -0.702508 -0.707078 
vn -0.0819288 -0.702374 -0.707077 
vn -0.0864322 -0.701835 -0.707076 
vn -0.0587318 -0.704684 -0.707086 
vn -0.0366554 -0.706166 -0.707097 
vn -0.0366844 -0.706165 -0.707097 
vn -0.0526742 -0.70516 -0.707089 
vn -0.0574244 -0.704791 -0.707087 
vn -0.0587557 -0.704682 -0.707086 
vn -0.0145538 -0.706958 -0.707105 
vn -0.0145712 -0.706958 -0.707105 
vn -0.0231848 -0.706731 -0.707103 
vn -0.0279204 -0.706561 -0.707101 
vn 0.00720142 -0.707071 -0.707106 
vn 0.00721368 -0.707071 -0.707106 
vn 0.00629607 -0.707079 -0.707106 
vn 0.00240263 -0.707103 -0.707107 
vn 0.0289449 -0.706518 -0.707103 
vn 0.0509738 -0.705275 -0.707099 
vn 0.0510002 -0.705273 -0.707099 
vn 0.0354579 -0.706222 -0.707102 
vn 0.0320173 -0.706386 -0.707102 
vn 0.0289729 -0.706517 -0.707103 
vn 0.072903 -0.70335 -0.707095 
vn 0.0729163 -0.703349 -0.707095 
vn 0.0646738 -0.704153 -0.707096 
vn 0.0614979 -0.704437 -0.707097 
vn 0.0947075 -0.700749 -0.707094 
vn 0.0947027 -0.700749 -0.707094 
vn 0.0938008 -0.70087 -0.707094 
vn 0.0907317 -0.701274 -0.707094 
vn 0.116364 -0.697478 -0.707095 
vn 0.137848 -0.693549 -0.707098 
vn 0.137818 -0.693555 -0.707098 
vn 0.122684 -0.696394 -0.707096 
vn 0.119613 -0.696928 -0.707095 
vn 0.116342 -0.697482 -0.707095 
vn 0.159137 -0.688971 -0.707102 
vn 0.159113 -0.688977 -0.707102 
vn 0.15117 -0.690765 -0.707101 
vn 0.148044 -0.691442 -0.7071 
vn 0.18021 -0.683758 -0.707106 
vn 0.180211 -0.683758 -0.707106 
vn 0.179113 -0.684047 -0.707106 
vn 0.175938 -0.684871 -0.707105 
vn 0.201848 -0.677687 -0.707105 
vn 0.222701 -0.671131 -0.707098 
vn 0.22271 -0.671128 -0.707098 
vn 0.207418 -0.676004 -0.707104 
vn 0.204149 -0.676998 -0.707105 
vn 0.201862 -0.677683 -0.707105 
vn 0.242992 -0.664063 -0.707089 
vn 0.242994 -0.664062 -0.707089 
vn 0.235139 -0.666881 -0.707092 
vn 0.232156 -0.667924 -0.707094 
vn 0.263118 -0.656355 -0.707084 
vn 0.263113 -0.656357 -0.707084 
vn 0.262002 -0.656801 -0.707084 
vn 0.259519 -0.657785 -0.707084 
vn 0.28305 -0.648008 -0.707084 
vn 0.302808 -0.639007 -0.707091 
vn 0.302794 -0.639014 -0.707091 
vn 0.288247 -0.645712 -0.707085 
vn 0.283061 -0.648003 -0.707084 
vn 0.286553 -0.646466 -0.707085 
vn 0.31356 -0.633795 -0.707096 
vn 0.322345 -0.629367 -0.7071 
vn 0.322334 -0.629373 -0.7071 
vn 0.314114 -0.63352 -0.707096 
vn 0.338757 -0.62068 -0.707107 
vn 0.341659 -0.619086 -0.707107 
vn 0.341659 -0.619087 -0.707107 
vn 0.339855 -0.620079 -0.707107 
vn 0.360562 -0.608275 -0.707104 
vn 0.378684 -0.597168 -0.707099 
vn 0.365318 -0.605433 -0.707103 
vn 0.366915 -0.604466 -0.707102 
vn 0.360555 -0.608279 -0.707104 
vn 0.396645 -0.585397 -0.707095 
vn 0.389642 -0.59008 -0.707096 
vn 0.392359 -0.588278 -0.707095 
vn 0.378686 -0.597167 -0.707099 
vn 0.39665 -0.585393 -0.707095 
vn 0.414291 -0.573045 -0.707094 
vn 0.413108 -0.573899 -0.707094 
vn 0.414286 -0.573049 -0.707094 
vn 0.431595 -0.560125 -0.707097 
vn 0.416503 -0.571439 -0.707094 
vn 0.448561 -0.546626 -0.707102 
vn 0.435883 -0.556793 -0.707098 
vn 0.439681 -0.553797 -0.707099 
vn 0.431599 -0.560122 -0.707097 
vn 0.448562 -0.546625 -0.707102 
vn 0.4622 -0.535138 -0.707106 
vn 0.458129 -0.538628 -0.707105 
vn 0.46517 -0.532557 -0.707107 
vn 0.465169 -0.532558 -0.707107 
vn 0.48139 -0.517942 -0.707107 
vn 0.480012 -0.519219 -0.707107 
vn 0.481392 -0.51794 -0.707107 
vn 0.496363 -0.503611 -0.707107 
vn 0.484176 -0.515339 -0.707106 
vn 0.511611 -0.488107 -0.707111 
vn 0.500473 -0.499526 -0.707108 
vn 0.50487 -0.495079 -0.707109 
vn 0.496364 -0.50361 -0.707107 
vn 0.511613 -0.488105 -0.707111 
vn 0.525166 -0.473487 -0.707115 
vn 0.520347 -0.478779 -0.707113 
vn 0.526345 -0.472175 -0.707115 
vn 0.526344 -0.472176 -0.707115 
vn 0.540554 -0.455838 -0.707116 
vn 0.539535 -0.457044 -0.707116 
vn 0.540557 -0.455834 -0.707116 
vn 0.554237 -0.439104 -0.707113 
vn 0.544966 -0.450555 -0.707115 
vn 0.556845 -0.435792 -0.707112 
vn 0.554234 -0.439107 -0.707113 
vn 0.562592 -0.428352 -0.70711 
vn 0.567373 -0.422002 -0.707109 
vn 0.567374 -0.422 -0.707109 
vn 0.580171 -0.404229 -0.707107 
vn 0.574239 -0.412614 -0.707106 
vn 0.580157 -0.404249 -0.707107 
vn 0.58119 -0.402762 -0.707108 
vn 0.59217 -0.38642 -0.707117 
vn 0.59035 -0.389199 -0.707115 
vn 0.592149 -0.386452 -0.707117 
vn 0.603716 -0.368092 -0.707132 
vn 0.597579 -0.37799 -0.707123 
vn 0.605656 -0.364886 -0.707134 
vn 0.603736 -0.36806 -0.707132 
vn 0.612804 -0.352731 -0.707144 
vn 0.614709 -0.349396 -0.707146 
vn 0.614723 -0.349371 -0.707146 
vn 0.625128 -0.330372 -0.707156 
vn 0.62007 -0.339778 -0.707152 
vn 0.625121 -0.330384 -0.707156 
vn 0.633515 -0.313983 -0.707159 
vn 0.626924 -0.326949 -0.707157 
vn 0.634946 -0.311078 -0.707159 
vn 0.634948 -0.311074 -0.707159 
vn 0.639982 -0.300586 -0.707157 
vn 0.644182 -0.291484 -0.707154 
vn 0.652005 -0.273563 -0.707144 
vn 0.652813 -0.271633 -0.707142 
vn 0.645922 -0.287612 -0.707152 
vn 0.644173 -0.291504 -0.707154 
vn 0.652801 -0.271664 -0.707142 
vn 0.66082 -0.251571 -0.707127 
vn 0.657235 -0.260774 -0.707134 
vn 0.660834 -0.251537 -0.707127 
vn 0.667408 -0.233573 -0.707114 
vn 0.663003 -0.245775 -0.707122 
vn 0.668222 -0.231239 -0.707112 
vn 0.668231 -0.231213 -0.707112 
vn 0.673111 -0.216616 -0.707106 
vn 0.674993 -0.210679 -0.707106 
vn 0.681158 -0.189783 -0.707111 
vn 0.681156 -0.18979 -0.707111 
vn 0.676403 -0.206106 -0.707106 
vn 0.674993 -0.210679 -0.707106 
vn 0.681781 -0.187532 -0.707111 
vn 0.686686 -0.168679 -0.707114 
vn 0.684322 -0.178032 -0.707113 
vn 0.686686 -0.16868 -0.707114 
vn 0.691543 -0.147512 -0.707113 
vn 0.691544 -0.147508 -0.707113 
vn 0.691119 -0.149484 -0.707113 
vn 0.689036 -0.158807 -0.707114 
vn 0.695035 -0.130086 -0.70711 
vn 0.69574 -0.126264 -0.707109 
vn 0.699272 -0.104972 -0.707107 
vn 0.699272 -0.104971 -0.707107 
vn 0.696716 -0.120772 -0.707108 
vn 0.695739 -0.126269 -0.707109 
vn 0.699786 -0.101485 -0.707107 
vn 0.702199 -0.0831576 -0.707108 
vn 0.701099 -0.0919729 -0.707107 
vn 0.702199 -0.0831591 -0.707108 
vn 0.704431 -0.0614449 -0.707108 
vn 0.704431 -0.0614457 -0.707108 
vn 0.704311 -0.062805 -0.707108 
vn 0.703402 -0.0722811 -0.707108 
vn 0.70581 -0.0427927 -0.707108 
vn 0.70599 -0.0397048 -0.707108 
vn 0.70688 -0.0178682 -0.707107 
vn 0.70688 -0.0178671 -0.707107 
vn 0.706307 -0.0336013 -0.707108 
vn 0.70599 -0.0397053 -0.707108 
vn 0.707094 -0.00424927 -0.707107 
vn 0.70699 -0.0128492 -0.707107 
vn 0.707106 0.000689755 -0.707107 
vn 0.707106 0.000689887 -0.707107 
vn 0.706758 0.0219852 -0.707113 
vn 0.706994 0.0125331 -0.707109 
vn 0.706916 0.0162833 -0.70711 
vn 0.706758 0.021997 -0.707113 
vn 0.705686 0.0444417 -0.70713 
vn 0.705873 0.0414066 -0.707127 
vn 0.705687 0.0444254 -0.70713 
vn 0.703908 0.0667579 -0.707147 
vn 0.705647 0.0450462 -0.70713 
vn 0.701438 0.088949 -0.707158 
vn 0.703515 0.0707578 -0.707149 
vn 0.703183 0.0739633 -0.707151 
vn 0.703907 0.0667728 -0.707147 
vn 0.698288 0.110981 -0.707162 
vn 0.699901 0.100307 -0.707161 
vn 0.699522 0.102915 -0.707162 
vn 0.701437 0.0889584 -0.707158 
vn 0.698287 0.110983 -0.707162 
vn 0.694668 0.131783 -0.707156 
vn 0.695048 0.129759 -0.707157 
vn 0.694468 0.132835 -0.707156 
vn 0.689986 0.154494 -0.707143 
vn 0.694469 0.13283 -0.707156 
vn 0.68485 0.175939 -0.707125 
vn 0.689008 0.158813 -0.707139 
vn 0.68863 0.160451 -0.707138 
vn 0.689989 0.154483 -0.707143 
vn 0.679063 0.19715 -0.70711 
vn 0.681871 0.187185 -0.707117 
vn 0.681524 0.188448 -0.707116 
vn 0.684853 0.175924 -0.707125 
vn 0.672519 0.218453 -0.707104 
vn 0.67367 0.214877 -0.707105 
vn 0.673453 0.215557 -0.707105 
vn 0.679067 0.197136 -0.70711 
vn 0.67252 0.21845 -0.707104 
vn 0.665239 0.239707 -0.707105 
vn 0.657356 0.260543 -0.707107 
vn 0.664164 0.242668 -0.707105 
vn 0.664038 0.243012 -0.707106 
vn 0.66524 0.239704 -0.707105 
vn 0.648834 0.281092 -0.707108 
vn 0.653435 0.270224 -0.707108 
vn 0.6536 0.269823 -0.707108 
vn 0.657354 0.260546 -0.707107 
vn 0.639686 0.301332 -0.707107 
vn 0.639685 0.301333 -0.707107 
vn 0.641549 0.297344 -0.707108 
vn 0.648833 0.281093 -0.707108 
vn 0.642173 0.295995 -0.707108 
vn 0.629927 0.321235 -0.707107 
vn 0.619414 0.341059 -0.70711 
vn 0.619417 0.341054 -0.70711 
vn 0.628598 0.323826 -0.707108 
vn 0.629781 0.32152 -0.707107 
vn 0.629928 0.321231 -0.707107 
vn 0.608267 0.360561 -0.707112 
vn 0.608268 0.36056 -0.707112 
vn 0.614447 0.349927 -0.707111 
vn 0.61623 0.346778 -0.707111 
vn 0.59655 0.379637 -0.70711 
vn 0.596547 0.37964 -0.70711 
vn 0.599156 0.375508 -0.707111 
vn 0.601438 0.371842 -0.707111 
vn 0.585668 0.396224 -0.707107 
vn 0.584272 0.398279 -0.707107 
vn 0.573023 0.414301 -0.707107 
vn 0.573022 0.414301 -0.707107 
vn 0.582897 0.40029 -0.707107 
vn 0.584275 0.398275 -0.707107 
vn 0.560574 0.430993 -0.707108 
vn 0.560578 0.430987 -0.707108 
vn 0.565531 0.424468 -0.707108 
vn 0.569822 0.41869 -0.707107 
vn 0.546803 0.448335 -0.707108 
vn 0.546807 0.44833 -0.707108 
vn 0.548176 0.446655 -0.707108 
vn 0.551915 0.442027 -0.707108 
vn 0.533643 0.463921 -0.707108 
vn 0.5324 0.465347 -0.707108 
vn 0.517373 0.481998 -0.707109 
vn 0.517369 0.482002 -0.707109 
vn 0.528989 0.469221 -0.707108 
vn 0.5324 0.465348 -0.707108 
vn 0.501738 0.498252 -0.707109 
vn 0.501732 0.498258 -0.707109 
vn 0.508811 0.491027 -0.707109 
vn 0.514747 0.484802 -0.707109 
vn 0.487433 0.512258 -0.707108 
vn 0.494953 0.504993 -0.707109 
vn 0.485513 0.514077 -0.707108 
vn 0.485512 0.514079 -0.707108 
vn 0.474242 0.524496 -0.707105 
vn 0.469205 0.529008 -0.707105 
vn 0.453015 0.542937 -0.707105 
vn 0.452262 0.543564 -0.707105 
vn 0.465332 0.532418 -0.707105 
vn 0.469201 0.529011 -0.707105 
vn 0.452259 0.543566 -0.707105 
vn 0.434712 0.557698 -0.707106 
vn 0.442532 0.551514 -0.707105 
vn 0.434712 0.557698 -0.707106 
vn 0.418886 0.56968 -0.707106 
vn 0.430809 0.560718 -0.707106 
vn 0.416732 0.571257 -0.707106 
vn 0.416727 0.571261 -0.707106 
vn 0.407521 0.577865 -0.707106 
vn 0.398334 0.584235 -0.707106 
vn 0.394448 0.586867 -0.707106 
vn 0.398342 0.58423 -0.707106 
vn 0.383039 0.594376 -0.707105 
vn 0.379557 0.596606 -0.707105 
vn 0.379561 0.596603 -0.707105 
vn 0.360412 0.608362 -0.707106 
vn 0.369279 0.603021 -0.707105 
vn 0.360417 0.608359 -0.707106 
vn 0.343536 0.618046 -0.707108 
vn 0.359021 0.609184 -0.707106 
vn 0.34108 0.619405 -0.707108 
vn 0.341078 0.619406 -0.707108 
vn 0.321359 0.629863 -0.707107 
vn 0.333675 0.623425 -0.707108 
vn 0.317152 0.631992 -0.707107 
vn 0.321373 0.629856 -0.707107 
vn 0.307589 0.636703 -0.707105 
vn 0.301312 0.639699 -0.707104 
vn 0.301327 0.639692 -0.707104 
vn 0.28117 0.648809 -0.7071 
vn 0.290099 0.644864 -0.707102 
vn 0.281027 0.64887 -0.7071 
vn 0.281037 0.648866 -0.7071 
vn 0.260527 0.657374 -0.707096 
vn 0.262574 0.656559 -0.707097 
vn 0.260525 0.657374 -0.707096 
vn 0.239825 0.665208 -0.707094 
vn 0.254529 0.65972 -0.707096 
vn 0.218944 0.672368 -0.707096 
vn 0.234776 0.667007 -0.707094 
vn 0.22777 0.669431 -0.707094 
vn 0.239817 0.665211 -0.707094 
vn 0.218929 0.672373 -0.707096 
vn 0.200989 0.677947 -0.707101 
vn 0.206901 0.676168 -0.707099 
vn 0.197903 0.678852 -0.707102 
vn 0.178144 0.684296 -0.70711 
vn 0.197887 0.678857 -0.707102 
vn 0.177876 0.684366 -0.70711 
vn 0.177867 0.684368 -0.70711 
vn 0.156108 0.689668 -0.707099 
vn 0.172914 0.685637 -0.707108 
vn 0.13492 0.694142 -0.707081 
vn 0.148633 0.691323 -0.707093 
vn 0.144445 0.692214 -0.707089 
vn 0.156138 0.689661 -0.707099 
vn 0.134951 0.694136 -0.707081 
vn 0.116249 0.697525 -0.707068 
vn 0.119761 0.696929 -0.70707 
vn 0.113501 0.697979 -0.707066 
vn 0.0918638 0.701161 -0.707061 
vn 0.11352 0.697976 -0.707066 
vn 0.0700203 0.703672 -0.707067 
vn 0.0911357 0.701256 -0.707061 
vn 0.0879074 0.701668 -0.707061 
vn 0.0918648 0.701161 -0.707061 
vn 0.0479853 0.705502 -0.707082 
vn 0.0623775 0.704386 -0.707071 
vn 0.0589886 0.704676 -0.707073 
vn 0.0700025 0.703674 -0.707067 
vn 0.0479555 0.705504 -0.707082 
vn 0.0290303 0.706521 -0.707097 
vn 0.0330959 0.706345 -0.707094 
vn 0.0257777 0.706644 -0.707099 
vn 0.00499639 0.707089 -0.707107 
vn 0.0257495 0.706646 -0.707099 
vn 0.00456853 0.707091 -0.707107 
vn 0.00498795 0.707089 -0.707107 
vn 0 0 -1 
vn 0.0230949 0.706747 0.70709 
vn 4.56402e-05 0.707107 0.707107 
vn 4.64683e-05 0.707107 0.707107 
vn 0.0448364 0.705741 0.70705 
vn 0.0281901 0.706569 0.707082 
vn 0.0319727 0.706415 0.707076 
vn 0.022987 0.70675 0.70709 
vn 0.0665296 0.704082 0.706995 
vn 0.0574267 0.704859 0.707019 
vn 0.0616686 0.704512 0.707008 
vn 0.0446632 0.705752 0.70705 
vn 0.0862315 0.701998 0.70694 
vn 0.0663243 0.704101 0.706996 
vn 0.0879435 0.70179 0.706934 
vn 0.0881514 0.701765 0.706934 
vn 0.109685 0.698784 0.706873 
vn 0.0907824 0.701437 0.706926 
vn 0.131113 0.695137 0.70682 
vn 0.114714 0.69799 0.70686 
vn 0.119362 0.697222 0.706848 
vn 0.1095 0.698813 0.706874 
vn 0.152418 0.69082 0.706779 
vn 0.142987 0.692817 0.706795 
vn 0.147455 0.691888 0.706787 
vn 0.13097 0.695164 0.70682 
vn 0.152333 0.690839 0.706779 
vn 0.173563 0.685839 0.706754 
vn 0.17116 0.68644 0.706756 
vn 0.173581 0.685834 0.706754 
vn 0.194586 0.680178 0.706749 
vn 0.17511 0.685446 0.706753 
vn 0.215415 0.673855 0.706764 
vn 0.199348 0.678796 0.70675 
vn 0.202376 0.677898 0.706752 
vn 0.194638 0.680163 0.706749 
vn 0.236051 0.66687 0.706799 
vn 0.226874 0.670066 0.706781 
vn 0.229298 0.669236 0.706785 
vn 0.215534 0.673817 0.706764 
vn 0.254462 0.660014 0.706845 
vn 0.236228 0.666807 0.706799 
vn 0.255925 0.659444 0.706849 
vn 0.256478 0.659227 0.706851 
vn 0.276681 0.650936 0.706916 
vn 0.256697 0.659142 0.706851 
vn 0.296646 0.642006 0.706986 
vn 0.281287 0.648942 0.706932 
vn 0.282302 0.648497 0.706935 
vn 0.27692 0.650834 0.706916 
vn 0.316362 0.632448 0.707053 
vn 0.307494 0.636839 0.707024 
vn 0.308474 0.636362 0.707027 
vn 0.296876 0.641899 0.706987 
vn 0.335817 0.622278 0.707105 
vn 0.33325 0.623663 0.707099 
vn 0.33449 0.622996 0.707102 
vn 0.316549 0.632354 0.707053 
vn 0.355003 0.61151 0.707126 
vn 0.335922 0.622221 0.707105 
vn 0.37376 0.600258 0.707102 
vn 0.358712 0.609343 0.707126 
vn 0.360397 0.608349 0.707125 
vn 0.354983 0.611522 0.707126 
vn 0.390681 0.589424 0.70707 
vn 0.38236 0.59484 0.707083 
vn 0.385109 0.59307 0.707078 
vn 0.373592 0.600362 0.707103 
vn 0.390598 0.589479 0.70707 
vn 0.408547 0.577199 0.707058 
vn 0.405107 0.579618 0.707059 
vn 0.408564 0.577187 0.707058 
vn 0.408598 0.577163 0.707058 
vn 0.426017 0.564425 0.70706 
vn 0.443035 0.551153 0.707071 
vn 0.428802 0.56231 0.707062 
vn 0.431597 0.560166 0.707063 
vn 0.426042 0.564406 0.70706 
vn 0.459606 0.537394 0.707085 
vn 0.451482 0.544247 0.707078 
vn 0.45396 0.542179 0.70708 
vn 0.443081 0.551116 0.707071 
vn 0.459655 0.537353 0.707085 
vn 0.475545 0.523326 0.707098 
vn 0.473131 0.525512 0.707096 
vn 0.475718 0.523168 0.707098 
vn 0.49136 0.508495 0.707105 
vn 0.475754 0.523136 0.707098 
vn 0.506723 0.493184 0.707108 
vn 0.493733 0.506191 0.707106 
vn 0.496221 0.503751 0.707107 
vn 0.491371 0.508485 0.707105 
vn 0.521488 0.477544 0.707108 
vn 0.513654 0.48596 0.707108 
vn 0.516367 0.483076 0.707108 
vn 0.506728 0.493179 0.707108 
vn 0.521494 0.477537 0.707108 
vn 0.535491 0.461787 0.707108 
vn 0.532655 0.465056 0.707108 
vn 0.535646 0.461608 0.707108 
vn 0.549344 0.445221 0.707106 
vn 0.535648 0.461606 0.707108 
vn 0.56257 0.42839 0.707104 
vn 0.550799 0.443421 0.707106 
vn 0.553649 0.439857 0.707106 
vn 0.54934 0.445226 0.707106 
vn 0.575312 0.41112 0.707104 
vn 0.568238 0.420844 0.707104 
vn 0.571233 0.41677 0.707104 
vn 0.562563 0.4284 0.707104 
vn 0.57531 0.411123 0.707104 
vn 0.587744 0.393136 0.707108 
vn 0.585117 0.397037 0.707107 
vn 0.587799 0.393053 0.707108 
vn 0.599509 0.374932 0.707117 
vn 0.587814 0.393031 0.707108 
vn 0.61056 0.356632 0.707128 
vn 0.599995 0.374154 0.707118 
vn 0.603376 0.368671 0.707121 
vn 0.59954 0.374883 0.707117 
vn 0.62107 0.337975 0.707138 
vn 0.614984 0.348938 0.707133 
vn 0.617861 0.343813 0.707135 
vn 0.610592 0.356576 0.707128 
vn 0.621096 0.337929 0.707138 
vn 0.631044 0.31895 0.707145 
vn 0.628589 0.323765 0.707144 
vn 0.631031 0.318976 0.707145 
vn 0.640434 0.299647 0.707146 
vn 0.631248 0.318547 0.707145 
vn 0.64927 0.279997 0.707142 
vn 0.640985 0.298466 0.707146 
vn 0.643581 0.29283 0.707145 
vn 0.640434 0.299647 0.707146 
vn 0.657528 0.260036 0.707133 
vn 0.652318 0.272828 0.707139 
vn 0.654897 0.266584 0.707137 
vn 0.649259 0.280024 0.707142 
vn 0.65751 0.260083 0.707133 
vn 0.665177 0.239828 0.707122 
vn 0.662693 0.246599 0.707126 
vn 0.665196 0.239775 0.707122 
vn 0.665225 0.239696 0.707122 
vn 0.67226 0.219223 0.707112 
vn 0.672178 0.219474 0.707112 
vn 0.678705 0.198392 0.707107 
vn 0.674572 0.212012 0.707109 
vn 0.672248 0.219263 0.707112 
vn 0.68078 0.191149 0.707107 
vn 0.678706 0.198389 0.707107 
vn 0.682836 0.183665 0.707108 
vn 0.684378 0.177828 0.707109 
vn 0.684385 0.177801 0.707109 
vn 0.689464 0.156934 0.707115 
vn 0.687799 0.164085 0.707113 
vn 0.689458 0.15696 0.707115 
vn 0.693947 0.135713 0.70712 
vn 0.689782 0.155527 0.707115 
vn 0.697789 0.114312 0.707124 
vn 0.693991 0.135489 0.70712 
vn 0.695571 0.12712 0.707122 
vn 0.693951 0.135695 0.70712 
vn 0.698936 0.107071 0.707124 
vn 0.69779 0.114306 0.707124 
vn 0.7002 0.0984649 0.707124 
vn 0.700977 0.092774 0.707124 
vn 0.700976 0.0927809 0.707124 
vn 0.703505 0.0711354 0.707122 
vn 0.702702 0.0786575 0.707123 
vn 0.703506 0.0711172 0.707122 
vn 0.705322 0.0500673 0.707117 
vn 0.703661 0.0695701 0.707121 
vn 0.70537 0.0493849 0.707117 
vn 0.705372 0.0493609 0.707117 
vn 0.706566 0.0275246 0.707111 
vn 0.705942 0.040427 0.707115 
vn 0.706789 0.0211077 0.70711 
vn 0.706565 0.027546 0.707111 
vn 0.70702 0.0110139 0.707108 
vn 0.707084 0.00562864 0.707107 
vn 0.707084 0.00563617 0.707107 
vn 0.706919 -0.0163092 0.707107 
vn 0.707058 -0.00832782 0.707107 
vn 0.706919 -0.0163079 0.707107 
vn 0.706073 -0.038205 0.707108 
vn 0.706869 -0.0183449 0.707107 
vn 0.706063 -0.0383991 0.707108 
vn 0.706063 -0.0383979 0.707108 
vn 0.704512 -0.0605124 0.707107 
vn 0.705499 -0.0476429 0.707108 
vn 0.702918 -0.0768554 0.707107 
vn 0.702276 -0.0825137 0.707107 
vn 0.703842 -0.0678665 0.707107 
vn 0.704512 -0.0605117 0.707107 
vn 0.702276 -0.0825118 0.707107 
vn 0.699327 -0.104597 0.707107 
vn 0.700429 -0.0969519 0.707107 
vn 0.699328 -0.104595 0.707107 
vn 0.695794 -0.125971 0.707108 
vn 0.699121 -0.10597 0.707107 
vn 0.69567 -0.126659 0.707108 
vn 0.69567 -0.126655 0.707108 
vn 0.691351 -0.148432 0.707108 
vn 0.694104 -0.134973 0.707108 
vn 0.689986 -0.154652 0.707108 
vn 0.691351 -0.148432 0.707108 
vn 0.6879 -0.163684 0.707108 
vn 0.686321 -0.170181 0.707108 
vn 0.686322 -0.170177 0.707108 
vn 0.680579 -0.191865 0.707107 
vn 0.682896 -0.183446 0.707107 
vn 0.680578 -0.191867 0.707107 
vn 0.674271 -0.212972 0.707108 
vn 0.680441 -0.192353 0.707107 
vn 0.667185 -0.23422 0.707111 
vn 0.674188 -0.213233 0.707108 
vn 0.671844 -0.220504 0.707109 
vn 0.674269 -0.212978 0.707108 
vn 0.659439 -0.255214 0.707111 
vn 0.664242 -0.242439 0.707111 
vn 0.661994 -0.248511 0.707111 
vn 0.667183 -0.234224 0.707111 
vn 0.65944 -0.255212 0.707111 
vn 0.651062 -0.275891 0.707108 
vn 0.65339 -0.27033 0.707109 
vn 0.651059 -0.275897 0.707108 
vn 0.650968 -0.276112 0.707108 
vn 0.642042 -0.296279 0.707107 
vn 0.632238 -0.316656 0.707109 
vn 0.641595 -0.297247 0.707107 
vn 0.638819 -0.303166 0.707107 
vn 0.642042 -0.296279 0.707107 
vn 0.621832 -0.336626 0.707113 
vn 0.628686 -0.323648 0.707111 
vn 0.625464 -0.329829 0.707112 
vn 0.632233 -0.316666 0.707109 
vn 0.621829 -0.336632 0.707113 
vn 0.61098 -0.355942 0.707113 
vn 0.614651 -0.349564 0.707113 
vn 0.610785 -0.356276 0.707113 
vn 0.59939 -0.375136 0.70711 
vn 0.610788 -0.356272 0.707113 
vn 0.59912 -0.375567 0.70711 
vn 0.599114 -0.375576 0.70711 
vn 0.586833 -0.394495 0.707107 
vn 0.595378 -0.381472 0.707109 
vn 0.586836 -0.394491 0.707107 
vn 0.578723 -0.4063 0.707107 
vn 0.582616 -0.400697 0.707107 
vn 0.577854 -0.407534 0.707107 
vn 0.57785 -0.407539 0.707107 
vn 0.564609 -0.425689 0.707111 
vn 0.566106 -0.423697 0.70711 
vn 0.564615 -0.425681 0.707111 
vn 0.550746 -0.443476 0.707113 
vn 0.563279 -0.427446 0.707111 
vn 0.536364 -0.460768 0.707111 
vn 0.547225 -0.447813 0.707113 
vn 0.544592 -0.451012 0.707112 
vn 0.550744 -0.443478 0.707113 
vn 0.52149 -0.477543 0.707107 
vn 0.527696 -0.470674 0.707109 
vn 0.524936 -0.473751 0.707108 
vn 0.536369 -0.460763 0.707111 
vn 0.521499 -0.477534 0.707107 
vn 0.506145 -0.493781 0.707105 
vn 0.50767 -0.492214 0.707105 
vn 0.506141 -0.493786 0.707105 
vn 0.489873 -0.509925 0.707107 
vn 0.504533 -0.495429 0.707105 
vn 0.473084 -0.525554 0.707096 
vn 0.486607 -0.513044 0.707106 
vn 0.48277 -0.516659 0.707104 
vn 0.489886 -0.509912 0.707107 
vn 0.473121 -0.52552 0.707096 
vn 0.460218 -0.536875 0.707082 
vn 0.464602 -0.533079 0.707087 
vn 0.456325 -0.540194 0.707077 
vn 0.456373 -0.540153 0.707077 
vn 0.439097 -0.554311 0.70706 
vn 0.442079 -0.551932 0.707063 
vn 0.439055 -0.554344 0.70706 
vn 0.421287 -0.567976 0.707051 
vn 0.437161 -0.555841 0.707058 
vn 0.403042 -0.58106 0.707055 
vn 0.41877 -0.569834 0.70705 
vn 0.413448 -0.573707 0.707051 
vn 0.421305 -0.567963 0.707051 
vn 0.403013 -0.58108 0.707055 
vn 0.388934 -0.590577 0.707071 
vn 0.394403 -0.586948 0.707064 
vn 0.384342 -0.593567 0.707078 
vn 0.384241 -0.593632 0.707078 
vn 0.364753 -0.605756 0.707118 
vn 0.368423 -0.603537 0.707112 
vn 0.364864 -0.605689 0.707118 
vn 0.344839 -0.617308 0.707119 
vn 0.363158 -0.60671 0.70712 
vn 0.325407 -0.627811 0.707081 
vn 0.344183 -0.617675 0.707118 
vn 0.336166 -0.622089 0.707105 
vn 0.344884 -0.617283 0.707119 
vn 0.309099 -0.636053 0.707032 
vn 0.305668 -0.637721 0.707021 
vn 0.318118 -0.631559 0.70706 
vn 0.325556 -0.627734 0.707081 
vn 0.305877 -0.637621 0.707021 
vn 0.285861 -0.646917 0.706952 
vn 0.291803 -0.644236 0.706973 
vn 0.285628 -0.647021 0.706952 
vn 0.265299 -0.655691 0.706884 
vn 0.281917 -0.648661 0.706939 
vn 0.265091 -0.655776 0.706884 
vn 0.265525 -0.6556 0.706885 
vn 0.254579 -0.659962 0.706852 
vn 0.244697 -0.663717 0.706826 
vn 0.227048 -0.67 0.706788 
vn 0.223839 -0.671084 0.706783 
vn 0.237828 -0.666226 0.70681 
vn 0.24489 -0.663646 0.706826 
vn 0.22398 -0.671037 0.706783 
vn 0.202818 -0.677758 0.706759 
vn 0.209853 -0.675607 0.706765 
vn 0.202742 -0.677781 0.706759 
vn 0.181427 -0.683799 0.706756 
vn 0.199285 -0.678808 0.706757 
vn 0.159915 -0.689129 0.706773 
vn 0.180691 -0.683993 0.706756 
vn 0.171251 -0.686412 0.706762 
vn 0.181433 -0.683797 0.706756 
vn 0.159851 -0.689144 0.706773 
vn 0.14291 -0.692829 0.706799 
vn 0.151311 -0.691057 0.706785 
vn 0.138228 -0.693769 0.706808 
vn 0.138102 -0.693794 0.706808 
vn 0.116215 -0.697744 0.706857 
vn 0.122291 -0.69672 0.706843 
vn 0.116389 -0.697715 0.706857 
vn 0.0944216 -0.700967 0.706916 
vn 0.114221 -0.698068 0.706862 
vn 0.0723474 -0.703526 0.706978 
vn 0.0932734 -0.701117 0.706919 
vn 0.0851498 -0.702128 0.706942 
vn 0.0942173 -0.700994 0.706916 
vn 0.0721378 -0.703547 0.706978 
vn 0.0556585 -0.704998 0.707022 
vn 0.0641425 -0.704299 0.707 
vn 0.0501892 -0.705395 0.707035 
vn 0.0500036 -0.705408 0.707035 
vn 0.0278409 -0.706585 0.707081 
vn 0.0347904 -0.706289 0.707068 
vn 0.0279689 -0.70658 0.70708 
vn 0.00570773 -0.707086 0.707105 
vn 0.0257132 -0.706662 0.707084 
vn -0.016314 -0.706925 0.7071 
vn 0.00511371 -0.70709 0.707105 
vn 0.000176553 -0.707107 0.707107 
vn 0.00567434 -0.707086 0.707105 
vn -0.0381278 -0.706116 0.707069 
vn -0.0247677 -0.706689 0.707091 
vn -0.0302641 -0.706483 0.707083 
vn -0.0162361 -0.706927 0.7071 
vn -0.0379736 -0.706124 0.707069 
vn -0.0596343 -0.704674 0.707021 
vn -0.0540802 -0.705108 0.707035 
vn -0.0598309 -0.704658 0.70702 
vn -0.0600631 -0.704639 0.70702 
vn -0.0814676 -0.702544 0.706962 
vn -0.103021 -0.69977 0.706901 
vn -0.0829128 -0.702379 0.706958 
vn -0.0892649 -0.701619 0.706939 
vn -0.0812588 -0.702568 0.706962 
vn -0.102826 -0.699798 0.706901 
vn -0.117916 -0.697455 0.70686 
vn -0.111412 -0.698506 0.706878 
vn -0.124474 -0.696332 0.706844 
vn -0.124314 -0.69636 0.706844 
vn -0.145701 -0.692249 0.706798 
vn -0.139687 -0.693475 0.70681 
vn -0.145808 -0.692226 0.706797 
vn -0.146065 -0.692173 0.706797 
vn -0.167007 -0.687452 0.706766 
vn -0.188053 -0.68201 0.706752 
vn -0.167849 -0.687248 0.706765 
vn -0.173761 -0.685783 0.706759 
vn -0.166963 -0.687463 0.706766 
vn -0.208928 -0.675901 0.706758 
vn -0.196011 -0.679766 0.706752 
vn -0.201051 -0.678291 0.706753 
vn -0.188078 -0.682003 0.706752 
vn -0.209021 -0.675872 0.706758 
vn -0.227984 -0.669688 0.706782 
vn -0.223595 -0.671174 0.706775 
vn -0.229616 -0.669128 0.706785 
vn -0.250099 -0.661696 0.70683 
vn -0.22977 -0.669075 0.706785 
vn -0.270364 -0.653613 0.70689 
vn -0.251174 -0.661286 0.706833 
vn -0.254609 -0.659962 0.706842 
vn -0.250302 -0.661619 0.70683 
vn -0.290394 -0.644888 0.706958 
vn -0.278091 -0.650335 0.706915 
vn -0.280972 -0.649085 0.706925 
vn -0.270595 -0.653517 0.70689 
vn -0.310179 -0.635532 0.707027 
vn -0.304362 -0.638361 0.707007 
vn -0.307124 -0.637026 0.707016 
vn -0.290629 -0.644782 0.706958 
vn -0.329708 -0.625558 0.707086 
vn -0.310386 -0.635431 0.707027 
vn -0.34897 -0.61498 0.707121 
vn -0.330153 -0.625321 0.707087 
vn -0.333113 -0.623742 0.707094 
vn -0.329849 -0.625483 0.707086 
vn -0.367961 -0.603814 0.707117 
vn -0.355629 -0.611149 0.707125 
vn -0.358989 -0.609181 0.707125 
vn -0.349004 -0.61496 0.707121 
vn -0.367841 -0.603887 0.707117 
vn -0.384096 -0.593722 0.707082 
vn -0.380006 -0.596338 0.70709 
vn -0.385649 -0.592718 0.707079 
vn -0.402581 -0.581378 0.707056 
vn -0.385545 -0.592785 0.707079 
vn -0.403113 -0.58101 0.707055 
vn -0.403148 -0.580986 0.707055 
vn -0.420578 -0.568503 0.707049 
vn -0.40769 -0.577812 0.707052 
vn -0.437662 -0.55545 0.707056 
vn -0.426189 -0.564308 0.70705 
vn -0.430466 -0.561051 0.707051 
vn -0.420591 -0.568494 0.707049 
vn -0.437701 -0.555419 0.707056 
vn -0.452574 -0.54335 0.70707 
vn -0.448682 -0.546574 0.707066 
vn -0.454392 -0.541828 0.707072 
vn -0.470345 -0.528013 0.707091 
vn -0.45444 -0.541788 0.707072 
vn -0.470799 -0.527608 0.707091 
vn -0.470757 -0.527645 0.707091 
vn -0.486751 -0.512908 0.707105 
vn -0.474165 -0.52458 0.707095 
vn -0.502147 -0.497846 0.707106 
vn -0.491446 -0.508409 0.707107 
vn -0.495394 -0.504563 0.707108 
vn -0.486773 -0.512888 0.707105 
vn -0.502147 -0.497845 0.707106 
vn -0.515254 -0.484267 0.707106 
vn -0.511339 -0.488401 0.707105 
vn -0.516506 -0.482932 0.707106 
vn -0.530276 -0.467764 0.70711 
vn -0.516514 -0.482924 0.707106 
vn -0.531064 -0.466869 0.70711 
vn -0.531058 -0.466876 0.70711 
vn -0.545071 -0.450432 0.707113 
vn -0.534348 -0.463105 0.707111 
vn -0.55854 -0.433618 0.707113 
vn -0.54863 -0.446089 0.707113 
vn -0.552711 -0.441023 0.707113 
vn -0.545072 -0.45043 0.707113 
vn -0.558536 -0.433624 0.707113 
vn -0.570487 -0.41778 0.70711 
vn -0.566303 -0.423433 0.707111 
vn -0.571454 -0.416457 0.707109 
vn -0.583184 -0.39987 0.707107 
vn -0.571448 -0.416466 0.707109 
vn -0.583798 -0.398974 0.707107 
vn -0.583799 -0.398972 0.707107 
vn -0.59099 -0.388239 0.707108 
vn -0.586891 -0.39441 0.707107 
vn -0.590994 -0.388233 0.707108 
vn -0.602411 -0.370263 0.707111 
vn -0.598057 -0.377258 0.70711 
vn -0.602567 -0.37001 0.707111 
vn -0.612934 -0.352567 0.707113 
vn -0.602572 -0.370001 0.707111 
vn -0.613508 -0.351566 0.707113 
vn -0.613507 -0.351568 0.707113 
vn -0.623886 -0.332803 0.707112 
vn -0.616962 -0.345468 0.707113 
vn -0.626765 -0.327351 0.707112 
vn -0.623883 -0.33281 0.707112 
vn -0.630514 -0.320073 0.70711 
vn -0.633694 -0.313732 0.707109 
vn -0.633689 -0.313742 0.707109 
vn -0.64292 -0.29437 0.707107 
vn -0.639436 -0.301861 0.707107 
vn -0.64292 -0.29437 0.707107 
vn -0.651027 -0.275977 0.707107 
vn -0.643041 -0.294106 0.707107 
vn -0.651562 -0.27471 0.707107 
vn -0.651562 -0.274712 0.707107 
vn -0.659655 -0.254669 0.707106 
vn -0.654507 -0.267618 0.707107 
vn -0.661636 -0.249477 0.707106 
vn -0.659653 -0.254672 0.707106 
vn -0.664918 -0.240597 0.707104 
vn -0.667117 -0.234435 0.707103 
vn -0.667115 -0.234441 0.707103 
vn -0.67394 -0.21404 0.707101 
vn -0.671232 -0.222385 0.707102 
vn -0.67394 -0.214038 0.707101 
vn -0.679752 -0.194778 0.707106 
vn -0.674177 -0.21329 0.707101 
vn -0.680121 -0.193485 0.707106 
vn -0.680115 -0.193504 0.707106 
vn -0.685928 -0.171721 0.707117 
vn -0.682316 -0.185577 0.707111 
vn -0.687124 -0.166863 0.707119 
vn -0.685935 -0.171693 0.707117 
vn -0.689463 -0.156908 0.707122 
vn -0.690827 -0.150783 0.707123 
vn -0.690832 -0.150757 0.707123 
vn -0.695101 -0.129651 0.707125 
vn -0.693424 -0.138342 0.707125 
vn -0.695098 -0.129666 0.707125 
vn -0.698457 -0.110148 0.707124 
vn -0.695348 -0.128319 0.707125 
vn -0.698736 -0.108372 0.707124 
vn -0.698735 -0.108374 0.707124 
vn -0.701731 -0.086918 0.70712 
vn -0.700023 -0.099729 0.707123 
vn -0.702318 -0.0820458 0.707119 
vn -0.701729 -0.0869295 0.70712 
vn -0.70352 -0.0710252 0.707117 
vn -0.704075 -0.065311 0.707116 
vn -0.704073 -0.0653332 0.707116 
vn -0.705757 -0.043593 0.707111 
vn -0.705056 -0.0537324 0.707113 
vn -0.705759 -0.043567 0.707111 
vn -0.70585 -0.0420649 0.707111 
vn -0.706772 -0.0217209 0.707108 
vn -0.706668 -0.0248784 0.707108 
vn -0.706773 -0.0217014 0.707108 
vn -0.707107 -5.532e-05 0.707107 
vn -0.706993 -0.0126726 0.707107 
vn -0.706759 0.022208 0.707106 
vn -0.70709 0.00493984 0.707107 
vn -0.706991 0.0128353 0.707106 
vn -0.707107 -5.50141e-05 0.707107 
vn -0.706759 0.0222262 0.707106 
vn -0.705836 0.0424197 0.707104 
vn -0.706228 0.0352957 0.707104 
vn -0.70574 0.0440057 0.707103 
vn -0.704139 0.0647721 0.707102 
vn -0.705738 0.0440295 0.707103 
vn -0.704033 0.0659068 0.707102 
vn -0.704035 0.0658868 0.707102 
vn -0.701635 0.087827 0.707103 
vn -0.7035 0.071378 0.707102 
vn -0.698532 0.109801 0.707105 
vn -0.7009 0.0935112 0.707103 
vn -0.700002 0.100008 0.707104 
vn -0.701634 0.0878367 0.707103 
vn -0.698532 0.109797 0.707105 
vn -0.69532 0.128565 0.707107 
vn -0.696509 0.121965 0.707106 
vn -0.694718 0.131779 0.707108 
vn -0.694721 0.131762 0.707108 
vn -0.690196 0.153703 0.70711 
vn -0.690892 0.150544 0.70711 
vn -0.69019 0.153729 0.70711 
vn -0.684948 0.175616 0.70711 
vn -0.689392 0.157271 0.70711 
vn -0.679 0.197383 0.707106 
vn -0.683904 0.179642 0.70711 
vn -0.682116 0.186319 0.707108 
vn -0.684956 0.175588 0.70711 
vn -0.679002 0.197376 0.707106 
vn -0.673508 0.215384 0.707105 
vn -0.675163 0.210138 0.707105 
vn -0.672473 0.21859 0.707105 
vn -0.665309 0.239496 0.707111 
vn -0.672462 0.218625 0.707105 
vn -0.657452 0.260272 0.707118 
vn -0.665254 0.239648 0.707111 
vn -0.663845 0.243522 0.707112 
vn -0.665291 0.239545 0.707111 
vn -0.648906 0.280886 0.707124 
vn -0.654624 0.267298 0.70712 
vn -0.653134 0.270915 0.707122 
vn -0.657435 0.260315 0.707118 
vn -0.648896 0.280909 0.707124 
vn -0.641345 0.297738 0.707127 
vn -0.643062 0.294012 0.707127 
vn -0.639677 0.301303 0.707127 
vn -0.639679 0.301299 0.707127 
vn -0.629791 0.321459 0.707127 
vn -0.630467 0.32013 0.707127 
vn -0.629775 0.321489 0.707127 
vn -0.619209 0.341406 0.707122 
vn -0.628428 0.324116 0.707126 
vn -0.607991 0.361019 0.707115 
vn -0.616698 0.345924 0.707121 
vn -0.61432 0.350134 0.707119 
vn -0.619237 0.341357 0.707122 
vn -0.596134 0.38029 0.707109 
vn -0.601577 0.371615 0.707112 
vn -0.598951 0.375835 0.70711 
vn -0.608024 0.360963 0.707115 
vn -0.596161 0.380247 0.707109 
vn -0.585274 0.396806 0.707107 
vn -0.572234 0.415392 0.707106 
vn -0.584842 0.397442 0.707107 
vn -0.582226 0.401264 0.707107 
vn -0.585265 0.396819 0.707107 
vn -0.558827 0.433266 0.707101 
vn -0.568122 0.421 0.707105 
vn -0.56435 0.426044 0.707104 
vn -0.572229 0.415398 0.707105 
vn -0.558821 0.433275 0.707101 
vn -0.558776 0.433332 0.707101 
vn -0.544828 0.450755 0.707094 
vn -0.549338 0.445244 0.707097 
vn -0.530253 0.467832 0.707083 
vn -0.54 0.456534 0.707091 
vn -0.54483 0.450753 0.707094 
vn -0.530027 0.468088 0.707082 
vn -0.53027 0.467812 0.707083 
vn -0.520234 0.478962 0.707073 
vn -0.515119 0.484467 0.707067 
vn -0.499617 0.500463 0.70705 
vn -0.499445 0.500635 0.70705 
vn -0.510126 0.48973 0.707062 
vn -0.515155 0.484428 0.707067 
vn -0.499501 0.500579 0.70705 
vn -0.483324 0.516241 0.707031 
vn -0.489533 0.510347 0.707038 
vn -0.483253 0.516307 0.707031 
vn -0.46814 0.530069 0.707016 
vn -0.478142 0.521051 0.707026 
vn -0.466638 0.531393 0.707015 
vn -0.466563 0.53146 0.707015 
vn -0.455802 0.540728 0.707006 
vn -0.449396 0.546068 0.707003 
vn -0.432597 0.559474 0.707 
vn -0.431775 0.560108 0.707 
vn -0.445833 0.548983 0.707001 
vn -0.449462 0.546014 0.707003 
vn -0.431811 0.56008 0.707 
vn -0.413704 0.573573 0.70701 
vn -0.422493 0.567138 0.707003 
vn -0.413723 0.573559 0.70701 
vn -0.397997 0.584553 0.707033 
vn -0.408532 0.57726 0.707016 
vn -0.395157 0.58647 0.707039 
vn -0.395263 0.586399 0.707039 
vn -0.383623 0.594044 0.707068 
vn -0.376417 0.598608 0.707091 
vn -0.358461 0.609476 0.707139 
vn -0.358579 0.609406 0.707139 
vn -0.372212 0.601214 0.707107 
vn -0.376189 0.598752 0.707092 
vn -0.357273 0.610171 0.70714 
vn -0.339108 0.620452 0.707138 
vn -0.347991 0.615508 0.707144 
vn -0.339073 0.620472 0.707138 
vn -0.319692 0.630719 0.7071 
vn -0.319551 0.63079 0.7071 
vn -0.32198 0.629547 0.707106 
vn -0.330214 0.625247 0.707124 
vn -0.303099 0.638912 0.707052 
vn -0.299724 0.640514 0.707041 
vn -0.27983 0.649526 0.706973 
vn -0.279601 0.649625 0.706973 
vn -0.295743 0.642377 0.707028 
vn -0.299927 0.640419 0.707041 
vn -0.259418 0.658016 0.706907 
vn -0.259194 0.658104 0.706907 
vn -0.269129 0.65407 0.706938 
vn -0.275881 0.651228 0.70696 
vn -0.23871 0.665868 0.70685 
vn -0.238518 0.665937 0.70685 
vn -0.241975 0.66468 0.706859 
vn -0.248513 0.662245 0.706875 
vn -0.22095 0.672008 0.706814 
vn -0.21759 0.673109 0.706809 
vn -0.196508 0.679585 0.706787 
vn -0.196428 0.679608 0.706788 
vn -0.214114 0.674228 0.706804 
vn -0.217732 0.673063 0.706809 
vn -0.175064 0.685424 0.706786 
vn -0.175054 0.685427 0.706786 
vn -0.185111 0.682781 0.706784 
vn -0.19315 0.680549 0.706786 
vn -0.153431 0.69057 0.706805 
vn -0.153487 0.690557 0.706805 
vn -0.155666 0.690072 0.706802 
vn -0.165066 0.687894 0.706792 
vn -0.136656 0.694057 0.706831 
vn -0.131751 0.694995 0.70684 
vn -0.109707 0.698764 0.70689 
vn -0.109868 0.698739 0.70689 
vn -0.126637 0.695934 0.706851 
vn -0.131635 0.695017 0.706841 
vn -0.107877 0.699044 0.706894 
vn -0.087674 0.701812 0.706947 
vn -0.0976343 0.700522 0.706921 
vn -0.0878619 0.701788 0.706947 
vn -0.0685342 0.703887 0.706998 
vn -0.078685 0.702852 0.706971 
vn -0.0655654 0.704163 0.707005 
vn -0.0657543 0.704145 0.707005 
vn -0.0490399 0.705466 0.707045 
vn -0.0435679 0.705814 0.707057 
vn -0.0212279 0.706801 0.707094 
vn -0.0213246 0.706798 0.707094 
vn -0.0392233 0.70606 0.707065 
vn -0.0434081 0.705823 0.707057 
vn -0.0189023 0.706865 0.707096 
vn -0.00959247 0.707044 0.707104 
vn 0 1 0 
vn -0.0257517 0.999668 0 
vn -0.0204179 0.999792 0 
vn -0.0289321 0.999581 0 
vn -0.0594919 0.998229 0 
vn -0.0508773 0.998705 0 
vn -0.0673102 0.997732 0 
vn -0.108834 0.99406 0 
vn -0.0816921 0.996658 0 
vn -0.0903847 0.995907 0 
vn -0.0673102 0.997732 0 
vn -0.144083 0.989566 0 
vn -0.112792 0.993619 0 
vn -0.121536 0.992587 0 
vn -0.150249 0.988648 0 
vn -0.108834 0.99406 0 
vn -0.152863 0.988247 0 
vn -0.184259 0.982878 0 
vn -0.175488 0.984482 0 
vn -0.191479 0.981497 0 
vn -0.23245 0.972608 0 
vn -0.206902 0.978362 0 
vn -0.215645 0.976472 0 
vn -0.191479 0.981497 0 
vn -0.269343 0.963044 0 
vn -0.238227 0.971209 0 
vn -0.246909 0.969039 0 
vn -0.273083 0.96199 0 
vn -0.23245 0.972608 0 
vn -0.27795 0.960596 0 
vn -0.308648 0.951176 0 
vn -0.300175 0.953884 0 
vn -0.313304 0.949653 0 
vn -0.353034 0.93561 0 
vn -0.330604 0.94377 0 
vn -0.33893 0.940812 0 
vn -0.313304 0.949653 0 
vn -0.389866 0.920872 0 
vn -0.360534 0.932746 0 
vn -0.368683 0.929555 0 
vn -0.392198 0.919881 0 
vn -0.353034 0.93561 0 
vn -0.39782 0.917464 0 
vn -0.426256 0.904603 0 
vn -0.418533 0.908202 0 
vn -0.430718 0.902486 0 
vn -0.468519 0.883454 0 
vn -0.446447 0.89481 0 
vn -0.453928 0.891039 0 
vn -0.430718 0.902486 0 
vn -0.499789 0.866147 0 
vn -0.473549 0.880767 0 
vn -0.480767 0.876848 0 
vn -0.505523 0.862813 0 
vn -0.468519 0.883454 0 
vn -0.541657 0.840599 0 
vn -0.523806 0.851837 0 
vn -0.531196 0.847249 0 
vn -0.507127 0.861871 0 
vn -0.576847 0.816852 0 
vn -0.550957 0.834534 0 
vn -0.557926 0.829891 0 
vn -0.541657 0.840599 0 
vn -0.584176 0.811627 0 
vn -0.609901 0.792478 0 
vn -0.602992 0.797747 0 
vn -0.61102 0.791615 0 
vn -0.577333 0.816509 0 
vn -0.576847 0.816852 0 
vn -0.644106 0.764937 0 
vn -0.627992 0.77822 0 
vn -0.635056 0.772466 0 
vn -0.61102 0.791615 0 
vn -0.676035 0.736869 0 
vn -0.65239 0.757884 0 
vn -0.659587 0.751628 0 
vn -0.644106 0.764937 0 
vn -0.683446 0.730001 0 
vn -0.706576 0.707637 0 
vn -0.699131 0.714993 0 
vn -0.706744 0.707469 0 
vn -0.676235 0.736686 0 
vn -0.676035 0.736869 0 
vn -0.706744 0.707469 0 
vn -0.72893 0.684588 0 
vn -0.721464 0.692452 0 
vn -0.736168 0.676799 0 
vn -0.764246 0.644925 0 
vn -0.743232 0.669033 0 
vn -0.750447 0.660931 0 
vn -0.736168 0.676799 0 
vn -0.78464 0.619951 0 
vn -0.76433 0.644826 0 
vn -0.771076 0.636744 0 
vn -0.790706 0.612196 0 
vn -0.764246 0.644925 0 
vn -0.790769 0.612115 0 
vn -0.798507 0.601985 0 
vn -0.8224 0.568909 0 
vn -0.804051 0.59456 0 
vn -0.809481 0.587147 0 
vn -0.823303 0.567602 0 
vn -0.798507 0.601985 0 
vn -0.84659 0.532245 0 
vn -0.839488 0.543379 0 
vn -0.842675 0.538422 0 
vn -0.827491 0.56148 0 
vn -0.868328 0.495991 0 
vn -0.856297 0.516484 0 
vn -0.859391 0.511318 0 
vn -0.84659 0.532245 0 
vn -0.887538 0.460734 0 
vn -0.872333 0.488911 0 
vn -0.875333 0.48352 0 
vn -0.888481 0.458914 0 
vn -0.868328 0.495991 0 
vn -0.890435 0.455111 0 
vn -0.904627 0.426205 0 
vn -0.901851 0.432047 0 
vn -0.907019 0.421091 0 
vn -0.923916 0.382596 0 
vn -0.915217 0.402961 0 
vn -0.91785 0.396927 0 
vn -0.907019 0.421091 0 
vn -0.939152 0.343503 0 
vn -0.938927 0.344116 0 
vn -0.930053 0.367427 0 
vn -0.923916 0.382596 0 
vn -0.927588 0.373604 0 
vn -0.941195 0.337864 0 
vn -0.951254 0.308409 0 
vn -0.949207 0.314653 0 
vn -0.952709 0.303885 0 
vn -0.964574 0.263814 0 
vn -0.958605 0.284738 0 
vn -0.960301 0.278967 0 
vn -0.952709 0.303885 0 
vn -0.974737 0.223357 0 
vn -0.974674 0.223628 0 
vn -0.968508 0.248981 0 
vn -0.964574 0.263814 0 
vn -0.967125 0.254302 0 
vn -0.975876 0.218326 0 
vn -0.982331 0.187152 0 
vn -0.98125 0.19274 0 
vn -0.98319 0.182583 0 
vn -0.98993 0.141557 0 
vn -0.986842 0.16169 0 
vn -0.987813 0.155648 0 
vn -0.98319 0.182583 0 
vn -0.994953 0.100345 0 
vn -0.991444 0.130531 0 
vn -0.992279 0.124023 0 
vn -0.98993 0.141557 0 
vn -0.995713 0.0924955 0 
vn -0.99812 0.0612898 0 
vn -0.997676 0.0681429 0 
vn -0.998257 0.0590088 0 
vn -0.995055 0.099325 0 
vn -0.994953 0.100345 0 
vn -0.999845 0.0176042 0 
vn -0.999313 0.0370619 0 
vn -0.999531 0.0306276 0 
vn -0.998257 0.0590088 0 
vn -0.999845 -0.0176039 0 
vn -0.999997 -0.00244881 0 
vn -0.999845 0.0176042 0 
vn -1 -6.08674e-05 0 
vn -0.999982 0.00603833 0 
vn -0.998258 -0.0590001 0 
vn -0.999445 -0.0332974 0 
vn -0.999542 -0.030276 0 
vn -0.994963 -0.100246 0 
vn -0.995489 -0.094879 0 
vn -0.995748 -0.0921201 0 
vn -0.997945 -0.0640756 0 
vn -0.998128 -0.0611676 0 
vn -0.989972 -0.141265 0 
vn -0.992119 -0.125302 0 
vn -0.99241 -0.122976 0 
vn -0.983302 -0.181979 0 
vn -0.98782 -0.155604 0 
vn -0.988133 -0.153598 0 
vn -0.974975 -0.222316 0 
vn -0.976404 -0.215953 0 
vn -0.982571 -0.185887 0 
vn -0.982951 -0.183867 0 
vn -0.976903 -0.213682 0 
vn -0.965012 -0.262205 0 
vn -0.969357 -0.245657 0 
vn -0.970034 -0.242968 0 
vn -0.953441 -0.301579 0 
vn -0.961309 -0.275474 0 
vn -0.96198 -0.27312 0 
vn -0.940291 -0.340373 0 
vn -0.942661 -0.333753 0 
vn -0.943399 -0.33166 0 
vn -0.952411 -0.304816 0 
vn -0.953102 -0.302649 0 
vn -0.925591 -0.378526 0 
vn -0.932029 -0.362384 0 
vn -0.932853 -0.360257 0 
vn -0.909374 -0.415979 0 
vn -0.920486 -0.390775 0 
vn -0.921433 -0.388537 0 
vn -0.891674 -0.452679 0 
vn -0.909204 -0.416351 0 
vn -0.89616 -0.443731 0 
vn -0.89507 -0.445926 0 
vn -0.908191 -0.418555 0 
vn -0.872524 -0.488571 0 
vn -0.88113 -0.472874 0 
vn -0.891674 -0.452679 0 
vn -0.882303 -0.470681 0 
vn -0.852187 -0.523237 0 
vn -0.85196 -0.523607 0 
vn -0.866388 -0.499372 0 
vn -0.867644 -0.497186 0 
vn -0.830017 -0.557738 0 
vn -0.834468 -0.551057 0 
vn -0.850857 -0.525398 0 
vn -0.85196 -0.523607 0 
vn -0.835819 -0.549005 0 
vn -0.825621 -0.564225 0 
vn -0.808094 -0.589054 0 
vn -0.816908 -0.576768 0 
vn -0.806737 -0.590911 0 
vn -0.799035 -0.601285 0 
vn -0.789884 -0.613257 0 
vn -0.781685 -0.623673 0 
vn -0.761093 -0.648643 0 
vn -0.78045 -0.625219 0 
vn -0.770931 -0.636919 0 
vn -0.755805 -0.654797 0 
vn -0.781685 -0.623673 0 
vn -0.751164 -0.660116 0 
vn -0.730493 -0.68292 0 
vn -0.740897 -0.671619 0 
vn -0.728696 -0.684837 0 
vn -0.720032 -0.693941 0 
vn -0.709876 -0.704326 0 
vn -0.700399 -0.713752 0 
vn -0.67739 -0.735624 0 
vn -0.699197 -0.714929 0 
vn -0.688531 -0.725207 0 
vn -0.670954 -0.741499 0 
vn -0.700399 -0.713752 0 
vn -0.666225 -0.745751 0 
vn -0.643059 -0.765817 0 
vn -0.654685 -0.755902 0 
vn -0.640403 -0.768039 0 
vn -0.631183 -0.775634 0 
vn -0.619154 -0.785269 0 
vn -0.608789 -0.793332 0 
vn -0.576158 -0.817339 0 
vn -0.582239 -0.813017 0 
vn -0.606995 -0.794705 0 
vn -0.608789 -0.793332 0 
vn -0.594634 -0.803997 0 
vn -0.569617 -0.82191 0 
vn -0.544608 -0.838691 0 
vn -0.557023 -0.830497 0 
vn -0.542555 -0.84002 0 
vn -0.53228 -0.846569 0 
vn -0.51996 -0.85419 0 
vn -0.508029 -0.86134 0 
vn -0.481269 -0.876573 0 
vn -0.507193 -0.861832 0 
vn -0.494457 -0.869202 0 
vn -0.47263 -0.881261 0 
vn -0.508029 -0.86134 0 
vn -0.468115 -0.883667 0 
vn -0.440987 -0.897514 0 
vn -0.454549 -0.890722 0 
vn -0.436408 -0.899749 0 
vn -0.427081 -0.904213 0 
vn -0.413131 -0.910672 0 
vn -0.399416 -0.91677 0 
vn -0.36171 -0.93229 0 
vn -0.370154 -0.92897 0 
vn -0.398922 -0.916985 0 
vn -0.399416 -0.91677 0 
vn -0.384617 -0.923076 0 
vn -0.325932 -0.945393 0 
vn -0.323346 -0.946281 0 
vn -0.340836 -0.940123 0 
vn -0.355518 -0.934669 0 
vn -0.295924 -0.955212 0 
vn -0.284382 -0.958711 0 
vn -0.311055 -0.950392 0 
vn -0.323346 -0.946281 0 
vn -0.244877 -0.969554 0 
vn -0.250462 -0.968126 0 
vn -0.280895 -0.959738 0 
vn -0.284382 -0.958711 0 
vn -0.265598 -0.964084 0 
vn -0.235046 -0.971984 0 
vn -0.204893 -0.978784 0 
vn -0.219817 -0.975541 0 
vn -0.164492 -0.986378 0 
vn -0.20436 -0.978896 0 
vn -0.173648 -0.984808 0 
vn -0.189066 -0.981964 0 
vn -0.127594 -0.991827 0 
vn -0.158294 -0.987392 0 
vn -0.142973 -0.989727 0 
vn -0.123737 -0.992315 0 
vn -0.164492 -0.986378 0 
vn -0.11243 -0.99366 0 
vn -0.0826945 -0.996575 0 
vn -0.0970284 -0.995282 0 
vn -0.0414302 -0.999141 0 
vn -0.082094 -0.996625 0 
vn -0.0520397 -0.998645 0 
vn -0.0666842 -0.997774 0 
vn -0.00685974 -0.999976 0 
vn -0.0366247 -0.999329 0 
vn -0.0222466 -0.999753 0 
vn 0 -1 0 
vn -0.0414302 -0.999141 0 
vn 0.00746965 -0.999972 0 
vn 0.0349053 -0.999391 0 
vn 0.0228459 -0.999739 0 
vn 0.0378361 -0.999284 0 
vn 0.0685669 -0.997647 0 
vn 0.0532671 -0.99858 0 
vn 0.0764625 -0.997072 0 
vn 0.115111 -0.993353 0 
vn 0.0840479 -0.996462 0 
vn 0.0995905 -0.995029 0 
vn 0.117969 -0.993017 0 
vn 0.0764625 -0.997072 0 
vn 0.130831 -0.991405 0 
vn 0.159349 -0.987222 0 
vn 0.146379 -0.989229 0 
vn 0.193606 -0.981079 0 
vn 0.200529 -0.979688 0 
vn 0.177758 -0.984074 0 
vn 0.162205 -0.986757 0 
vn 0.241432 -0.970418 0 
vn 0.240449 -0.970662 0 
vn 0.209153 -0.977883 0 
vn 0.200529 -0.979688 0 
vn 0.22496 -0.974368 0 
vn 0.27157 -0.962419 0 
vn 0.256156 -0.966635 0 
vn 0.281981 -0.95942 0 
vn 0.317668 -0.948202 0 
vn 0.3221 -0.946706 0 
vn 0.302392 -0.953184 0 
vn 0.287097 -0.957902 0 
vn 0.332816 -0.942992 0 
vn 0.3221 -0.946706 0 
vn 0.347799 -0.937569 0 
vn 0.361712 -0.93229 0 
vn 0.392069 -0.919936 0 
vn 0.362743 -0.931889 0 
vn 0.377384 -0.926057 0 
vn 0.400741 -0.916192 0 
vn 0.361712 -0.93229 0 
vn 0.406339 -0.913722 0 
vn 0.434588 -0.90063 0 
vn 0.420725 -0.907188 0 
vn 0.439109 -0.898434 0 
vn 0.47674 -0.879044 0 
vn 0.475709 -0.879603 0 
vn 0.462067 -0.886845 0 
vn 0.439109 -0.898434 0 
vn 0.448626 -0.89372 0 
vn 0.488716 -0.872443 0 
vn 0.513559 -0.858054 0 
vn 0.501918 -0.864915 0 
vn 0.542832 -0.839841 0 
vn 0.549492 -0.835499 0 
vn 0.525895 -0.850549 0 
vn 0.515708 -0.856764 0 
vn 0.584463 -0.81142 0 
vn 0.579414 -0.815033 0 
vn 0.552872 -0.833266 0 
vn 0.549492 -0.835499 0 
vn 0.569547 -0.821959 0 
vn 0.618403 -0.785861 0 
vn 0.605357 -0.795954 0 
vn 0.595708 -0.803201 0 
vn 0.645788 -0.763516 0 
vn 0.65124 -0.758872 0 
vn 0.630545 -0.776153 0 
vn 0.62117 -0.783676 0 
vn 0.682906 -0.730506 0 
vn 0.678083 -0.734986 0 
vn 0.654832 -0.755774 0 
vn 0.65124 -0.758872 0 
vn 0.669433 -0.742872 0 
vn 0.713337 -0.700821 0 
vn 0.698949 -0.715171 0 
vn 0.692753 -0.721175 0 
vn 0.73759 -0.675249 0 
vn 0.74247 -0.669879 0 
vn 0.721604 -0.692306 0 
vn 0.715654 -0.698455 0 
vn 0.770247 -0.637746 0 
vn 0.764139 -0.645052 0 
vn 0.743303 -0.668955 0 
vn 0.74247 -0.669879 0 
vn 0.758649 -0.6515 0 
vn 0.796574 -0.604541 0 
vn 0.78419 -0.62052 0 
vn 0.778912 -0.627133 0 
vn 0.81718 -0.576382 0 
vn 0.818418 -0.574623 0 
vn 0.803532 -0.595261 0 
vn 0.798448 -0.602064 0 
vn 0.842013 -0.539457 0 
vn 0.830244 -0.5574 0 
vn 0.829943 -0.557848 0 
vn 0.822019 -0.56946 0 
vn 0.818418 -0.574623 0 
vn 0.863794 -0.503845 0 
vn 0.864067 -0.503377 0 
vn 0.847602 -0.530633 0 
vn 0.8473 -0.531115 0 
vn 0.884542 -0.466461 0 
vn 0.879694 -0.47554 0 
vn 0.864089 -0.503339 0 
vn 0.864067 -0.503377 0 
vn 0.879404 -0.476076 0 
vn 0.903408 -0.428782 0 
vn 0.894401 -0.447266 0 
vn 0.894107 -0.447854 0 
vn 0.920638 -0.390416 0 
vn 0.908189 -0.41856 0 
vn 0.907957 -0.419062 0 
vn 0.936211 -0.351438 0 
vn 0.920771 -0.390103 0 
vn 0.932611 -0.360884 0 
vn 0.932852 -0.36026 0 
vn 0.920985 -0.389599 0 
vn 0.950108 -0.311921 0 
vn 0.943831 -0.330429 0 
vn 0.936211 -0.351438 0 
vn 0.943527 -0.331295 0 
vn 0.962316 -0.271935 0 
vn 0.953907 -0.300101 0 
vn 0.95354 -0.301266 0 
vn 0.972823 -0.23155 0 
vn 0.970656 -0.240473 0 
vn 0.970591 -0.240734 0 
vn 0.962696 -0.270586 0 
vn 0.962508 -0.271252 0 
vn 0.981622 -0.190835 0 
vn 0.977734 -0.209847 0 
vn 0.977716 -0.20993 0 
vn 0.988708 -0.149855 0 
vn 0.983884 -0.178809 0 
vn 0.983839 -0.179053 0 
vn 0.994077 -0.108675 0 
vn 0.993248 -0.116015 0 
vn 0.989065 -0.147482 0 
vn 0.988998 -0.147928 0 
vn 0.993167 -0.116703 0 
vn 0.997729 -0.0673583 0 
vn 0.996418 -0.0845656 0 
vn 0.996335 -0.0855357 0 
vn 0.999663 -0.0259638 0 
vn 0.998578 -0.0533027 0 
vn 0.998524 -0.0543088 0 
vn 0.99988 0.0154758 0 
vn 0.99997 0.00780841 0 
vn 0.999968 0.00794258 0 
vn 0.999747 -0.0225143 0 
vn 0.999734 -0.0230825 0 
vn 0.998381 0.0568776 0 
vn 0.999261 0.0384431 0 
vn 0.99925 0.0387109 0 
vn 0.99988 0.0154758 0 
vn 0.995173 0.0981334 0 
vn 0.997585 0.0694492 0 
vn 0.997579 0.0695376 0 
vn 0.998381 0.0568776 0 
vn 0.990269 0.139165 0 
vn 0.99129 0.131697 0 
vn 0.994926 0.100607 0 
vn 0.994952 0.100353 0 
vn 0.991371 0.131089 0 
vn 0.995173 0.0981334 0 
vn 0.983685 0.179897 0 
vn 0.986705 0.162522 0 
vn 0.986843 0.161682 0 
vn 0.975442 0.220255 0 
vn 0.981218 0.192904 0 
vn 0.981379 0.192083 0 
vn 0.965563 0.260169 0 
vn 0.967777 0.25181 0 
vn 0.967764 0.251859 0 
vn 0.974887 0.222698 0 
vn 0.974989 0.222252 0 
vn 0.954074 0.299571 0 
vn 0.959793 0.280709 0 
vn 0.959785 0.280735 0 
vn 0.965563 0.260169 0 
vn 0.941004 0.338396 0 
vn 0.950837 0.309691 0 
vn 0.954074 0.299571 0 
vn 0.950843 0.309674 0 
vn 0.926383 0.376584 0 
vn 0.930012 0.367529 0 
vn 0.9409 0.338683 0 
vn 0.940936 0.338583 0 
vn 0.930094 0.367322 0 
vn 0.910243 0.414074 0 
vn 0.91821 0.396093 0 
vn 0.91835 0.395769 0 
vn 0.892618 0.450814 0 
vn 0.905541 0.424259 0 
vn 0.905747 0.42382 0 
vn 0.873542 0.486749 0 
vn 0.877805 0.479018 0 
vn 0.892054 0.451929 0 
vn 0.892327 0.45139 0 
vn 0.878141 0.478403 0 
vn 0.853049 0.52183 0 
vn 0.862847 0.505465 0 
vn 0.863235 0.504802 0 
vn 0.831274 0.555863 0 
vn 0.831177 0.556009 0 
vn 0.847234 0.531221 0 
vn 0.847658 0.530543 0 
vn 0.807964 0.589232 0 
vn 0.813882 0.581031 0 
vn 0.813727 0.581247 0 
vn 0.831177 0.556009 0 
vn 0.831078 0.556156 0 
vn 0.782996 0.622027 0 
vn 0.796033 0.605254 0 
vn 0.795669 0.605732 0 
vn 0.807964 0.589232 0 
vn 0.757402 0.652949 0 
vn 0.75718 0.653206 0 
vn 0.757823 0.65246 0 
vn 0.776867 0.629665 0 
vn 0.777335 0.629087 0 
vn 0.782996 0.622027 0 
vn 0.730135 0.683303 0 
vn 0.737536 0.675308 0 
vn 0.737361 0.675499 0 
vn 0.75718 0.653206 0 
vn 0.701898 0.712277 0 
vn 0.716515 0.697572 0 
vn 0.730135 0.683303 0 
vn 0.716604 0.697481 0 
vn 0.694795 0.719207 0 
vn 0.694982 0.719028 0 
vn 0.672808 0.739818 0 
vn 0.672511 0.740087 0 
vn 0.642017 0.766691 0 
vn 0.649416 0.760433 0 
vn 0.672415 0.740174 0 
vn 0.672511 0.740087 0 
vn 0.650052 0.75989 0 
vn 0.610457 0.792049 0 
vn 0.625829 0.77996 0 
vn 0.626669 0.779286 0 
vn 0.577878 0.816123 0 
vn 0.601691 0.798729 0 
vn 0.602606 0.798039 0 
vn 0.544324 0.838875 0 
vn 0.577805 0.816175 0 
vn 0.552197 0.833714 0 
vn 0.551872 0.833929 0 
vn 0.577032 0.816722 0 
vn 0.509845 0.860266 0 
vn 0.527448 0.849588 0 
vn 0.544324 0.838875 0 
vn 0.527727 0.849414 0 
vn 0.47449 0.880261 0 
vn 0.476227 0.879323 0 
vn 0.476463 0.879195 0 
vn 0.502263 0.864715 0 
vn 0.50252 0.864565 0 
vn 0.438309 0.898824 0 
vn 0.449387 0.893337 0 
vn 0.449603 0.893229 0 
vn 0.401356 0.915922 0 
vn 0.4218 0.906689 0 
vn 0.421995 0.906598 0 
vn 0.363686 0.931522 0 
vn 0.364642 0.931148 0 
vn 0.3648 0.931086 0 
vn 0.393524 0.919314 0 
vn 0.3937 0.919239 0 
vn 0.325355 0.945592 0 
vn 0.335215 0.942142 0 
vn 0.335356 0.942092 0 
vn 0.28642 0.958104 0 
vn 0.305341 0.952243 0 
vn 0.305465 0.952203 0 
vn 0.246942 0.96903 0 
vn 0.275107 0.961413 0 
vn 0.275214 0.961383 0 
vn 0.206981 0.978345 0 
vn 0.213943 0.976846 0 
vn 0.214021 0.976829 0 
vn 0.244605 0.969623 0 
vn 0.244696 0.9696 0 
vn 0.1666 0.986025 0 
vn 0.183188 0.983078 0 
vn 0.183252 0.983066 0 
vn 0.125862 0.992048 0 
vn 0.152445 0.988312 0 
vn 0.152496 0.988304 0 
vn 0.0848326 0.996395 0 
vn 0.0913299 0.995821 0 
vn 0.0913575 0.995818 0 
vn 0.121797 0.992555 0 
vn 0.121836 0.99255 0 
vn 0.0435782 0.99905 0 
vn 0.0611105 0.998131 0 
vn 0.0611279 0.99813 0 
vn 0 1 0 
vn 0.0312211 0.999513 0 
vn 0.0312293 0.999512 0 
vn 0.0228975 0.706751 -0.707092 
vn -4.64541e-05 0.707107 -0.707107 
vn 0.00959781 0.707044 -0.707104 
vn -4.56336e-05 0.707107 -0.707107 
vn 0.0230002 0.706748 -0.707092 
vn 0.0392285 0.706059 -0.707065 
vn 0.031893 0.706416 -0.707078 
vn 0.0445764 0.705753 -0.707054 
vn 0.0447385 0.705743 -0.707054 
vn 0.0664288 0.704084 -0.707003 
vn 0.0616016 0.70451 -0.707015 
vn 0.0662397 0.704101 -0.707003 
vn 0.0685393 0.703887 -0.706998 
vn 0.088048 0.701765 -0.706946 
vn 0.0878603 0.701789 -0.706946 
vn 0.109417 0.698809 -0.706891 
vn 0.0907277 0.701431 -0.706939 
vn 0.0976393 0.700521 -0.706921 
vn 0.109579 0.698783 -0.70689 
vn 0.126642 0.695933 -0.706851 
vn 0.119319 0.69721 -0.706867 
vn 0.130887 0.695156 -0.706842 
vn 0.131005 0.695134 -0.706842 
vn 0.152308 0.690816 -0.706806 
vn 0.147423 0.691868 -0.706813 
vn 0.152248 0.690829 -0.706806 
vn 0.173477 0.685826 -0.706787 
vn 0.155671 0.69007 -0.706802 
vn 0.175088 0.685418 -0.706786 
vn 0.173471 0.685828 -0.706787 
vn 0.185117 0.682779 -0.706785 
vn 0.194549 0.680149 -0.706787 
vn 0.194476 0.68017 -0.706787 
vn 0.214118 0.674226 -0.706805 
vn 0.215441 0.673803 -0.706806 
vn 0.202363 0.67786 -0.706792 
vn 0.215306 0.673846 -0.706806 
vn 0.235944 0.666859 -0.706844 
vn 0.229295 0.66919 -0.70683 
vn 0.23613 0.666793 -0.706845 
vn 0.255932 0.659391 -0.706897 
vn 0.241979 0.664678 -0.706859 
vn 0.256374 0.659217 -0.706898 
vn 0.256594 0.659131 -0.706899 
vn 0.269133 0.654068 -0.706938 
vn 0.276812 0.650829 -0.706963 
vn 0.295747 0.642374 -0.707028 
vn 0.296764 0.641902 -0.707031 
vn 0.28232 0.648438 -0.706982 
vn 0.276582 0.650927 -0.706963 
vn 0.296554 0.641999 -0.707031 
vn 0.316279 0.632447 -0.707092 
vn 0.308508 0.636299 -0.707069 
vn 0.316433 0.632369 -0.707092 
vn 0.334542 0.622933 -0.707132 
vn 0.321984 0.629545 -0.707107 
vn 0.335747 0.622282 -0.707134 
vn 0.335804 0.622252 -0.707134 
vn 0.347995 0.615505 -0.707144 
vn 0.354864 0.611572 -0.707142 
vn 0.372216 0.601212 -0.707107 
vn 0.373523 0.600407 -0.707101 
vn 0.360474 0.608291 -0.707136 
vn 0.35495 0.611523 -0.707142 
vn 0.373771 0.600253 -0.707101 
vn 0.390999 0.589238 -0.707049 
vn 0.385516 0.592824 -0.707063 
vn 0.390869 0.589325 -0.707049 
vn 0.408663 0.577168 -0.707016 
vn 0.398 0.584551 -0.707033 
vn 0.40926 0.576746 -0.707015 
vn 0.408703 0.577139 -0.707016 
vn 0.422495 0.567137 -0.707003 
vn 0.426038 0.564482 -0.707002 
vn 0.426017 0.564498 -0.707002 
vn 0.442936 0.551324 -0.707001 
vn 0.442993 0.551278 -0.707001 
vn 0.432201 0.55978 -0.707 
vn 0.445835 0.548981 -0.707001 
vn 0.459447 0.537631 -0.707009 
vn 0.454339 0.541959 -0.707005 
vn 0.459521 0.537568 -0.707009 
vn 0.468142 0.530067 -0.707016 
vn 0.475612 0.523366 -0.707023 
vn 0.475678 0.523306 -0.707023 
vn 0.475537 0.523433 -0.707023 
vn 0.489535 0.510345 -0.707038 
vn 0.491259 0.508683 -0.70704 
vn 0.491195 0.508745 -0.70704 
vn 0.506408 0.493579 -0.707058 
vn 0.506456 0.49353 -0.707058 
vn 0.496227 0.50383 -0.707046 
vn 0.510128 0.489728 -0.707062 
vn 0.521165 0.477947 -0.707074 
vn 0.516 0.483527 -0.707068 
vn 0.521194 0.477915 -0.707074 
vn 0.530028 0.468086 -0.707082 
vn 0.535014 0.462373 -0.707087 
vn 0.535455 0.461861 -0.707087 
vn 0.535466 0.461848 -0.707087 
vn 0.549266 0.445332 -0.707097 
vn 0.549265 0.445334 -0.707097 
vn 0.549339 0.445242 -0.707097 
vn 0.562587 0.428371 -0.707103 
vn 0.56258 0.42838 -0.707103 
vn 0.553286 0.440325 -0.707099 
vn 0.568124 0.420997 -0.707105 
vn 0.575406 0.410986 -0.707106 
vn 0.575403 0.410989 -0.707106 
vn 0.571137 0.416898 -0.707105 
vn 0.584844 0.397439 -0.707107 
vn 0.587856 0.39297 -0.707107 
vn 0.599378 0.375154 -0.707111 
vn 0.599409 0.375105 -0.707111 
vn 0.587927 0.392863 -0.707107 
vn 0.587841 0.392992 -0.707107 
vn 0.601579 0.371613 -0.707112 
vn 0.61043 0.356877 -0.707117 
vn 0.610463 0.356821 -0.707117 
vn 0.603538 0.36842 -0.707113 
vn 0.616699 0.345923 -0.707121 
vn 0.620942 0.338243 -0.707123 
vn 0.620968 0.338196 -0.707123 
vn 0.617981 0.343627 -0.707121 
vn 0.630468 0.320129 -0.707127 
vn 0.63092 0.319235 -0.707127 
vn 0.640315 0.299947 -0.707127 
vn 0.640316 0.299944 -0.707127 
vn 0.631313 0.318457 -0.707127 
vn 0.630906 0.319263 -0.707127 
vn 0.643063 0.29401 -0.707127 
vn 0.649157 0.280304 -0.707124 
vn 0.649147 0.280327 -0.707124 
vn 0.643591 0.292852 -0.707127 
vn 0.654625 0.267296 -0.70712 
vn 0.654861 0.266717 -0.70712 
vn 0.657423 0.260343 -0.707118 
vn 0.657406 0.260386 -0.707118 
vn 0.6651 0.240074 -0.707111 
vn 0.665083 0.240123 -0.707111 
vn 0.672175 0.219505 -0.707105 
vn 0.672163 0.219541 -0.707105 
vn 0.665156 0.239921 -0.707111 
vn 0.665255 0.239646 -0.707111 
vn 0.675164 0.210135 -0.707105 
vn 0.674491 0.212286 -0.707105 
vn 0.678633 0.198644 -0.707105 
vn 0.678632 0.198648 -0.707105 
vn 0.683905 0.179639 -0.70711 
vn 0.682833 0.183673 -0.707109 
vn 0.68443 0.177626 -0.70711 
vn 0.684423 0.177653 -0.70711 
vn 0.689492 0.156831 -0.70711 
vn 0.689498 0.156804 -0.70711 
vn 0.693944 0.135792 -0.707108 
vn 0.68989 0.15507 -0.70711 
vn 0.690893 0.150542 -0.70711 
vn 0.69394 0.135811 -0.707108 
vn 0.69651 0.121962 -0.707106 
vn 0.695665 0.126689 -0.707107 
vn 0.697764 0.114577 -0.707105 
vn 0.697763 0.114584 -0.707105 
vn 0.7009 0.0935091 -0.707103 
vn 0.700237 0.0983478 -0.707104 
vn 0.700946 0.093164 -0.707103 
vn 0.700947 0.0931574 -0.707103 
vn 0.703483 0.0715427 -0.707102 
vn 0.703481 0.0715605 -0.707102 
vn 0.705357 0.0497752 -0.707103 
vn 0.703654 0.0698377 -0.707102 
vn 0.704139 0.0647699 -0.707102 
vn 0.705358 0.0497516 -0.707103 
vn 0.706228 0.0352933 -0.707104 
vn 0.705925 0.0409141 -0.707104 
vn 0.706561 0.0278197 -0.707105 
vn 0.706562 0.0277991 -0.707105 
vn 0.707084 0.00570334 -0.707107 
vn 0.707017 0.011292 -0.707106 
vn 0.707084 0.00570957 -0.707107 
vn 0.70709 0.00493727 -0.707107 
vn 0.706921 -0.016168 -0.707107 
vn 0.706921 -0.0161838 -0.707107 
vn 0.706079 -0.0380438 -0.70711 
vn 0.70686 -0.0186469 -0.707108 
vn 0.706667 -0.0248808 -0.707108 
vn 0.706081 -0.0380183 -0.70711 
vn 0.705056 -0.0537346 -0.707113 
vn 0.705474 -0.0479519 -0.707112 
vn 0.704545 -0.0600389 -0.707115 
vn 0.704547 -0.060015 -0.707115 
vn 0.702318 -0.0820461 -0.707119 
vn 0.702898 -0.0769243 -0.707118 
vn 0.702316 -0.0820604 -0.707119 
vn 0.702318 -0.0820479 -0.707119 
vn 0.699388 -0.104084 -0.707123 
vn 0.699388 -0.104084 -0.707123 
vn 0.695756 -0.126084 -0.707125 
vn 0.699138 -0.105747 -0.707124 
vn 0.698457 -0.11015 -0.707124 
vn 0.695754 -0.126098 -0.707125 
vn 0.693423 -0.138344 -0.707125 
vn 0.694166 -0.134568 -0.707125 
vn 0.691421 -0.148033 -0.707123 
vn 0.691415 -0.148058 -0.707123 
vn 0.687124 -0.166865 -0.707119 
vn 0.68793 -0.163504 -0.70712 
vn 0.68638 -0.169902 -0.707118 
vn 0.686373 -0.16993 -0.707118 
vn 0.68063 -0.191681 -0.707108 
vn 0.680636 -0.191661 -0.707108 
vn 0.674504 -0.212255 -0.707101 
vn 0.680359 -0.192643 -0.707107 
vn 0.679751 -0.194781 -0.707106 
vn 0.674504 -0.212255 -0.707101 
vn 0.671231 -0.222387 -0.707102 
vn 0.67184 -0.220541 -0.707101 
vn 0.667419 -0.233573 -0.707103 
vn 0.667421 -0.233567 -0.707103 
vn 0.661635 -0.249479 -0.707106 
vn 0.662032 -0.248426 -0.707106 
vn 0.659652 -0.254675 -0.707106 
vn 0.659653 -0.254672 -0.707106 
vn 0.651245 -0.275463 -0.707107 
vn 0.651246 -0.275461 -0.707107 
vn 0.651 -0.27604 -0.707107 
vn 0.642203 -0.295931 -0.707107 
vn 0.642203 -0.295932 -0.707107 
vn 0.651026 -0.275979 -0.707107 
vn 0.639436 -0.301863 -0.707107 
vn 0.632449 -0.316234 -0.70711 
vn 0.632444 -0.316244 -0.70711 
vn 0.638819 -0.303166 -0.707107 
vn 0.626764 -0.327353 -0.707112 
vn 0.622038 -0.336244 -0.707113 
vn 0.622036 -0.336249 -0.707113 
vn 0.625467 -0.329824 -0.707112 
vn 0.612933 -0.352569 -0.707113 
vn 0.610993 -0.355919 -0.707113 
vn 0.599323 -0.375244 -0.70711 
vn 0.599329 -0.375234 -0.70711 
vn 0.610978 -0.355946 -0.707113 
vn 0.610991 -0.355923 -0.707113 
vn 0.598056 -0.37726 -0.70711 
vn 0.587049 -0.394174 -0.707107 
vn 0.587051 -0.394171 -0.707107 
vn 0.595375 -0.381479 -0.707109 
vn 0.583183 -0.399872 -0.707107 
vn 0.58127 -0.402648 -0.707107 
vn 0.568225 -0.420851 -0.70711 
vn 0.568218 -0.420859 -0.70711 
vn 0.578736 -0.406281 -0.707107 
vn 0.581273 -0.402644 -0.707107 
vn 0.566301 -0.423435 -0.707111 
vn 0.554494 -0.438779 -0.707113 
vn 0.554491 -0.438783 -0.707113 
vn 0.563284 -0.427438 -0.707112 
vn 0.548629 -0.446091 -0.707113 
vn 0.540248 -0.456206 -0.707112 
vn 0.540252 -0.456202 -0.707112 
vn 0.544587 -0.451017 -0.707113 
vn 0.530275 -0.467766 -0.70711 
vn 0.525517 -0.473107 -0.707108 
vn 0.511337 -0.488402 -0.707105 
vn 0.510299 -0.489487 -0.707105 
vn 0.52493 -0.473758 -0.707108 
vn 0.525509 -0.473115 -0.707108 
vn 0.510293 -0.489493 -0.707105 
vn 0.494328 -0.505607 -0.707108 
vn 0.494336 -0.5056 -0.707108 
vn 0.504546 -0.495415 -0.707105 
vn 0.491444 -0.508411 -0.707107 
vn 0.479225 -0.519955 -0.7071 
vn 0.482719 -0.516709 -0.707103 
vn 0.479257 -0.519925 -0.7071 
vn 0.470344 -0.528015 -0.707091 
vn 0.462732 -0.53471 -0.707082 
vn 0.44868 -0.546576 -0.707066 
vn 0.445665 -0.54904 -0.707062 
vn 0.460197 -0.536898 -0.707079 
vn 0.462685 -0.53475 -0.707082 
vn 0.44562 -0.549077 -0.707062 
vn 0.428045 -0.562901 -0.70705 
vn 0.428071 -0.562881 -0.70705 
vn 0.437176 -0.555833 -0.707055 
vn 0.426187 -0.56431 -0.70705 
vn 0.409979 -0.576191 -0.707051 
vn 0.413493 -0.573676 -0.70705 
vn 0.409965 -0.576201 -0.707051 
vn 0.391366 -0.58897 -0.707069 
vn 0.402579 -0.581379 -0.707056 
vn 0.388986 -0.59054 -0.707073 
vn 0.391444 -0.588918 -0.707069 
vn 0.380004 -0.596339 -0.70709 
vn 0.372271 -0.601176 -0.707108 
vn 0.372434 -0.601075 -0.707108 
vn 0.355627 -0.61115 -0.707125 
vn 0.363083 -0.606753 -0.707122 
vn 0.354482 -0.611815 -0.707124 
vn 0.354488 -0.611812 -0.707124 
vn 0.335228 -0.622602 -0.707099 
vn 0.336091 -0.622135 -0.7071 
vn 0.335343 -0.62254 -0.707099 
vn 0.315843 -0.632717 -0.707045 
vn 0.330151 -0.625323 -0.707087 
vn 0.315651 -0.632813 -0.707045 
vn 0.304359 -0.638362 -0.707007 
vn 0.309047 -0.636088 -0.707023 
vn 0.295995 -0.642316 -0.706978 
vn 0.295765 -0.642422 -0.706977 
vn 0.278089 -0.650336 -0.706916 
vn 0.281903 -0.648678 -0.706928 
vn 0.275815 -0.651312 -0.706907 
vn 0.275581 -0.651412 -0.706907 
vn 0.255112 -0.659765 -0.706844 
vn 0.255323 -0.659683 -0.706844 
vn 0.234541 -0.667407 -0.706794 
vn 0.25461 -0.659961 -0.706842 
vn 0.251171 -0.661287 -0.706833 
vn 0.234374 -0.667466 -0.706794 
vn 0.223592 -0.671174 -0.706775 
vn 0.227121 -0.669983 -0.706781 
vn 0.213493 -0.674468 -0.706763 
vn 0.213386 -0.674502 -0.706763 
vn 0.196008 -0.679766 -0.706752 
vn 0.199392 -0.67878 -0.706753 
vn 0.192204 -0.680852 -0.706752 
vn 0.192166 -0.680863 -0.706752 
vn 0.170737 -0.686539 -0.706762 
vn 0.171378 -0.68638 -0.706762 
vn 0.170704 -0.686547 -0.706762 
vn 0.149021 -0.691548 -0.706792 
vn 0.167846 -0.687249 -0.706765 
vn 0.149119 -0.691527 -0.706792 
vn 0.139684 -0.693475 -0.70681 
vn 0.143034 -0.692799 -0.706803 
vn 0.127184 -0.695848 -0.706838 
vn 0.127337 -0.695821 -0.706837 
vn 0.111409 -0.698507 -0.706878 
vn 0.114317 -0.698045 -0.70687 
vn 0.105221 -0.699449 -0.706895 
vn 0.105413 -0.69942 -0.706894 
vn 0.0833696 -0.702326 -0.706957 
vn 0.0851838 -0.702114 -0.706951 
vn 0.0831612 -0.702351 -0.706957 
vn 0.0829097 -0.702379 -0.706958 
vn 0.0612309 -0.704541 -0.707017 
vn 0.0610328 -0.704558 -0.707017 
vn 0.054077 -0.705108 -0.707035 
vn 0.0555929 -0.704994 -0.707031 
vn 0.0388623 -0.706077 -0.707068 
vn 0.0390187 -0.706069 -0.707068 
vn 0.0247645 -0.706689 -0.707091 
vn 0.0255056 -0.706664 -0.70709 
vn 0.016755 -0.706915 -0.7071 
vn 0.0166752 -0.706917 -0.7071 
vn -0.00511535 -0.70709 -0.707105 
vn -0.000177362 -0.707107 -0.707107 
vn -0.00522737 -0.707089 -0.707105 
vn -0.00525852 -0.707089 -0.707105 
vn -0.0270866 -0.706613 -0.707082 
vn -0.0269615 -0.706617 -0.707082 
vn -0.0486532 -0.705499 -0.707038 
vn -0.0304464 -0.706482 -0.707076 
vn -0.0347919 -0.706289 -0.707068 
vn -0.0488364 -0.705487 -0.707038 
vn -0.0641439 -0.704299 -0.707 
vn -0.0601112 -0.704644 -0.70701 
vn -0.0703185 -0.703726 -0.706983 
vn -0.0705274 -0.703706 -0.706983 
vn -0.0921428 -0.701264 -0.706922 
vn -0.0892202 -0.701634 -0.70693 
vn -0.0919366 -0.701291 -0.706922 
vn -0.0932749 -0.701117 -0.706919 
vn -0.113665 -0.698157 -0.706864 
vn -0.113486 -0.698186 -0.706864 
vn -0.122293 -0.69672 -0.706843 
vn -0.117815 -0.69748 -0.706853 
vn -0.134944 -0.694409 -0.706814 
vn -0.135078 -0.694383 -0.706814 
vn -0.151313 -0.691057 -0.706784 
vn -0.145939 -0.692203 -0.706793 
vn -0.156288 -0.689957 -0.706777 
vn -0.156362 -0.68994 -0.706777 
vn -0.1775 -0.684827 -0.706757 
vn -0.173635 -0.685815 -0.70676 
vn -0.177494 -0.684829 -0.706757 
vn -0.198538 -0.679027 -0.706757 
vn -0.180693 -0.683993 -0.706756 
vn -0.219398 -0.672557 -0.706776 
vn -0.200945 -0.678317 -0.706758 
vn -0.209855 -0.675607 -0.706765 
vn -0.198475 -0.679045 -0.706757 
vn -0.21927 -0.672598 -0.706776 
vn -0.23783 -0.666226 -0.70681 
vn -0.240049 -0.665425 -0.706814 
vn -0.227912 -0.669705 -0.70679 
vn -0.239866 -0.665491 -0.706814 
vn -0.26025 -0.657728 -0.706869 
vn -0.254578 -0.659963 -0.706852 
vn -0.26047 -0.657641 -0.706869 
vn -0.280639 -0.649219 -0.706934 
vn -0.265093 -0.655776 -0.706883 
vn -0.280985 -0.649069 -0.706935 
vn -0.280405 -0.649321 -0.706934 
vn -0.291804 -0.644235 -0.706973 
vn -0.300538 -0.640175 -0.707003 
vn -0.300319 -0.640278 -0.707003 
vn -0.31812 -0.631558 -0.70706 
vn -0.320149 -0.630525 -0.707066 
vn -0.307173 -0.636993 -0.707025 
vn -0.31998 -0.630612 -0.707066 
vn -0.339377 -0.620336 -0.707111 
vn -0.333186 -0.623697 -0.707099 
vn -0.339457 -0.620293 -0.707111 
vn -0.358449 -0.6095 -0.707124 
vn -0.344184 -0.617674 -0.707118 
vn -0.359067 -0.609137 -0.707123 
vn -0.358504 -0.609468 -0.707124 
vn -0.368425 -0.603536 -0.707112 
vn -0.376784 -0.598376 -0.707093 
vn -0.376921 -0.59829 -0.707093 
vn -0.394289 -0.587024 -0.707064 
vn -0.39423 -0.587064 -0.707064 
vn -0.384047 -0.593758 -0.707079 
vn -0.394404 -0.586947 -0.707063 
vn -0.411897 -0.574821 -0.707051 
vn -0.40764 -0.577846 -0.707053 
vn -0.411894 -0.574823 -0.707051 
vn -0.429188 -0.562026 -0.707053 
vn -0.418771 -0.569834 -0.70705 
vn -0.430441 -0.561066 -0.707054 
vn -0.429157 -0.56205 -0.707053 
vn -0.44208 -0.551931 -0.707063 
vn -0.446109 -0.548674 -0.707066 
vn -0.446063 -0.548712 -0.707066 
vn -0.462607 -0.534814 -0.707085 
vn -0.462652 -0.534775 -0.707085 
vn -0.452583 -0.543338 -0.707073 
vn -0.464603 -0.533078 -0.707087 
vn -0.478779 -0.520364 -0.707101 
vn -0.474206 -0.52454 -0.707097 
vn -0.47881 -0.520336 -0.707101 
vn -0.494576 -0.505365 -0.707108 
vn -0.486608 -0.513043 -0.707106 
vn -0.50767 -0.492213 -0.707105 
vn -0.509195 -0.490636 -0.707105 
vn -0.495454 -0.504504 -0.707107 
vn -0.494572 -0.505369 -0.707108 
vn -0.509189 -0.490642 -0.707105 
vn -0.52382 -0.474986 -0.707108 
vn -0.523828 -0.474977 -0.707108 
vn -0.515254 -0.484267 -0.707106 
vn -0.527697 -0.470673 -0.707109 
vn -0.538097 -0.458743 -0.707111 
vn -0.534355 -0.463097 -0.707111 
vn -0.538101 -0.458738 -0.707111 
vn -0.547226 -0.447812 -0.707113 
vn -0.551835 -0.44212 -0.707113 
vn -0.56503 -0.42513 -0.707111 
vn -0.565024 -0.425139 -0.707111 
vn -0.552713 -0.441022 -0.707113 
vn -0.551837 -0.442117 -0.707113 
vn -0.566107 -0.423696 -0.70711 
vn -0.577663 -0.407805 -0.707107 
vn -0.577659 -0.407811 -0.707107 
vn -0.570478 -0.417794 -0.707109 
vn -0.582617 -0.400696 -0.707107 
vn -0.586888 -0.394414 -0.707107 
vn -0.590035 -0.38969 -0.707108 
vn -0.590039 -0.389683 -0.707108 
vn -0.59939 -0.375135 -0.70711 
vn -0.601635 -0.371523 -0.707111 
vn -0.61262 -0.353111 -0.707113 
vn -0.612622 -0.353109 -0.707113 
vn -0.602416 -0.370255 -0.707111 
vn -0.60163 -0.371531 -0.707111 
vn -0.614652 -0.349563 -0.707113 
vn -0.623054 -0.334359 -0.707112 
vn -0.623051 -0.334365 -0.707112 
vn -0.616963 -0.345468 -0.707113 
vn -0.628687 -0.323647 -0.707111 
vn -0.63292 -0.315291 -0.707109 
vn -0.632915 -0.315301 -0.707109 
vn -0.630511 -0.32008 -0.70711 
vn -0.641596 -0.297246 -0.707107 
vn -0.642208 -0.295921 -0.707107 
vn -0.650858 -0.276372 -0.707108 
vn -0.650861 -0.276366 -0.707108 
vn -0.643046 -0.294095 -0.707107 
vn -0.642207 -0.295922 -0.707107 
vn -0.65339 -0.270329 -0.707109 
vn -0.659027 -0.256276 -0.707111 
vn -0.659028 -0.256274 -0.707111 
vn -0.654468 -0.267709 -0.70711 
vn -0.664242 -0.242438 -0.707111 
vn -0.666571 -0.235962 -0.707111 
vn -0.666569 -0.235965 -0.707111 
vn -0.664888 -0.240661 -0.707111 
vn -0.673474 -0.215479 -0.707108 
vn -0.673472 -0.215485 -0.707108 
vn -0.674189 -0.213232 -0.707108 
vn -0.674199 -0.2132 -0.707108 
vn -0.67973 -0.19485 -0.707107 
vn -0.67973 -0.19485 -0.707107 
vn -0.682896 -0.183445 -0.707107 
vn -0.682364 -0.185414 -0.707107 
vn -0.685449 -0.173662 -0.707108 
vn -0.685448 -0.173666 -0.707108 
vn -0.689986 -0.154651 -0.707108 
vn -0.689418 -0.157165 -0.707108 
vn -0.690426 -0.152677 -0.707108 
vn -0.690426 -0.152678 -0.707108 
vn -0.694774 -0.131481 -0.707108 
vn -0.694774 -0.131484 -0.707108 
vn -0.695795 -0.12597 -0.707108 
vn -0.69529 -0.128725 -0.707108 
vn -0.698489 -0.110058 -0.707107 
vn -0.698489 -0.110055 -0.707107 
vn -0.700429 -0.0969508 -0.707107 
vn -0.700022 -0.0998455 -0.707107 
vn -0.70154 -0.0885546 -0.707107 
vn -0.70154 -0.0885562 -0.707107 
vn -0.703842 -0.0678655 -0.707107 
vn -0.703542 -0.0709089 -0.707107 
vn -0.703914 -0.0671166 -0.707107 
vn -0.703914 -0.0671179 -0.707107 
vn -0.705652 -0.0453182 -0.707108 
vn -0.705652 -0.0453188 -0.707108 
vn -0.706073 -0.0382039 -0.707108 
vn -0.705874 -0.0417228 -0.707108 
vn -0.706715 -0.0235292 -0.707107 
vn -0.706715 -0.0235275 -0.707107 
vn -0.707058 -0.00832671 -0.707107 
vn -0.706997 -0.0124429 -0.707107 
vn -0.707105 -0.0017667 -0.707107 
vn -0.707105 -0.00176781 -0.707107 
vn -0.707094 0.0042701 -0.707107 
vn -0.707093 0.00427634 -0.707107 
vn -0.706788 0.0211089 -0.70711 
vn -0.70661 0.0263757 -0.707111 
vn -0.706994 0.0125315 -0.707108 
vn -0.706611 0.0263547 -0.707111 
vn -0.70544 0.048375 -0.707117 
vn -0.705854 0.0419359 -0.707115 
vn -0.705439 0.0483991 -0.707117 
vn -0.703578 0.0704102 -0.707122 
vn -0.705322 0.0500685 -0.707117 
vn -0.701028 0.0923882 -0.707124 
vn -0.703505 0.0711291 -0.707122 
vn -0.702702 0.0786586 -0.707123 
vn -0.703579 0.0703918 -0.707122 
vn -0.701029 0.092381 -0.707124 
vn -0.698936 0.107072 -0.707124 
vn -0.699961 0.100148 -0.707124 
vn -0.697789 0.114311 -0.707124 
vn -0.697788 0.114318 -0.707124 
vn -0.693991 0.13549 -0.70712 
vn -0.695224 0.129009 -0.707122 
vn -0.693861 0.136157 -0.70712 
vn -0.693857 0.136176 -0.70712 
vn -0.689237 0.157929 -0.707115 
vn -0.689243 0.157903 -0.707115 
vn -0.689287 0.157712 -0.707115 
vn -0.683936 0.179525 -0.707109 
vn -0.687799 0.164086 -0.707113 
vn -0.683929 0.179551 -0.707109 
vn -0.68078 0.19115 -0.707107 
vn -0.68214 0.186237 -0.707108 
vn -0.677849 0.201297 -0.707107 
vn -0.677851 0.201292 -0.707107 
vn -0.672178 0.219475 -0.707112 
vn -0.673589 0.215112 -0.70711 
vn -0.671074 0.222822 -0.707113 
vn -0.671089 0.222779 -0.707113 
vn -0.663771 0.243687 -0.707124 
vn -0.66391 0.243307 -0.707124 
vn -0.663751 0.243741 -0.707124 
vn -0.655746 0.264493 -0.707136 
vn -0.662692 0.2466 -0.707126 
vn -0.655763 0.26445 -0.707136 
vn -0.652317 0.272829 -0.707139 
vn -0.653164 0.270799 -0.707139 
vn -0.647063 0.285056 -0.707144 
vn -0.647072 0.285036 -0.707144 
vn -0.640985 0.298467 -0.707146 
vn -0.641324 0.297737 -0.707146 
vn -0.637705 0.305411 -0.707146 
vn -0.637709 0.305403 -0.707146 
vn -0.628588 0.323766 -0.707144 
vn -0.62835 0.324229 -0.707143 
vn -0.627672 0.325541 -0.707143 
vn -0.627689 0.325507 -0.707143 
vn -0.616982 0.345389 -0.707135 
vn -0.617011 0.345338 -0.707135 
vn -0.614984 0.348939 -0.707133 
vn -0.605648 0.364922 -0.707123 
vn -0.605681 0.364867 -0.707123 
vn -0.614188 0.35034 -0.707132 
vn -0.599994 0.374155 -0.707118 
vn -0.593681 0.384103 -0.707112 
vn -0.593706 0.384065 -0.707112 
vn -0.59878 0.376098 -0.707116 
vn -0.585116 0.397038 -0.707107 
vn -0.582106 0.40144 -0.707106 
vn -0.58146 0.402376 -0.707105 
vn -0.581464 0.40237 -0.707105 
vn -0.568477 0.42052 -0.707104 
vn -0.568471 0.420529 -0.707104 
vn -0.568237 0.420845 -0.707104 
vn -0.554811 0.438391 -0.707105 
vn -0.559071 0.432947 -0.707105 
vn -0.554804 0.438399 -0.707105 
vn -0.564562 0.425762 -0.707104 
vn -0.540525 0.455886 -0.707107 
vn -0.550798 0.443422 -0.707106 
vn -0.540466 0.455956 -0.707107 
vn -0.540525 0.455886 -0.707107 
vn -0.532654 0.465057 -0.707108 
vn -0.525649 0.472959 -0.707108 
vn -0.525644 0.472966 -0.707108 
vn -0.513654 0.485961 -0.707108 
vn -0.510197 0.489589 -0.707108 
vn -0.520648 0.478459 -0.707108 
vn -0.510191 0.489595 -0.707108 
vn -0.494276 0.50566 -0.707106 
vn -0.499666 0.500334 -0.707107 
vn -0.494282 0.505655 -0.707106 
vn -0.493732 0.506191 -0.707106 
vn -0.478141 0.520953 -0.707099 
vn -0.478174 0.520923 -0.707099 
vn -0.461311 0.53593 -0.707087 
vn -0.478033 0.521052 -0.707099 
vn -0.47313 0.525513 -0.707096 
vn -0.461263 0.535971 -0.707087 
vn -0.451481 0.544247 -0.707078 
vn -0.455441 0.540934 -0.707082 
vn -0.444019 0.55036 -0.707072 
vn -0.443972 0.550398 -0.707072 
vn -0.428801 0.562311 -0.707062 
vn -0.431996 0.559858 -0.707063 
vn -0.426315 0.5642 -0.70706 
vn -0.42629 0.564219 -0.70706 
vn -0.408233 0.577421 -0.707058 
vn -0.408215 0.577434 -0.707058 
vn -0.389732 0.59005 -0.707071 
vn -0.407873 0.577675 -0.707058 
vn -0.405106 0.579618 -0.707059 
vn -0.389819 0.589992 -0.707071 
vn -0.38236 0.59484 -0.707083 
vn -0.383253 0.594267 -0.707081 
vn -0.370785 0.602091 -0.70711 
vn -0.370949 0.601991 -0.70711 
vn -0.358711 0.609343 -0.707126 
vn -0.352975 0.612684 -0.707126 
vn -0.352971 0.612686 -0.707126 
vn -0.3572 0.61023 -0.707126 
vn -0.333692 0.623425 -0.7071 
vn -0.333809 0.623363 -0.7071 
vn -0.333249 0.623663 -0.707099 
vn -0.314095 0.633586 -0.707046 
vn -0.314289 0.633489 -0.707046 
vn -0.330165 0.62531 -0.707092 
vn -0.307494 0.636839 -0.707024 
vn -0.294191 0.643144 -0.706978 
vn -0.294424 0.643037 -0.706978 
vn -0.303069 0.638974 -0.707008 
vn -0.281286 0.648942 -0.706932 
vn -0.275865 0.651286 -0.706912 
vn -0.273993 0.652082 -0.706907 
vn -0.27423 0.651982 -0.706907 
vn -0.254461 0.660015 -0.706845 
vn -0.253727 0.6603 -0.706842 
vn -0.232766 0.668031 -0.706792 
vn -0.232935 0.667972 -0.706792 
vn -0.248509 0.662297 -0.706828 
vn -0.253513 0.660383 -0.706842 
vn -0.226874 0.670067 -0.706781 
vn -0.211772 0.675014 -0.706759 
vn -0.21188 0.67498 -0.706759 
vn -0.220957 0.672051 -0.706771 
vn -0.199348 0.678797 -0.70675 
vn -0.193165 0.680584 -0.706748 
vn -0.190548 0.681321 -0.706748 
vn -0.190587 0.681311 -0.706748 
vn -0.17116 0.686441 -0.706756 
vn -0.169084 0.686953 -0.706757 
vn -0.147499 0.691879 -0.706787 
vn -0.1474 0.6919 -0.706787 
vn -0.165092 0.687919 -0.706761 
vn -0.169117 0.686945 -0.706757 
vn -0.142986 0.692817 -0.706795 
vn -0.125718 0.69612 -0.706832 
vn -0.125563 0.696148 -0.706832 
vn -0.136693 0.694074 -0.706807 
vn -0.114714 0.69799 -0.70686 
vn -0.107924 0.699054 -0.706878 
vn -0.103797 0.699667 -0.706889 
vn -0.103603 0.699695 -0.70689 
vn -0.0862315 0.701998 -0.706939 
vn -0.0815472 0.702544 -0.706953 
vn -0.0596229 0.704682 -0.707014 
vn -0.0594243 0.704699 -0.707014 
vn -0.0787448 0.702856 -0.706961 
vn -0.0817572 0.70252 -0.706952 
vn -0.0574267 0.704859 -0.707019 
vn -0.0374158 0.706158 -0.707065 
vn -0.0372609 0.706166 -0.707066 
vn -0.0491122 0.705466 -0.70704 
vn -0.0281901 0.706569 -0.707082 
vn -0.0189874 0.706864 -0.707095 
vn -0.0151576 0.706952 -0.707099 
vn -0.0150823 0.706954 -0.707099 
usemtl 0.525490_0.800000_0.807843_0.000000_0.000000
o mesh0
f 1//1 2//1 3//2 
f 4//3 5//4 6//5 
f 5//4 7//4 6//5 
f 1//1 4//3 8//6 
f 8//6 2//1 1//1 
f 9//7 10//8 11//9 
f 10//8 12//10 11//9 
f 11//9 7//4 9//7 
f 7//4 5//4 9//7 
f 13//11 14//12 15//13 
f 16//14 15//13 14//12 
f 14//12 12//10 16//14 
f 17//15 18//16 19//17 
f 20//18 21//18 17//15 
f 22//19 19//17 18//16 
f 18//16 13//11 22//19 
f 23//20 24//21 25//22 
f 24//21 26//23 25//22 
f 25//22 21//18 23//20 
f 21//18 20//18 23//20 
f 27//24 28//24 29//25 
f 29//25 30//26 27//24 
f 31//27 30//26 32//28 
f 32//28 26//23 31//27 
f 33//29 34//30 35//31 
f 34//30 36//30 35//31 
f 28//24 27//24 33//29 
f 37//32 38//33 39//34 
f 38//33 40//35 39//34 
f 39//34 36//30 37//32 
f 36//30 34//30 37//32 
f 41//36 42//37 43//38 
f 44//39 45//39 41//36 
f 46//40 43//38 42//37 
f 42//37 40//35 46//40 
f 47//41 48//42 49//43 
f 48//42 50//42 49//43 
f 45//39 44//39 47//41 
f 51//44 52//45 53//46 
f 50//42 48//42 52//45 
f 52//45 51//44 54//47 
f 52//45 54//47 50//42 
f 55//48 56//49 57//50 
f 58//51 59//51 55//48 
f 60//52 57//50 56//49 
f 56//49 51//44 60//52 
f 61//53 62//54 63//55 
f 62//54 64//56 63//55 
f 63//55 59//51 61//53 
f 59//51 58//51 61//53 
f 65//56 66//57 67//58 
f 66//57 68//59 67//58 
f 67//58 64//56 65//56 
f 69//60 70//61 71//62 
f 72//63 73//63 69//60 
f 74//64 71//62 70//61 
f 70//61 68//59 74//64 
f 75//65 76//66 77//67 
f 76//66 78//66 77//67 
f 73//63 72//63 75//65 
f 79//68 80//69 81//70 
f 78//66 76//66 80//69 
f 80//69 79//68 82//71 
f 80//69 82//71 78//66 
f 83//72 84//73 85//74 
f 86//75 87//75 83//72 
f 88//76 85//74 84//73 
f 84//73 79//68 88//76 
f 89//77 90//78 91//79 
f 90//78 92//78 91//79 
f 87//75 86//75 89//77 
f 93//80 94//81 95//82 
f 95//82 96//83 93//80 
f 95//82 92//78 96//83 
f 92//78 90//78 96//83 
f 97//84 98//85 99//86 
f 100//87 101//87 97//84 
f 102//88 99//86 98//85 
f 98//85 94//81 102//88 
f 103//89 101//87 104//90 
f 105//91 106//91 103//89 
f 101//87 100//87 104//90 
f 107//92 108//93 109//94 
f 109//94 110//95 107//92 
f 109//94 106//91 110//95 
f 106//91 105//91 110//95 
f 111//96 112//96 113//97 
f 114//98 115//99 116//100 
f 116//100 113//97 114//98 
f 114//98 108//93 115//99 
f 117//101 118//101 119//102 
f 112//96 111//96 120//103 
f 120//103 119//102 112//96 
f 121//104 122//105 123//106 
f 123//106 124//107 121//104 
f 123//106 118//101 124//107 
f 118//101 117//101 124//107 
f 125//108 126//108 127//109 
f 128//110 129//111 130//112 
f 130//112 127//109 128//110 
f 128//110 122//105 129//111 
f 131//113 132//113 133//114 
f 126//108 125//108 134//115 
f 134//115 133//114 126//108 
f 135//116 136//117 137//118 
f 137//118 138//119 135//116 
f 137//118 132//113 138//119 
f 132//113 131//113 138//119 
f 139//120 140//120 141//121 
f 142//122 143//123 144//124 
f 144//124 141//121 142//122 
f 142//122 136//117 143//123 
f 145//125 146//125 147//126 
f 140//120 139//120 148//127 
f 148//127 147//126 140//120 
f 149//128 150//129 151//130 
f 151//130 152//131 149//128 
f 151//130 146//125 152//131 
f 146//125 145//125 152//131 
f 153//132 154//132 155//133 
f 156//134 157//135 158//136 
f 158//136 155//133 156//134 
f 156//134 150//129 157//135 
f 159//137 160//137 161//138 
f 154//132 153//132 162//139 
f 162//139 161//138 154//132 
f 163//140 164//141 165//142 
f 165//142 166//143 163//140 
f 165//142 160//137 166//143 
f 160//137 159//137 166//143 
f 167//144 168//144 169//145 
f 170//146 171//147 172//148 
f 172//148 169//145 170//146 
f 170//146 164//141 171//147 
f 173//149 174//149 175//150 
f 168//144 167//144 176//151 
f 176//151 175//150 168//144 
f 177//152 174//149 178//153 
f 179//154 180//154 177//152 
f 174//149 173//149 178//153 
f 181//155 182//155 183//156 
f 180//154 179//154 184//157 
f 184//157 183//156 180//154 
f 185//158 186//158 187//159 
f 188//160 187//159 189//161 
f 189//161 190//162 188//160 
f 189//161 182//155 190//162 
f 182//155 181//155 190//162 
f 191//163 192//163 193//164 
f 186//158 185//158 194//165 
f 194//165 193//164 186//158 
f 195//166 196//166 197//167 
f 192//163 191//163 198//168 
f 198//168 197//167 192//163 
f 199//169 200//169 201//170 
f 202//171 201//170 203//172 
f 203//172 204//173 202//171 
f 203//172 196//166 204//173 
f 196//166 195//166 204//173 
f 205//174 206//174 207//175 
f 200//169 199//169 208//176 
f 208//176 207//175 200//169 
f 209//177 210//177 211//178 
f 206//174 205//174 212//179 
f 212//179 211//178 206//174 
f 213//180 214//180 215//181 
f 216//182 217//183 218//184 
f 218//184 215//181 216//182 
f 216//182 210//177 217//183 
f 210//177 209//177 217//183 
f 219//185 220//185 221//186 
f 214//180 213//180 222//187 
f 222//187 221//186 214//180 
f 223//188 224//188 225//189 
f 220//185 219//185 226//190 
f 226//190 225//189 220//185 
f 227//191 228//191 229//192 
f 230//193 229//192 231//194 
f 231//194 232//195 230//193 
f 231//194 224//188 232//195 
f 224//188 223//188 232//195 
f 233//196 234//196 235//197 
f 228//191 227//191 236//198 
f 236//198 235//197 228//191 
f 237//199 238//199 239//200 
f 234//196 233//196 240//201 
f 240//201 239//200 234//196 
f 241//202 242//202 243//203 
f 244//204 245//205 246//206 
f 246//206 243//203 244//204 
f 244//204 238//199 245//205 
f 238//199 237//199 245//205 
f 247//207 248//207 249//208 
f 242//202 241//202 250//209 
f 250//209 249//208 242//202 
f 251//210 252//210 253//211 
f 248//207 247//207 254//212 
f 254//212 253//211 248//207 
f 255//213 256//214 257//215 
f 252//210 251//210 256//214 
f 256//214 258//216 259//217 
f 256//214 255//213 258//216 
f 256//214 259//217 252//210 
f 260//218 261//218 262//219 
f 255//213 263//220 264//221 
f 264//221 262//219 255//213 
f 265//222 266//222 267//223 
f 261//218 260//218 268//224 
f 268//224 267//223 261//218 
f 269//225 270//225 271//226 
f 272//227 271//226 273//228 
f 273//228 274//229 272//227 
f 273//228 266//222 274//229 
f 266//222 265//222 274//229 
f 275//230 276//230 277//231 
f 270//225 269//225 278//232 
f 278//232 277//231 270//225 
f 279//233 280//233 281//234 
f 276//230 275//230 282//235 
f 282//235 281//234 276//230 
f 283//236 284//236 285//237 
f 286//238 287//239 288//240 
f 288//240 285//237 286//238 
f 286//238 280//233 287//239 
f 280//233 279//233 287//239 
f 289//241 290//241 291//242 
f 284//236 283//236 292//243 
f 292//243 291//242 284//236 
f 293//244 294//244 295//245 
f 290//241 289//241 296//246 
f 296//246 295//245 290//241 
f 297//247 298//247 299//248 
f 300//249 301//250 302//251 
f 302//251 299//248 300//249 
f 300//249 294//244 301//250 
f 294//244 293//244 301//250 
f 303//252 304//252 305//253 
f 298//247 297//247 306//254 
f 306//254 305//253 298//247 
f 307//255 308//255 309//256 
f 304//252 303//252 310//257 
f 310//257 309//256 304//252 
f 311//258 312//258 313//259 
f 314//260 313//259 315//261 
f 315//261 316//262 314//260 
f 315//261 308//255 316//262 
f 308//255 307//255 316//262 
f 317//263 318//263 319//264 
f 312//258 311//258 320//265 
f 320//265 319//264 312//258 
f 321//266 322//266 323//267 
f 318//263 317//263 324//268 
f 324//268 323//267 318//263 
f 325//269 326//269 327//270 
f 328//271 329//272 330//273 
f 330//273 327//270 328//271 
f 328//271 322//266 329//272 
f 322//266 321//266 329//272 
f 331//274 332//274 333//275 
f 326//269 325//269 334//276 
f 334//276 333//275 326//269 
f 335//277 336//277 337//278 
f 332//274 331//274 338//279 
f 338//279 337//278 332//274 
f 339//280 340//280 341//281 
f 342//282 341//281 343//283 
f 343//283 344//284 342//282 
f 343//283 336//277 344//284 
f 336//277 335//277 344//284 
f 345//285 346//285 347//286 
f 340//280 339//280 348//287 
f 348//287 347//286 340//280 
f 349//288 350//288 351//289 
f 346//285 345//285 352//290 
f 352//290 351//289 346//285 
f 353//291 354//291 355//292 
f 356//293 357//294 358//295 
f 358//295 355//292 356//293 
f 356//293 350//288 357//294 
f 350//288 349//288 357//294 
f 359//296 360//296 361//297 
f 354//291 353//291 362//298 
f 362//298 361//297 354//291 
f 363//299 364//299 365//300 
f 360//296 359//296 366//301 
f 366//301 365//300 360//296 
f 367//302 368//302 369//303 
f 370//304 371//305 372//306 
f 372//306 369//303 370//304 
f 370//304 364//299 371//305 
f 364//299 363//299 371//305 
f 373//307 374//307 375//308 
f 368//302 367//302 376//309 
f 376//309 375//308 368//302 
f 377//310 378//310 379//311 
f 374//307 373//307 380//312 
f 380//312 379//311 374//307 
f 381//313 382//313 383//314 
f 384//315 383//314 385//316 
f 385//316 386//317 384//315 
f 385//316 378//310 386//317 
f 378//310 377//310 386//317 
f 387//318 388//318 389//319 
f 382//313 381//313 390//320 
f 390//320 389//319 382//313 
f 391//321 392//321 393//322 
f 388//318 387//318 394//323 
f 394//323 393//322 388//318 
f 395//324 396//325 397//326 
f 392//321 391//321 396//325 
f 396//325 398//327 399//328 
f 396//325 395//324 398//327 
f 396//325 399//328 392//321 
f 400//329 401//329 402//330 
f 395//324 403//331 404//332 
f 404//332 402//330 395//324 
f 405//333 406//333 407//334 
f 401//329 400//329 408//335 
f 408//335 407//334 401//329 
f 409//336 410//336 411//337 
f 412//338 411//337 413//339 
f 413//339 414//340 412//338 
f 413//339 406//333 414//340 
f 406//333 405//333 414//340 
f 415//341 416//341 417//342 
f 410//336 409//336 418//343 
f 418//343 417//342 410//336 
f 419//344 420//344 421//345 
f 416//341 415//341 422//346 
f 422//346 421//345 416//341 
f 423//347 424//347 425//348 
f 426//349 425//348 427//350 
f 427//350 428//351 426//349 
f 427//350 420//344 428//351 
f 420//344 419//344 428//351 
f 429//352 430//352 431//353 
f 424//347 423//347 432//354 
f 432//354 431//353 424//347 
f 433//355 434//355 435//356 
f 430//352 429//352 436//357 
f 436//357 435//356 430//352 
f 437//358 438//358 439//359 
f 440//360 441//361 442//362 
f 442//362 439//359 440//360 
f 440//360 434//355 441//361 
f 434//355 433//355 441//361 
f 443//363 444//363 445//364 
f 438//358 437//358 446//365 
f 446//365 445//364 438//358 
f 447//366 448//366 449//367 
f 444//363 443//363 450//368 
f 450//368 449//367 444//363 
f 451//369 452//369 453//370 
f 454//371 455//372 456//373 
f 456//373 453//370 454//371 
f 454//371 448//366 455//372 
f 448//366 447//366 455//372 
f 457//374 458//374 459//375 
f 452//369 451//369 460//376 
f 460//376 459//375 452//369 
f 461//377 462//377 463//378 
f 458//374 457//374 464//379 
f 464//379 463//378 458//374 
f 465//380 466//380 467//381 
f 468//382 467//381 469//383 
f 469//383 470//384 468//382 
f 462//377 461//377 470//384 
f 470//384 469//383 462//377 
f 471//385 472//385 473//386 
f 466//380 465//380 474//387 
f 474//387 473//386 466//380 
f 475//388 476//388 477//389 
f 472//385 471//385 478//390 
f 478//390 477//389 472//385 
f 479//391 480//391 481//392 
f 482//393 483//394 484//395 
f 484//395 481//392 482//393 
f 476//388 475//388 483//394 
f 483//394 482//393 476//388 
f 485//396 486//396 487//397 
f 480//391 479//391 488//398 
f 488//398 487//397 480//391 
f 489//399 490//399 491//400 
f 486//396 485//396 492//401 
f 492//401 491//400 486//396 
f 493//402 494//402 495//403 
f 496//404 495//403 497//405 
f 497//405 498//406 496//404 
f 497//405 490//399 498//406 
f 490//399 489//399 498//406 
f 499//407 500//407 501//408 
f 494//402 493//402 502//409 
f 502//409 501//408 494//402 
f 503//410 504//410 505//411 
f 500//407 499//407 506//412 
f 506//412 505//411 500//407 
f 507//413 508//413 509//414 
f 510//415 511//416 512//417 
f 512//417 509//414 510//415 
f 504//410 503//410 511//416 
f 511//416 510//415 504//410 
f 513//418 514//418 515//419 
f 508//413 507//413 516//420 
f 516//420 515//419 508//413 
f 517//421 518//421 519//422 
f 514//418 513//418 520//423 
f 520//423 519//422 514//418 
f 521//424 522//424 523//425 
f 524//426 525//427 526//428 
f 526//428 523//425 524//426 
f 518//421 517//421 525//427 
f 525//427 524//426 518//421 
f 527//429 528//429 529//430 
f 522//424 521//424 530//431 
f 530//431 529//430 522//424 
f 531//432 532//433 533//434 
f 534//435 533//434 532//433 
f 532//433 535//436 534//435 
f 528//429 527//429 534//435 
f 534//435 535//436 528//429 
f 536//437 537//438 538//439 
f 539//440 538//439 537//438 
f 537//438 531//432 539//440 
f 540//441 541//442 542//443 
f 543//444 542//443 541//442 
f 541//442 536//437 543//444 
f 544//445 545//446 546//447 
f 545//446 547//448 548//449 
f 548//449 546//447 545//446 
f 549//450 548//449 547//448 
f 547//448 540//441 549//450 
f 550//451 551//452 552//453 
f 553//454 552//453 551//452 
f 551//452 544//445 553//454 
f 554//455 555//456 556//457 
f 557//458 556//457 555//456 
f 555//456 550//451 557//458 
f 558//459 559//460 560//461 
f 561//462 560//461 559//460 
f 559//460 562//463 561//462 
f 563//464 561//462 562//463 
f 562//463 554//455 563//464 
f 564//465 565//466 566//467 
f 567//468 566//467 565//466 
f 565//466 558//459 567//468 
f 568//469 569//470 570//471 
f 571//472 570//471 569//470 
f 569//470 564//465 571//472 
f 572//473 573//474 574//475 
f 573//474 575//476 576//477 
f 576//477 574//475 573//474 
f 577//478 576//477 575//476 
f 575//476 568//469 577//478 
f 578//479 579//480 580//481 
f 581//482 580//481 579//480 
f 579//480 572//473 581//482 
f 582//483 583//484 584//485 
f 585//486 584//485 583//484 
f 583//484 578//479 585//486 
f 586//487 587//488 588//489 
f 587//488 589//490 590//491 
f 590//491 588//489 587//488 
f 591//492 590//491 589//490 
f 589//490 582//483 591//492 
f 592//493 593//494 594//495 
f 595//496 594//495 593//494 
f 593//494 586//487 595//496 
f 596//497 597//497 598//498 
f 598//498 599//499 596//497 
f 600//500 599//499 601//501 
f 601//501 592//493 600//500 
f 602//502 603//503 604//504 
f 605//505 604//504 603//503 
f 603//503 597//497 605//505 
f 597//497 596//497 605//505 
f 606//506 607//507 608//508 
f 609//509 608//508 607//507 
f 607//507 602//502 609//509 
f 610//510 611//511 612//512 
f 613//513 614//513 610//510 
f 615//514 612//512 611//511 
f 611//511 606//506 615//514 
f 616//515 617//516 618//517 
f 619//518 618//517 617//516 
f 617//516 614//513 619//518 
f 614//513 613//513 619//518 
f 620//519 621//520 622//521 
f 623//522 622//521 621//520 
f 621//520 616//515 623//522 
f 624//523 625//524 626//525 
f 627//526 628//526 624//523 
f 629//527 626//525 625//524 
f 625//524 620//519 629//527 
f 630//528 631//529 632//530 
f 628//526 627//526 631//529 
f 631//529 630//528 633//531 
f 631//529 633//531 628//526 
f 634//532 635//533 636//534 
f 637//535 636//534 635//533 
f 635//533 630//528 637//535 
f 638//536 639//536 640//537 
f 640//537 641//538 638//536 
f 642//539 641//538 643//540 
f 643//540 634//532 642//539 
f 644//541 645//542 646//543 
f 639//536 638//536 645//542 
f 645//542 644//541 647//544 
f 645//542 647//544 639//536 
f 648//545 649//546 650//547 
f 651//548 650//547 649//546 
f 649//546 644//541 651//548 
f 652//549 653//549 654//550 
f 654//550 655//551 652//549 
f 656//552 655//551 657//553 
f 657//553 648//545 656//552 
f 658//554 659//555 660//556 
f 653//549 652//549 659//555 
f 659//555 658//554 661//557 
f 659//555 661//557 653//549 
f 662//558 663//559 664//560 
f 665//561 664//560 663//559 
f 663//559 658//554 665//561 
f 666//562 667//563 668//564 
f 669//565 670//565 666//562 
f 671//566 668//564 667//563 
f 667//563 662//558 671//566 
f 672//567 673//568 674//569 
f 670//565 669//565 673//568 
f 673//568 672//567 675//570 
f 673//568 675//570 670//565 
f 676//571 677//572 678//573 
f 679//574 678//573 677//572 
f 677//572 672//567 679//574 
f 680//575 681//576 682//577 
f 683//578 684//578 680//575 
f 685//579 682//577 681//576 
f 681//576 676//571 685//579 
f 686//580 687//581 688//582 
f 684//578 683//578 687//581 
f 687//581 686//580 689//583 
f 687//581 689//583 684//578 
f 690//584 691//585 692//586 
f 693//587 692//586 691//585 
f 691//585 686//580 693//587 
f 694//588 695//589 696//590 
f 697//591 696//590 695//589 
f 695//589 690//584 697//591 
f 698//592 699//593 700//594 
f 699//593 701//595 702//596 
f 702//596 700//594 699//593 
f 703//597 702//596 701//595 
f 701//595 694//588 703//597 
f 704//598 705//599 706//600 
f 707//601 706//600 705//599 
f 705//599 698//592 707//601 
f 3//2 708//602 709//603 
f 710//604 709//603 708//602 
f 708//602 704//598 710//604 
f 709//603 711//605 3//2 
f 706//600 710//604 704//598 
f 700//594 707//601 698//592 
f 696//590 703//597 694//588 
f 692//586 697//591 690//584 
f 688//582 693//587 686//580 
f 682//577 683//578 680//575 
f 678//573 685//579 676//571 
f 674//569 679//574 672//567 
f 668//564 669//565 666//562 
f 664//560 671//566 662//558 
f 660//556 665//561 658//554 
f 654//550 657//553 655//551 
f 650//547 656//552 648//545 
f 646//543 651//548 644//541 
f 640//537 643//540 641//538 
f 636//534 642//539 634//532 
f 632//530 637//535 630//528 
f 626//525 627//526 624//523 
f 622//521 629//527 620//519 
f 618//517 623//522 616//515 
f 612//512 613//513 610//510 
f 608//508 615//514 606//506 
f 604//504 609//509 602//502 
f 598//498 601//501 599//499 
f 594//495 600//500 592//493 
f 588//489 595//496 586//487 
f 584//485 591//492 582//483 
f 580//481 585//486 578//479 
f 574//475 581//482 572//473 
f 570//471 577//478 568//469 
f 566//467 571//472 564//465 
f 560//461 567//468 558//459 
f 556//457 563//464 554//455 
f 552//453 557//458 550//451 
f 546//447 553//454 544//445 
f 542//443 549//450 540//441 
f 538//439 543//444 536//437 
f 533//434 539//440 531//432 
f 529//430 530//431 527//429 
f 523//425 526//428 521//424 
f 519//422 520//423 517//421 
f 515//419 516//420 513//418 
f 509//414 512//417 507//413 
f 505//411 506//412 503//410 
f 501//408 502//409 499//407 
f 495//403 496//404 493//402 
f 491//400 492//401 489//399 
f 487//397 488//398 485//396 
f 481//392 484//395 479//391 
f 477//389 478//390 475//388 
f 473//386 474//387 471//385 
f 467//381 468//382 465//380 
f 463//378 464//379 461//377 
f 459//375 460//376 457//374 
f 453//370 456//373 451//369 
f 449//367 450//368 447//366 
f 445//364 446//365 443//363 
f 439//359 442//362 437//358 
f 435//356 436//357 433//355 
f 431//353 432//354 429//352 
f 425//348 426//349 423//347 
f 421//345 422//346 419//344 
f 417//342 418//343 415//341 
f 411//337 412//338 409//336 
f 407//334 408//335 405//333 
f 402//330 404//332 400//329 
f 397//326 403//331 395//324 
f 393//322 394//323 391//321 
f 389//319 390//320 387//318 
f 383//314 384//315 381//313 
f 379//311 380//312 377//310 
f 375//308 376//309 373//307 
f 369//303 372//306 367//302 
f 365//300 366//301 363//299 
f 361//297 362//298 359//296 
f 355//292 358//295 353//291 
f 351//289 352//290 349//288 
f 347//286 348//287 345//285 
f 341//281 342//282 339//280 
f 337//278 338//279 335//277 
f 333//275 334//276 331//274 
f 327//270 330//273 325//269 
f 323//267 324//268 321//266 
f 319//264 320//265 317//263 
f 313//259 314//260 311//258 
f 309//256 310//257 307//255 
f 305//253 306//254 303//252 
f 299//248 302//251 297//247 
f 295//245 296//246 293//244 
f 291//242 292//243 289//241 
f 285//237 288//240 283//236 
f 281//234 282//235 279//233 
f 277//231 278//232 275//230 
f 271//226 272//227 269//225 
f 267//223 268//224 265//222 
f 262//219 264//221 260//218 
f 257//215 263//220 255//213 
f 253//211 254//212 251//210 
f 249//208 250//209 247//207 
f 243//203 246//206 241//202 
f 239//200 240//201 237//199 
f 235//197 236//198 233//196 
f 229//192 230//193 227//191 
f 225//189 226//190 223//188 
f 221//186 222//187 219//185 
f 215//181 218//184 213//180 
f 211//178 212//179 209//177 
f 207//175 208//176 205//174 
f 201//170 202//171 199//169 
f 197//167 198//168 195//166 
f 193//164 194//165 191//163 
f 187//159 188//160 185//158 
f 183//156 184//157 181//155 
f 178//153 179//154 177//152 
f 175//150 176//151 173//149 
f 169//145 172//148 167//144 
f 163//140 171//147 164//141 
f 161//138 162//139 159//137 
f 155//133 158//136 153//132 
f 149//128 157//135 150//129 
f 147//126 148//127 145//125 
f 141//121 144//124 139//120 
f 135//116 143//123 136//117 
f 133//114 134//115 131//113 
f 127//109 130//112 125//108 
f 121//104 129//111 122//105 
f 119//102 120//103 117//101 
f 113//97 116//100 111//96 
f 107//92 115//99 108//93 
f 104//90 105//91 103//89 
f 99//86 100//87 97//84 
f 93//80 102//88 94//81 
f 91//79 87//75 89//77 
f 85//74 86//75 83//72 
f 81//70 88//76 79//68 
f 77//67 73//63 75//65 
f 71//62 72//63 69//60 
f 66//57 74//64 68//59 
f 62//54 65//56 64//56 
f 57//50 58//51 55//48 
f 53//46 60//52 51//44 
f 49//43 45//39 47//41 
f 43//38 44//39 41//36 
f 38//33 46//40 40//35 
f 35//31 28//24 33//29 
f 29//25 32//28 30//26 
f 24//21 31//27 26//23 
f 19//17 20//18 17//15 
f 15//13 22//19 13//11 
f 10//8 16//14 12//10 
f 6//5 8//6 4//3 
f 3//2 711//605 1//1 
o mesh1
f 709//606 712//607 713//608 
f 709//606 710//609 714//610 
f 715//611 714//610 710//609 
f 710//609 706//612 715//611 
f 706//612 707//613 716//614 
f 716//614 707//613 700//615 
f 700//615 717//616 716//614 
f 700//615 702//617 718//618 
f 703//619 696//620 719//621 
f 720//622 702//617 703//619 
f 719//621 720//622 703//619 
f 696//620 697//623 721//624 
f 697//623 692//625 722//626 
f 722//626 721//624 697//623 
f 692//625 693//627 723//628 
f 723//628 693//627 688//629 
f 688//629 724//630 723//628 
f 688//629 687//631 725//632 
f 687//631 726//633 725//632 
f 682//634 727//635 726//633 
f 726//633 687//631 683//636 
f 682//634 685//637 728//638 
f 729//639 728//638 685//637 
f 685//637 678//640 729//639 
f 678//640 679//641 730//642 
f 731//643 730//642 679//641 
f 679//641 674//644 731//643 
f 674//644 673//645 732//646 
f 673//645 733//647 732//646 
f 669//648 668//649 734//650 
f 733//647 673//645 669//648 
f 668//649 671//651 735//652 
f 736//653 735//652 671//651 
f 671//651 664//654 736//653 
f 664//654 665//655 737//656 
f 738//657 737//656 665//655 
f 665//655 660//658 738//657 
f 660//658 659//659 739//660 
f 659//659 740//661 739//660 
f 652//662 655//663 741//664 
f 740//661 659//659 652//662 
f 655//663 656//665 742//666 
f 743//667 742//666 656//665 
f 656//665 650//668 743//667 
f 650//668 651//669 744//670 
f 745//671 744//670 651//669 
f 651//669 646//672 745//671 
f 646//672 645//673 746//674 
f 645//673 747//675 746//674 
f 638//676 641//677 748//678 
f 747//675 645//673 638//676 
f 641//677 642//679 749//680 
f 750//681 749//680 642//679 
f 642//679 636//682 750//681 
f 636//682 637//683 751//684 
f 752//685 751//684 637//683 
f 637//683 632//686 752//685 
f 632//686 631//687 753//688 
f 631//687 754//689 753//688 
f 627//690 626//691 755//692 
f 754//689 631//687 627//690 
f 626//691 629//693 756//694 
f 757//695 756//694 629//693 
f 629//693 622//696 757//695 
f 622//696 623//697 758//698 
f 759//699 758//698 623//697 
f 623//697 618//700 759//699 
f 618//700 619//701 760//702 
f 619//701 761//703 760//702 
f 613//704 612//705 762//706 
f 761//703 619//701 613//704 
f 763//707 764//708 615//709 
f 764//708 612//705 615//709 
f 615//709 608//710 763//707 
f 608//710 609//711 765//712 
f 766//713 765//712 609//711 
f 609//711 604//714 766//713 
f 604//714 605//715 767//716 
f 605//715 768//717 767//716 
f 769//718 768//717 596//719 
f 768//717 605//715 596//719 
f 770//720 771//721 600//722 
f 771//721 599//723 600//722 
f 600//722 594//724 770//720 
f 594//724 595//725 772//726 
f 773//727 772//726 595//725 
f 595//725 588//728 773//727 
f 588//728 590//729 774//730 
f 590//729 775//731 774//730 
f 776//732 775//731 591//733 
f 775//731 590//729 591//733 
f 777//734 778//735 585//736 
f 778//735 584//737 585//736 
f 585//736 580//738 777//734 
f 580//738 581//739 779//740 
f 780//741 779//740 581//739 
f 581//739 574//742 780//741 
f 574//742 576//743 781//744 
f 576//743 782//745 781//744 
f 783//746 782//745 577//747 
f 782//745 576//743 577//747 
f 784//748 785//749 571//750 
f 785//749 570//751 571//750 
f 571//750 566//752 784//748 
f 566//752 567//753 786//754 
f 787//755 786//754 567//753 
f 567//753 560//756 787//755 
f 560//756 561//757 788//758 
f 561//757 789//759 788//758 
f 790//760 789//759 563//761 
f 789//759 561//757 563//761 
f 791//762 792//763 557//764 
f 792//763 556//765 557//764 
f 557//764 552//766 791//762 
f 552//766 553//767 793//768 
f 794//769 793//768 553//767 
f 553//767 546//770 794//769 
f 546//770 548//771 795//772 
f 548//771 796//773 795//772 
f 797//774 796//773 549//775 
f 796//773 548//771 549//775 
f 798//776 799//777 543//778 
f 799//777 542//779 543//778 
f 543//778 538//780 798//776 
f 539//781 800//782 801//783 
f 801//783 538//780 539//781 
f 539//781 533//784 800//782 
f 533//784 534//785 802//786 
f 803//787 804//788 527//789 
f 804//788 534//785 527//789 
f 527//789 530//790 803//787 
f 530//790 521//791 805//792 
f 806//793 805//792 521//791 
f 521//791 526//794 806//793 
f 526//794 525//795 807//796 
f 525//795 808//797 807//796 
f 809//798 808//797 517//799 
f 808//797 525//795 517//799 
f 810//800 811//801 513//802 
f 811//801 520//803 513//802 
f 513//802 516//804 810//800 
f 516//804 507//805 812//806 
f 813//807 812//806 507//805 
f 507//805 512//808 813//807 
f 512//808 511//809 814//810 
f 511//809 815//811 814//810 
f 816//812 815//811 503//813 
f 815//811 511//809 503//813 
f 817//814 818//815 499//816 
f 818//815 506//817 499//816 
f 499//816 502//818 817//814 
f 502//818 493//819 819//820 
f 820//821 819//820 493//819 
f 493//819 496//822 820//821 
f 496//822 498//823 821//824 
f 498//823 822//825 821//824 
f 823//826 822//825 489//827 
f 822//825 498//823 489//827 
f 492//828 485//829 824//830 
f 825//831 824//830 485//829 
f 485//829 488//832 825//831 
f 488//832 479//833 826//834 
f 827//835 826//834 479//833 
f 479//833 484//836 827//835 
f 484//836 483//837 828//838 
f 483//837 829//839 828//838 
f 830//840 829//839 475//841 
f 829//839 483//837 475//841 
f 831//842 832//843 471//844 
f 832//843 478//845 471//844 
f 471//844 474//846 831//842 
f 474//846 465//847 833//848 
f 834//849 833//848 465//847 
f 465//847 468//850 834//849 
f 468//850 470//851 835//852 
f 470//851 836//853 835//852 
f 837//854 836//853 461//855 
f 836//853 470//851 461//855 
f 464//856 457//857 838//858 
f 839//859 838//858 457//857 
f 457//857 460//860 839//859 
f 460//860 451//861 840//862 
f 841//863 840//862 451//861 
f 451//861 456//864 841//863 
f 456//864 455//865 842//866 
f 455//865 843//867 842//866 
f 844//868 843//867 447//869 
f 843//867 455//865 447//869 
f 450//870 443//871 845//872 
f 846//873 845//872 443//871 
f 443//871 446//874 846//873 
f 446//874 437//875 847//876 
f 848//877 847//876 437//875 
f 437//875 442//878 848//877 
f 442//878 441//879 849//880 
f 441//879 850//881 849//880 
f 433//882 436//883 851//884 
f 850//881 441//879 433//882 
f 852//885 853//886 429//887 
f 853//886 436//883 429//887 
f 429//887 432//888 852//885 
f 432//888 423//889 854//890 
f 855//891 854//890 423//889 
f 423//889 426//892 855//891 
f 426//892 428//893 856//894 
f 428//893 857//895 856//894 
f 419//896 422//897 858//898 
f 857//895 428//893 419//896 
f 859//899 860//900 415//901 
f 860//900 422//897 415//901 
f 415//901 418//902 859//899 
f 418//902 409//903 861//904 
f 862//905 861//904 409//903 
f 409//903 412//906 862//905 
f 412//906 414//907 863//908 
f 414//907 864//909 863//908 
f 405//910 408//911 865//912 
f 864//909 414//907 405//910 
f 866//913 867//914 400//915 
f 867//914 408//911 400//915 
f 400//915 404//916 866//913 
f 404//916 403//917 868//918 
f 869//919 868//918 403//917 
f 403//917 397//920 869//919 
f 397//920 396//921 870//922 
f 396//921 871//923 870//922 
f 391//924 394//925 872//926 
f 871//923 396//921 391//924 
f 873//927 874//928 387//929 
f 874//928 394//925 387//929 
f 387//929 390//930 873//927 
f 390//930 381//931 875//932 
f 876//933 875//932 381//931 
f 381//931 384//934 876//933 
f 384//934 386//935 877//936 
f 386//935 878//937 877//936 
f 377//938 380//939 879//940 
f 878//937 386//935 377//938 
f 880//941 881//942 373//943 
f 881//942 380//939 373//943 
f 373//943 376//944 880//941 
f 367//945 882//946 883//947 
f 883//947 376//944 367//945 
f 367//945 372//948 882//946 
f 372//948 371//949 884//950 
f 371//949 885//951 884//950 
f 363//952 366//953 886//954 
f 885//951 371//949 363//952 
f 887//955 888//956 359//957 
f 888//956 366//953 359//957 
f 359//957 362//958 887//955 
f 353//959 889//960 890//961 
f 890//961 362//958 353//959 
f 353//959 358//962 889//960 
f 358//962 357//963 891//964 
f 357//963 892//965 891//964 
f 893//966 892//965 349//967 
f 892//965 357//963 349//967 
f 894//968 895//969 345//970 
f 895//969 352//971 345//970 
f 345//970 348//972 894//968 
f 348//972 339//973 896//974 
f 897//975 896//974 339//973 
f 339//973 342//976 897//975 
f 342//976 344//977 898//978 
f 344//977 899//979 898//978 
f 335//980 338//981 900//982 
f 899//979 344//977 335//980 
f 901//983 902//984 331//985 
f 902//984 338//981 331//985 
f 331//985 334//986 901//983 
f 334//986 325//987 903//988 
f 904//989 903//988 325//987 
f 325//987 330//990 904//989 
f 330//990 329//991 905//992 
f 329//991 906//993 905//992 
f 321//994 324//995 907//996 
f 906//993 329//991 321//994 
f 908//997 909//998 317//999 
f 909//998 324//995 317//999 
f 317//999 320//1000 908//997 
f 320//1000 311//1001 910//1002 
f 911//1003 910//1002 311//1001 
f 311//1001 314//1004 911//1003 
f 314//1004 316//1005 912//1006 
f 316//1005 913//1007 912//1006 
f 307//1008 310//1009 914//1010 
f 913//1007 316//1005 307//1008 
f 915//1011 916//1012 303//1013 
f 916//1012 310//1009 303//1013 
f 303//1013 306//1014 915//1011 
f 306//1014 297//1015 917//1016 
f 918//1017 917//1016 297//1015 
f 297//1015 302//1018 918//1017 
f 302//1018 301//1019 919//1020 
f 301//1019 920//1021 919//1020 
f 293//1022 296//1023 921//1024 
f 920//1021 301//1019 293//1022 
f 922//1025 923//1026 289//1027 
f 923//1026 296//1023 289//1027 
f 289//1027 292//1028 922//1025 
f 292//1028 283//1029 924//1030 
f 925//1031 924//1030 283//1029 
f 283//1029 288//1032 925//1031 
f 288//1032 287//1033 926//1034 
f 287//1033 927//1035 926//1034 
f 279//1036 282//1037 928//1038 
f 927//1035 287//1033 279//1036 
f 929//1039 930//1040 275//1041 
f 930//1040 282//1037 275//1041 
f 275//1041 278//1042 929//1039 
f 278//1042 269//1043 931//1044 
f 932//1045 931//1044 269//1043 
f 269//1043 272//1046 932//1045 
f 272//1046 274//1047 933//1048 
f 274//1047 934//1049 933//1048 
f 265//1050 268//1051 935//1052 
f 934//1049 274//1047 265//1050 
f 268//1051 936//1053 935//1052 
f 937//1054 936//1053 260//1055 
f 936//1053 268//1051 260//1055 
f 263//1056 938//1057 939//1058 
f 939//1058 264//1059 263//1056 
f 263//1056 257//1060 938//1057 
f 257//1060 256//1061 940//1062 
f 256//1061 941//1063 940//1062 
f 251//1064 254//1065 942//1066 
f 941//1063 256//1061 251//1064 
f 943//1067 944//1068 247//1069 
f 944//1068 254//1065 247//1069 
f 247//1069 250//1070 943//1067 
f 241//1071 945//1072 946//1073 
f 946//1073 250//1070 241//1071 
f 241//1071 246//1074 945//1072 
f 246//1074 245//1075 947//1076 
f 245//1075 948//1077 947//1076 
f 240//1078 949//1079 950//1080 
f 950//1080 245//1075 237//1081 
f 950//1080 237//1081 240//1078 
f 951//1082 949//1079 233//1083 
f 949//1079 240//1078 233//1083 
f 227//1084 952//1085 953//1086 
f 953//1086 236//1087 227//1084 
f 227//1084 230//1088 952//1085 
f 230//1088 232//1089 954//1090 
f 232//1089 955//1091 954//1090 
f 223//1092 226//1093 956//1094 
f 955//1091 232//1089 223//1092 
f 226//1093 957//1095 956//1094 
f 958//1096 957//1095 219//1097 
f 957//1095 226//1093 219//1097 
f 959//1098 222//1099 213//1100 
f 213//1100 960//1101 959//1098 
f 213//1100 218//1102 960//1101 
f 218//1102 217//1103 961//1104 
f 217//1103 962//1105 961//1104 
f 209//1106 212//1107 963//1108 
f 962//1105 217//1103 209//1106 
f 212//1107 964//1109 963//1108 
f 965//1110 964//1109 205//1111 
f 964//1109 212//1107 205//1111 
f 199//1112 966//1113 967//1114 
f 967//1114 208//1115 199//1112 
f 199//1112 202//1116 966//1113 
f 202//1116 204//1117 968//1118 
f 204//1117 969//1119 968//1118 
f 195//1120 198//1121 970//1122 
f 969//1119 204//1117 195//1120 
f 198//1121 971//1123 970//1122 
f 972//1124 971//1123 191//1125 
f 971//1123 198//1121 191//1125 
f 185//1126 973//1127 974//1128 
f 974//1128 194//1129 185//1126 
f 185//1126 188//1130 973//1127 
f 188//1130 190//1131 975//1132 
f 190//1131 976//1133 975//1132 
f 181//1134 184//1135 977//1136 
f 976//1133 190//1131 181//1134 
f 184//1135 978//1137 977//1136 
f 979//1138 978//1137 179//1139 
f 978//1137 184//1135 179//1139 
f 178//1140 173//1141 980//1142 
f 176//1143 981//1144 980//1142 
f 980//1142 173//1141 176//1143 
f 176//1143 167//1145 982//1146 
f 172//1147 983//1148 982//1146 
f 982//1146 167//1145 172//1147 
f 171//1149 984//1150 983//1148 
f 163//1151 985//1152 984//1150 
f 984//1150 171//1149 163//1151 
f 166//1153 986//1154 985//1152 
f 987//1155 986//1154 166//1153 
f 162//1156 988//1157 987//1155 
f 987//1155 159//1158 162//1156 
f 989//1159 988//1157 162//1156 
f 158//1160 990//1161 989//1159 
f 989//1159 153//1162 158//1160 
f 157//1163 991//1164 990//1161 
f 149//1165 992//1166 991//1164 
f 991//1164 157//1163 149//1165 
f 152//1167 993//1168 992//1166 
f 994//1169 993//1168 152//1167 
f 148//1170 995//1171 994//1169 
f 994//1169 145//1172 148//1170 
f 995//1171 148//1170 139//1173 
f 144//1174 996//1175 997//1176 
f 997//1176 139//1173 144//1174 
f 996//1175 144//1174 143//1177 
f 143//1177 998//1178 996//1175 
f 135//1179 999//1180 998//1178 
f 138//1181 1000//1182 999//1180 
f 1000//1182 138//1181 131//1183 
f 134//1184 1001//1185 1002//1186 
f 1002//1186 131//1183 134//1184 
f 1001//1185 134//1184 125//1187 
f 130//1188 1003//1189 1004//1190 
f 1004//1190 125//1187 130//1188 
f 1003//1189 130//1188 129//1191 
f 129//1191 1005//1192 1003//1189 
f 121//1193 1006//1194 1005//1192 
f 124//1195 1007//1196 1006//1194 
f 1007//1196 124//1195 117//1197 
f 120//1198 1008//1199 1009//1200 
f 1009//1200 117//1197 120//1198 
f 1008//1199 120//1198 111//1201 
f 116//1202 1010//1203 1011//1204 
f 1011//1204 111//1201 116//1202 
f 1010//1203 116//1202 115//1205 
f 115//1205 1012//1206 1010//1203 
f 107//1207 1013//1208 1012//1206 
f 110//1209 1014//1210 1013//1208 
f 1014//1210 110//1209 105//1211 
f 104//1212 1015//1213 1016//1214 
f 1016//1214 105//1211 104//1212 
f 1015//1213 104//1212 100//1215 
f 99//1216 1017//1217 1018//1218 
f 1018//1218 100//1215 99//1216 
f 1017//1217 99//1216 102//1219 
f 102//1219 1019//1220 1017//1217 
f 93//1221 1020//1222 1019//1220 
f 96//1223 1021//1224 1020//1222 
f 1021//1224 96//1223 90//1225 
f 89//1226 1022//1227 1023//1228 
f 1023//1228 90//1225 89//1226 
f 1022//1227 89//1226 86//1229 
f 85//1230 1024//1231 1025//1232 
f 1025//1232 86//1229 85//1230 
f 1024//1231 85//1230 88//1233 
f 88//1233 1026//1234 1024//1231 
f 81//1235 1027//1236 1026//1234 
f 80//1237 1028//1238 1027//1236 
f 1028//1238 80//1237 76//1239 
f 75//1240 1029//1241 1030//1242 
f 1030//1242 76//1239 75//1240 
f 1029//1241 75//1240 72//1243 
f 71//1244 1031//1245 1032//1246 
f 1032//1246 72//1243 71//1244 
f 1031//1245 71//1244 74//1247 
f 66//1248 1033//1249 1034//1250 
f 1034//1250 74//1247 66//1248 
f 65//1251 1035//1252 1033//1249 
f 1033//1249 66//1248 65//1251 
f 61//1253 1036//1254 1037//1255 
f 1037//1255 62//1256 61//1253 
f 1036//1254 61//1253 58//1257 
f 57//1258 1038//1259 1039//1260 
f 1039//1260 58//1257 57//1258 
f 57//1258 60//1261 1040//1262 
f 1040//1262 60//1261 53//1263 
f 53//1263 1041//1264 1040//1262 
f 53//1263 52//1265 1042//1266 
f 52//1265 1043//1267 1042//1266 
f 48//1268 47//1269 1044//1270 
f 1043//1267 52//1265 48//1268 
f 47//1269 44//1271 1045//1272 
f 1046//1273 1045//1272 44//1271 
f 44//1271 43//1274 1046//1273 
f 43//1274 46//1275 1047//1276 
f 1048//1277 1047//1276 46//1275 
f 46//1275 38//1278 1048//1277 
f 38//1278 37//1279 1049//1280 
f 37//1279 1050//1281 1049//1280 
f 34//1282 33//1283 1051//1284 
f 1050//1281 37//1279 34//1282 
f 33//1283 27//1285 1052//1286 
f 1053//1287 1052//1286 27//1285 
f 27//1285 30//1288 1053//1287 
f 30//1288 31//1289 1054//1290 
f 1054//1290 31//1289 24//1291 
f 24//1291 1055//1292 1054//1290 
f 24//1291 23//1293 1056//1294 
f 20//1295 19//1296 1057//1297 
f 1058//1298 23//1293 20//1295 
f 1057//1297 1058//1298 20//1295 
f 19//1296 22//1299 1059//1300 
f 1060//1301 1059//1300 22//1299 
f 22//1299 15//1302 1060//1301 
f 15//1302 16//1303 1061//1304 
f 1062//1305 1061//1304 16//1303 
f 16//1303 10//1306 1062//1305 
f 10//1306 9//1307 1063//1308 
f 9//1307 1064//1309 1063//1308 
f 5//1310 4//1311 1065//1312 
f 1064//1309 9//1307 5//1310 
f 4//1311 1//1313 1066//1314 
f 713//608 1066//1314 1//1313 
f 1//1313 711//1315 713//608 
f 1066//1314 1065//1312 4//1311 
f 1065//1312 1064//1309 5//1310 
f 1063//1308 1062//1305 10//1306 
f 1061//1304 1060//1301 15//1302 
f 1059//1300 1057//1297 19//1296 
f 1058//1298 1056//1294 23//1293 
f 1056//1294 1055//1292 24//1291 
f 1054//1290 1053//1287 30//1288 
f 1052//1286 1051//1284 33//1283 
f 1051//1284 1050//1281 34//1282 
f 1049//1280 1048//1277 38//1278 
f 1047//1276 1046//1273 43//1274 
f 1045//1272 1044//1270 47//1269 
f 1044//1270 1043//1267 48//1268 
f 1042//1266 1041//1264 53//1263 
f 1040//1262 1038//1259 57//1258 
f 58//1257 1039//1260 1036//1254 
f 1037//1255 1035//1252 62//1256 
f 65//1251 62//1256 1035//1252 
f 74//1247 1034//1250 1031//1245 
f 72//1243 1032//1246 1029//1241 
f 76//1239 1030//1242 1028//1238 
f 1027//1236 81//1235 80//1237 
f 88//1233 81//1235 1026//1234 
f 86//1229 1025//1232 1022//1227 
f 90//1225 1023//1228 1021//1224 
f 1020//1222 93//1221 96//1223 
f 102//1219 93//1221 1019//1220 
f 100//1215 1018//1218 1015//1213 
f 105//1211 1016//1214 1014//1210 
f 1013//1208 107//1207 110//1209 
f 115//1205 107//1207 1012//1206 
f 111//1201 1011//1204 1008//1199 
f 117//1197 1009//1200 1007//1196 
f 1006//1194 121//1193 124//1195 
f 129//1191 121//1193 1005//1192 
f 125//1187 1004//1190 1001//1185 
f 131//1183 1002//1186 1000//1182 
f 999//1180 135//1179 138//1181 
f 143//1177 135//1179 998//1178 
f 139//1173 997//1176 995//1171 
f 152//1167 145//1172 994//1169 
f 992//1166 149//1165 152//1167 
f 990//1161 158//1160 157//1163 
f 162//1156 153//1162 989//1159 
f 166//1153 159//1158 987//1155 
f 985//1152 163//1151 166//1153 
f 983//1148 172//1147 171//1149 
f 982//1146 981//1144 176//1143 
f 980//1142 979//1138 178//1140 
f 179//1139 178//1140 979//1138 
f 977//1136 976//1133 181//1134 
f 975//1132 973//1127 188//1130 
f 974//1128 972//1124 194//1129 
f 191//1125 194//1129 972//1124 
f 970//1122 969//1119 195//1120 
f 968//1118 966//1113 202//1116 
f 967//1114 965//1110 208//1115 
f 205//1111 208//1115 965//1110 
f 963//1108 962//1105 209//1106 
f 961//1104 960//1101 218//1102 
f 959//1098 958//1096 222//1099 
f 219//1097 222//1099 958//1096 
f 956//1094 955//1091 223//1092 
f 954//1090 952//1085 230//1088 
f 953//1086 951//1082 236//1087 
f 233//1083 236//1087 951//1082 
f 950//1080 948//1077 245//1075 
f 947//1076 945//1072 246//1074 
f 946//1073 943//1067 250//1070 
f 944//1068 942//1066 254//1065 
f 942//1066 941//1063 251//1064 
f 940//1062 938//1057 257//1060 
f 939//1058 937//1054 264//1059 
f 260//1055 264//1059 937//1054 
f 935//1052 934//1049 265//1050 
f 933//1048 932//1045 272//1046 
f 931//1044 929//1039 278//1042 
f 930//1040 928//1038 282//1037 
f 928//1038 927//1035 279//1036 
f 926//1034 925//1031 288//1032 
f 924//1030 922//1025 292//1028 
f 923//1026 921//1024 296//1023 
f 921//1024 920//1021 293//1022 
f 919//1020 918//1017 302//1018 
f 917//1016 915//1011 306//1014 
f 916//1012 914//1010 310//1009 
f 914//1010 913//1007 307//1008 
f 912//1006 911//1003 314//1004 
f 910//1002 908//997 320//1000 
f 909//998 907//996 324//995 
f 907//996 906//993 321//994 
f 905//992 904//989 330//990 
f 903//988 901//983 334//986 
f 902//984 900//982 338//981 
f 900//982 899//979 335//980 
f 898//978 897//975 342//976 
f 896//974 894//968 348//972 
f 895//969 893//966 352//971 
f 349//967 352//971 893//966 
f 891//964 889//960 358//962 
f 890//961 887//955 362//958 
f 888//956 886//954 366//953 
f 886//954 885//951 363//952 
f 884//950 882//946 372//948 
f 883//947 880//941 376//944 
f 881//942 879//940 380//939 
f 879//940 878//937 377//938 
f 877//936 876//933 384//934 
f 875//932 873//927 390//930 
f 874//928 872//926 394//925 
f 872//926 871//923 391//924 
f 870//922 869//919 397//920 
f 868//918 866//913 404//916 
f 867//914 865//912 408//911 
f 865//912 864//909 405//910 
f 863//908 862//905 412//906 
f 861//904 859//899 418//902 
f 860//900 858//898 422//897 
f 858//898 857//895 419//896 
f 856//894 855//891 426//892 
f 854//890 852//885 432//888 
f 853//886 851//884 436//883 
f 851//884 850//881 433//882 
f 849//880 848//877 442//878 
f 847//876 846//873 446//874 
f 845//872 844//868 450//870 
f 447//869 450//870 844//868 
f 842//866 841//863 456//864 
f 840//862 839//859 460//860 
f 838//858 837//854 464//856 
f 461//855 464//856 837//854 
f 835//852 834//849 468//850 
f 833//848 831//842 474//846 
f 832//843 830//840 478//845 
f 475//841 478//845 830//840 
f 828//838 827//835 484//836 
f 826//834 825//831 488//832 
f 824//830 823//826 492//828 
f 489//827 492//828 823//826 
f 821//824 820//821 496//822 
f 819//820 817//814 502//818 
f 818//815 816//812 506//817 
f 503//813 506//817 816//812 
f 814//810 813//807 512//808 
f 812//806 810//800 516//804 
f 811//801 809//798 520//803 
f 517//799 520//803 809//798 
f 807//796 806//793 526//794 
f 805//792 803//787 530//790 
f 804//788 802//786 534//785 
f 802//786 800//782 533//784 
f 801//783 798//776 538//780 
f 799//777 797//774 542//779 
f 549//775 542//779 797//774 
f 795//772 794//769 546//770 
f 793//768 791//762 552//766 
f 792//763 790//760 556//765 
f 563//761 556//765 790//760 
f 788//758 787//755 560//756 
f 786//754 784//748 566//752 
f 785//749 783//746 570//751 
f 577//747 570//751 783//746 
f 781//744 780//741 574//742 
f 779//740 777//734 580//738 
f 778//735 776//732 584//737 
f 591//733 584//737 776//732 
f 774//730 773//727 588//728 
f 772//726 770//720 594//724 
f 771//721 769//718 599//723 
f 596//719 599//723 769//718 
f 767//716 766//713 604//714 
f 765//712 763//707 608//710 
f 764//708 762//706 612//705 
f 762//706 761//703 613//704 
f 760//702 759//699 618//700 
f 758//698 757//695 622//696 
f 756//694 755//692 626//691 
f 755//692 754//689 627//690 
f 753//688 752//685 632//686 
f 751//684 750//681 636//682 
f 749//680 748//678 641//677 
f 748//678 747//675 638//676 
f 746//674 745//671 646//672 
f 744//670 743//667 650//668 
f 742//666 741//664 655//663 
f 741//664 740//661 652//662 
f 739//660 738//657 660//658 
f 737//656 736//653 664//654 
f 735//652 734//650 668//649 
f 734//650 733//647 669//648 
f 732//646 731//643 674//644 
f 730//642 729//639 678//640 
f 728//638 727//635 682//634 
f 726//633 683//636 682//634 
f 725//632 724//630 688//629 
f 723//628 722//626 692//625 
f 721//624 719//621 696//620 
f 720//622 718//618 702//617 
f 718//618 717//616 700//615 
f 716//614 715//611 706//612 
f 714//610 712//607 709//606 
f 713//608 711//1315 709//606 
o mesh2
f 1067//1316 1011//1316 1010//1316 
f 1012//1316 1068//1316 1069//1316 
f 1013//1316 1014//1316 1070//1316 
f 1071//1316 1009//1316 1008//1316 
f 1069//1316 1010//1316 1012//1316 
f 1014//1316 1072//1316 1070//1316 
f 1073//1316 833//1316 834//1316 
f 837//1316 1074//1316 1075//1316 
f 1076//1316 994//1316 995//1316 
f 1008//1316 1077//1316 1071//1316 
f 1012//1316 1078//1316 1068//1316 
f 1078//1316 1012//1316 1013//1316 
f 832//1316 1079//1316 1080//1316 
f 1079//1316 832//1316 831//1316 
f 834//1316 1081//1316 1073//1316 
f 834//1316 835//1316 1082//1316 
f 1075//1316 836//1316 837//1316 
f 1076//1316 993//1316 994//1316 
f 1083//1316 995//1316 997//1316 
f 1011//1316 1067//1316 1077//1316 
f 1070//1316 1078//1316 1013//1316 
f 1072//1316 1014//1316 1016//1316 
f 1015//1316 1084//1316 1085//1316 
f 1018//1316 1086//1316 1084//1316 
f 1086//1316 1018//1316 1017//1316 
f 817//1316 819//1316 1087//1316 
f 817//1316 1088//1316 1089//1316 
f 831//1316 1090//1316 1079//1316 
f 1082//1316 1081//1316 834//1316 
f 1082//1316 835//1316 836//1316 
f 1091//1316 838//1316 839//1316 
f 841//1316 842//1316 1092//1316 
f 995//1316 1083//1316 1093//1316 
f 997//1316 1094//1316 1083//1316 
f 998//1316 1095//1316 1096//1316 
f 1097//1316 1098//1316 1002//1316 
f 1010//1316 1069//1316 1067//1316 
f 1085//1316 1016//1316 1015//1316 
f 1017//1316 1099//1316 1086//1316 
f 1019//1316 1100//1316 1101//1316 
f 1102//1316 812//1316 813//1316 
f 1103//1316 814//1316 815//1316 
f 816//1316 1104//1316 1105//1316 
f 1089//1316 1104//1316 816//1316 
f 1089//1316 818//1316 817//1316 
f 1080//1316 830//1316 832//1316 
f 1075//1316 1082//1316 836//1316 
f 1091//1316 1074//1316 837//1316 
f 839//1316 1106//1316 1091//1316 
f 1092//1316 1107//1316 841//1316 
f 995//1316 1093//1316 1076//1316 
f 996//1316 1096//1316 1094//1316 
f 999//1316 1000//1316 1108//1316 
f 1096//1316 996//1316 998//1316 
f 1098//1316 1000//1316 1002//1316 
f 1016//1316 1085//1316 1072//1316 
f 1017//1316 1101//1316 1099//1316 
f 1020//1316 1021//1316 1109//1316 
f 1101//1316 1017//1316 1019//1316 
f 1023//1316 1022//1316 1110//1316 
f 813//1316 1111//1316 1102//1316 
f 814//1316 1103//1316 1111//1316 
f 1105//1316 815//1316 816//1316 
f 1087//1316 1088//1316 817//1316 
f 1073//1316 1090//1316 833//1316 
f 839//1316 840//1316 1106//1316 
f 1112//1316 840//1316 841//1316 
f 844//1316 1113//1316 1114//1316 
f 997//1316 996//1316 1094//1316 
f 998//1316 999//1316 1095//1316 
f 1001//1316 1115//1316 1097//1316 
f 1084//1316 1015//1316 1018//1316 
f 1019//1316 1020//1316 1100//1316 
f 1116//1316 1021//1316 1023//1316 
f 1117//1316 1022//1316 1025//1316 
f 1111//1316 813//1316 814//1316 
f 816//1316 818//1316 1089//1316 
f 820//1316 821//1316 1118//1316 
f 1087//1316 819//1316 820//1316 
f 823//1316 1119//1316 1120//1316 
f 837//1316 838//1316 1091//1316 
f 1107//1316 1112//1316 841//1316 
f 1114//1316 843//1316 844//1316 
f 845//1316 1121//1316 1113//1316 
f 1121//1316 845//1316 846//1316 
f 848//1316 849//1316 1122//1316 
f 992//1316 993//1316 1123//1316 
f 1124//1316 991//1316 992//1316 
f 1108//1316 1095//1316 999//1316 
f 1002//1316 1001//1316 1097//1316 
f 1125//1316 1126//1316 1007//1316 
f 1109//1316 1100//1316 1020//1316 
f 1110//1316 1116//1316 1023//1316 
f 1025//1316 1127//1316 1117//1316 
f 1025//1316 1024//1316 1128//1316 
f 815//1316 1105//1316 1103//1316 
f 820//1316 1129//1316 1087//1316 
f 1120//1316 822//1316 823//1316 
f 824//1316 1130//1316 1119//1316 
f 1130//1316 824//1316 825//1316 
f 1112//1316 1106//1316 840//1316 
f 1092//1316 842//1316 843//1316 
f 846//1316 1131//1316 1121//1316 
f 1122//1316 1132//1316 848//1316 
f 1133//1316 980//1316 981//1316 
f 992//1316 1134//1316 1124//1316 
f 1098//1316 1108//1316 1000//1316 
f 1135//1316 1115//1316 1001//1316 
f 1135//1316 1004//1316 1003//1316 
f 1006//1316 1007//1316 1126//1316 
f 1009//1316 1071//1316 1125//1316 
f 1116//1316 1109//1316 1021//1316 
f 1128//1316 1127//1316 1025//1316 
f 1118//1316 1129//1316 820//1316 
f 1118//1316 821//1316 822//1316 
f 825//1316 1136//1316 1130//1316 
f 828//1316 1137//1316 1138//1316 
f 1139//1316 826//1316 827//1316 
f 1114//1316 1092//1316 843//1316 
f 1113//1316 844//1316 845//1316 
f 1140//1316 847//1316 848//1316 
f 851//1316 1141//1316 1142//1316 
f 858//1316 1143//1316 1144//1316 
f 859//1316 861//1316 1145//1316 
f 1146//1316 877//1316 878//1316 
f 981//1316 1147//1316 1133//1316 
f 1076//1316 1123//1316 993//1316 
f 1003//1316 1148//1316 1135//1316 
f 1003//1316 1005//1316 1149//1316 
f 1149//1316 1005//1316 1006//1316 
f 1007//1316 1009//1316 1125//1316 
f 1117//1316 1110//1316 1022//1316 
f 1024//1316 1026//1316 1150//1316 
f 1151//1316 1150//1316 1026//1316 
f 1032//1316 1152//1316 1153//1316 
f 1029//1316 1153//1316 1154//1316 
f 1031//1316 1034//1316 1155//1316 
f 1156//1316 1152//1316 1032//1316 
f 1157//1316 1155//1316 1034//1316 
f 1033//1316 1035//1316 1158//1316 
f 1047//1316 1159//1316 1160//1316 
f 1049//1316 1161//1316 1162//1316 
f 801//1316 1163//1316 1164//1316 
f 803//1316 1165//1316 1166//1316 
f 1120//1316 1118//1316 822//1316 
f 1119//1316 823//1316 824//1316 
f 827//1316 1138//1316 1139//1316 
f 830//1316 1080//1316 1167//1316 
f 846//1316 847//1316 1131//1316 
f 1132//1316 1140//1316 848//1316 
f 1142//1316 850//1316 851//1316 
f 852//1316 1168//1316 1169//1316 
f 856//1316 1170//1316 1171//1316 
f 1144//1316 857//1316 858//1316 
f 1143//1316 858//1316 860//1316 
f 1172//1316 860//1316 859//1316 
f 875//1316 876//1316 1173//1316 
f 1146//1316 876//1316 877//1316 
f 982//1316 1174//1316 1147//1316 
f 1174//1316 982//1316 983//1316 
f 984//1316 1175//1316 1176//1316 
f 1001//1316 1004//1316 1135//1316 
f 1006//1316 1177//1316 1149//1316 
f 1008//1316 1011//1316 1077//1316 
f 1026//1316 1027//1316 1151//1316 
f 1154//1316 1030//1316 1029//1316 
f 1032//1316 1031//1316 1156//1316 
f 1158//1316 1157//1316 1033//1316 
f 1178//1316 1179//1316 1035//1316 
f 1180//1316 1181//1316 1044//1316 
f 1046//1316 1160//1316 1182//1316 
f 1160//1316 1046//1316 1047//1316 
f 1162//1316 1048//1316 1049//1316 
f 1051//1316 1183//1316 1184//1316 
f 1164//1316 798//1316 801//1316 
f 1185//1316 1163//1316 800//1316 
f 1166//1316 1185//1316 802//1316 
f 803//1316 1186//1316 1165//1316 
f 1187//1316 1186//1316 805//1316 
f 825//1316 826//1316 1136//1316 
f 1138//1316 827//1316 828//1316 
f 1167//1316 829//1316 830//1316 
f 1140//1316 1131//1316 847//1316 
f 1122//1316 849//1316 850//1316 
f 1141//1316 851//1316 853//1316 
f 1169//1316 853//1316 852//1316 
f 1171//1316 855//1316 856//1316 
f 854//1316 855//1316 1188//1316 
f 1170//1316 856//1316 857//1316 
f 1145//1316 1172//1316 859//1316 
f 1189//1316 861//1316 862//1316 
f 873//1316 1190//1316 1191//1316 
f 1190//1316 873//1316 875//1316 
f 878//1316 1192//1316 1193//1316 
f 1192//1316 879//1316 881//1316 
f 881//1316 880//1316 1194//1316 
f 981//1316 982//1316 1147//1316 
f 1176//1316 983//1316 984//1316 
f 1175//1316 984//1316 985//1316 
f 986//1316 1195//1316 1196//1316 
f 987//1316 1197//1316 1195//1316 
f 1197//1316 987//1316 988//1316 
f 1149//1316 1148//1316 1003//1316 
f 1150//1316 1128//1316 1024//1316 
f 1027//1316 1028//1316 1198//1316 
f 1199//1316 1198//1316 1028//1316 
f 1153//1316 1029//1316 1032//1316 
f 1034//1316 1033//1316 1157//1316 
f 1035//1316 1037//1316 1178//1316 
f 1043//1316 1044//1316 1181//1316 
f 1045//1316 1182//1316 1180//1316 
f 1047//1316 1048//1316 1159//1316 
f 1049//1316 1050//1316 1161//1316 
f 1051//1316 1200//1316 1183//1316 
f 800//1316 802//1316 1185//1316 
f 1166//1316 804//1316 803//1316 
f 806//1316 807//1316 1201//1316 
f 1186//1316 803//1316 805//1316 
f 1139//1316 1136//1316 826//1316 
f 1137//1316 828//1316 829//1316 
f 1142//1316 1122//1316 850//1316 
f 852//1316 854//1316 1168//1316 
f 1188//1316 1168//1316 854//1316 
f 860//1316 1172//1316 1143//1316 
f 862//1316 1202//1316 1189//1316 
f 863//1316 1203//1316 1202//1316 
f 1173//1316 1190//1316 875//1316 
f 878//1316 1193//1316 1146//1316 
f 1194//1316 1204//1316 881//1316 
f 983//1316 1176//1316 1174//1316 
f 1196//1316 985//1316 986//1316 
f 988//1316 1205//1316 1197//1316 
f 988//1316 989//1316 1206//1316 
f 1126//1316 1177//1316 1006//1316 
f 1028//1316 1030//1316 1199//1316 
f 1155//1316 1156//1316 1031//1316 
f 1037//1316 1036//1316 1178//1316 
f 1207//1316 1208//1316 1036//1316 
f 1038//1316 1209//1316 1207//1316 
f 1044//1316 1045//1316 1180//1316 
f 1162//1316 1159//1316 1048//1316 
f 1184//1316 1050//1316 1051//1316 
f 1053//1316 1210//1316 1200//1316 
f 725//1316 1211//1316 1212//1316 
f 1213//1316 1214//1316 797//1316 
f 802//1316 804//1316 1166//1316 
f 805//1316 806//1316 1187//1316 
f 1215//1316 1201//1316 807//1316 
f 809//1316 1216//1316 1215//1316 
f 1167//1316 1137//1316 829//1316 
f 853//1316 1169//1316 1141//1316 
f 1144//1316 1170//1316 857//1316 
f 1202//1316 862//1316 863//1316 
f 864//1316 865//1316 1217//1316 
f 871//1316 872//1316 1218//1316 
f 1146//1316 1173//1316 876//1316 
f 1192//1316 878//1316 879//1316 
f 1194//1316 880//1316 883//1316 
f 1219//1316 883//1316 882//1316 
f 892//1316 893//1316 1220//1316 
f 985//1316 1196//1316 1175//1316 
f 1206//1316 1205//1316 988//1316 
f 990//1316 991//1316 1124//1316 
f 1206//1316 989//1316 990//1316 
f 1198//1316 1151//1316 1027//1316 
f 1179//1316 1158//1316 1035//1316 
f 1207//1316 1039//1316 1038//1316 
f 1182//1316 1045//1316 1046//1316 
f 1051//1316 1052//1316 1200//1316 
f 1053//1316 1221//1316 1210//1316 
f 1222//1316 1223//1316 722//1316 
f 1212//1316 724//1316 725//1316 
f 726//1316 727//1316 1224//1316 
f 1225//1316 1224//1316 727//1316 
f 1226//1316 1225//1316 728//1316 
f 1227//1316 1228//1316 730//1316 
f 731//1316 732//1316 1229//1316 
f 797//1316 799//1316 1213//1316 
f 1201//1316 1187//1316 806//1316 
f 1215//1316 808//1316 809//1316 
f 1230//1316 811//1316 810//1316 
f 831//1316 833//1316 1090//1316 
f 1189//1316 1145//1316 861//1316 
f 865//1316 1231//1316 1217//1316 
f 867//1316 866//1316 1232//1316 
f 1233//1316 870//1316 871//1316 
f 1218//1316 872//1316 874//1316 
f 881//1316 1204//1316 1192//1316 
f 882//1316 1234//1316 1219//1316 
f 1235//1316 884//1316 885//1316 
f 1220//1316 1236//1316 892//1316 
f 1237//1316 889//1316 891//1316 
f 1238//1316 912//1316 913//1316 
f 1195//1316 986//1316 987//1316 
f 990//1316 1239//1316 1206//1316 
f 1154//1316 1199//1316 1030//1316 
f 1036//1316 1039//1316 1207//1316 
f 1184//1316 1161//1316 1050//1316 
f 1200//1316 1052//1316 1053//1316 
f 1240//1316 1221//1316 1054//1316 
f 1241//1316 1240//1316 1055//1316 
f 1242//1316 1241//1316 1056//1316 
f 1243//1316 1242//1316 1058//1316 
f 1244//1316 1245//1316 1057//1316 
f 722//1316 723//1316 1222//1316 
f 1224//1316 1211//1316 726//1316 
f 728//1316 729//1316 1226//1316 
f 730//1316 1228//1316 1226//1316 
f 1229//1316 1227//1316 731//1316 
f 736//1316 1246//1316 1247//1316 
f 1248//1316 1249//1316 737//1316 
f 798//1316 1164//1316 1213//1316 
f 807//1316 808//1316 1215//1316 
f 1230//1316 1216//1316 809//1316 
f 810//1316 1250//1316 1230//1316 
f 1171//1316 1188//1316 855//1316 
f 1203//1316 863//1316 864//1316 
f 1231//1316 865//1316 867//1316 
f 866//1316 868//1316 1251//1316 
f 874//1316 1191//1316 1218//1316 
f 883//1316 1219//1316 1194//1316 
f 884//1316 1235//1316 1234//1316 
f 885//1316 1252//1316 1253//1316 
f 1252//1316 886//1316 888//1316 
f 1254//1316 888//1316 887//1316 
f 891//1316 892//1316 1237//1316 
f 1220//1316 893//1316 895//1316 
f 895//1316 894//1316 1255//1316 
f 1255//1316 894//1316 896//1316 
f 1256//1316 910//1316 911//1316 
f 1238//1316 911//1316 912//1316 
f 1257//1316 914//1316 916//1316 
f 916//1316 915//1316 1258//1316 
f 1124//1316 1239//1316 990//1316 
f 1208//1316 1178//1316 1036//1316 
f 1259//1316 1209//1316 1038//1316 
f 1260//1316 1259//1316 1040//1316 
f 1053//1316 1054//1316 1221//1316 
f 1055//1316 1056//1316 1241//1316 
f 1058//1316 1057//1316 1243//1316 
f 1057//1316 1059//1316 1244//1316 
f 724//1316 1212//1316 1222//1316 
f 727//1316 728//1316 1225//1316 
f 730//1316 731//1316 1227//1316 
f 1247//1316 1261//1316 734//1316 
f 1247//1316 735//1316 736//1316 
f 737//1316 738//1316 1248//1316 
f 738//1316 739//1316 1262//1316 
f 801//1316 800//1316 1163//1316 
f 810//1316 812//1316 1250//1316 
f 1217//1316 1203//1316 864//1316 
f 1251//1316 1232//1316 866//1316 
f 869//1316 870//1316 1263//1316 
f 868//1316 869//1316 1264//1316 
f 1191//1316 874//1316 873//1316 
f 885//1316 1253//1316 1235//1316 
f 887//1316 1265//1316 1254//1316 
f 1265//1316 887//1316 890//1316 
f 1266//1316 890//1316 889//1316 
f 895//1316 1267//1316 1220//1316 
f 896//1316 1268//1316 1255//1316 
f 1256//1316 908//1316 910//1316 
f 913//1316 1269//1316 1238//1316 
f 1258//1316 1270//1316 916//1316 
f 924//1316 925//1316 1271//1316 
f 1272//1316 925//1316 926//1316 
f 1123//1316 1134//1316 992//1316 
f 1040//1316 1041//1316 1260//1316 
f 1041//1316 1042//1316 1273//1316 
f 1274//1316 1273//1316 1042//1316 
f 1054//1316 1055//1316 1240//1316 
f 1057//1316 1245//1316 1243//1316 
f 1060//1316 1275//1316 1244//1316 
f 1276//1316 1061//1316 1062//1316 
f 1065//1316 1277//1316 1278//1316 
f 1278//1316 1279//1316 1063//1316 
f 723//1316 724//1316 1222//1316 
f 1226//1316 729//1316 730//1316 
f 734//1316 1261//1316 1280//1316 
f 1280//1316 1229//1316 732//1316 
f 736//1316 737//1316 1246//1316 
f 1262//1316 1248//1316 738//1316 
f 741//1316 1281//1316 1282//1316 
f 1282//1316 1262//1316 739//1316 
f 809//1316 811//1316 1230//1316 
f 1232//1316 1231//1316 867//1316 
f 1264//1316 1251//1316 868//1316 
f 1234//1316 882//1316 884//1316 
f 1252//1316 885//1316 886//1316 
f 889//1316 1237//1316 1266//1316 
f 1255//1316 1267//1316 895//1316 
f 911//1316 1283//1316 1256//1316 
f 913//1316 1257//1316 1269//1316 
f 1257//1316 913//1316 914//1316 
f 1284//1316 917//1316 918//1316 
f 1285//1316 919//1316 920//1316 
f 1286//1316 921//1316 923//1316 
f 1287//1316 922//1316 924//1316 
f 926//1316 1288//1316 1272//1316 
f 1288//1316 926//1316 927//1316 
f 1038//1316 1040//1316 1259//1316 
f 1042//1316 1043//1316 1274//1316 
f 1056//1316 1058//1316 1242//1316 
f 1059//1316 1060//1316 1244//1316 
f 1062//1316 1289//1316 1276//1316 
f 1063//1316 1064//1316 1278//1316 
f 725//1316 726//1316 1211//1316 
f 732//1316 733//1316 1280//1316 
f 1249//1316 1246//1316 737//1316 
f 739//1316 740//1316 1282//1316 
f 743//1316 1290//1316 1291//1316 
f 1102//1316 1250//1316 812//1316 
f 870//1316 1233//1316 1263//1316 
f 888//1316 1254//1316 1252//1316 
f 1236//1316 1237//1316 892//1316 
f 1268//1316 896//1316 897//1316 
f 1292//1316 897//1316 898//1316 
f 1293//1316 909//1316 908//1316 
f 916//1316 1270//1316 1257//1316 
f 1284//1316 915//1316 917//1316 
f 1285//1316 918//1316 919//1316 
f 1286//1316 920//1316 921//1316 
f 923//1316 922//1316 1294//1316 
f 1271//1316 1287//1316 924//1316 
f 927//1316 1295//1316 1288//1316 
f 1273//1316 1260//1316 1041//1316 
f 1060//1316 1061//1316 1275//1316 
f 1276//1316 1275//1316 1061//1316 
f 1278//1316 1064//1316 1065//1316 
f 1296//1316 1277//1316 1065//1316 
f 1280//1316 733//1316 734//1316 
f 1282//1316 740//1316 741//1316 
f 1291//1316 1281//1316 741//1316 
f 1291//1316 742//1316 743//1316 
f 746//1316 1297//1316 1298//1316 
f 1299//1316 744//1316 745//1316 
f 1300//1316 1297//1316 747//1316 
f 788//1316 1301//1316 1302//1316 
f 1263//1316 1264//1316 869//1316 
f 890//1316 1266//1316 1265//1316 
f 898//1316 1303//1316 1292//1316 
f 899//1316 900//1316 1304//1316 
f 1238//1316 1283//1316 911//1316 
f 918//1316 1305//1316 1284//1316 
f 920//1316 1286//1316 1306//1316 
f 1294//1316 1307//1316 923//1316 
f 1272//1316 1271//1316 925//1316 
f 1295//1316 927//1316 928//1316 
f 1308//1316 928//1316 930//1316 
f 1181//1316 1274//1316 1043//1316 
f 1279//1316 1289//1316 1063//1316 
f 1065//1316 1066//1316 1296//1316 
f 713//1316 712//1316 1309//1316 
f 1310//1316 1311//1316 712//1316 
f 1312//1316 1313//1316 715//1316 
f 734//1316 735//1316 1247//1316 
f 743//1316 744//1316 1290//1316 
f 745//1316 1298//1316 1299//1316 
f 1297//1316 746//1316 747//1316 
f 786//1316 1314//1316 1315//1316 
f 1302//1316 787//1316 788//1316 
f 1218//1316 1233//1316 871//1316 
f 898//1316 1316//1316 1303//1316 
f 1316//1316 898//1316 899//1316 
f 1304//1316 900//1316 902//1316 
f 1317//1316 901//1316 903//1316 
f 1284//1316 1258//1316 915//1316 
f 920//1316 1306//1316 1285//1316 
f 1287//1316 1294//1316 922//1316 
f 930//1316 1318//1316 1308//1316 
f 931//1316 932//1316 1319//1316 
f 948//1316 950//1316 1320//1316 
f 1062//1316 1063//1316 1289//1316 
f 1309//1316 1296//1316 713//1316 
f 712//1316 714//1316 1310//1316 
f 715//1316 716//1316 1312//1316 
f 741//1316 742//1316 1291//1316 
f 1298//1316 745//1316 746//1316 
f 748//1316 1321//1316 1300//1316 
f 750//1316 1322//1316 1321//1316 
f 760//1316 1323//1316 1324//1316 
f 766//1316 1325//1316 1326//1316 
f 784//1316 1315//1316 1327//1316 
f 1315//1316 784//1316 786//1316 
f 789//1316 1328//1316 1301//1316 
f 790//1316 1329//1316 1328//1316 
f 795//1316 1330//1316 1331//1316 
f 1330//1316 795//1316 796//1316 
f 897//1316 1292//1316 1268//1316 
f 902//1316 1332//1316 1304//1316 
f 903//1316 1333//1316 1317//1316 
f 1334//1316 904//1316 905//1316 
f 1285//1316 1305//1316 918//1316 
f 928//1316 1308//1316 1295//1316 
f 929//1316 1335//1316 1318//1316 
f 1335//1316 929//1316 931//1316 
f 1336//1316 932//1316 933//1316 
f 1337//1316 947//1316 948//1316 
f 1320//1316 950//1316 949//1316 
f 1066//1316 713//1316 1296//1316 
f 714//1316 715//1316 1310//1316 
f 716//1316 717//1316 1312//1316 
f 718//1316 1338//1316 1339//1316 
f 1340//1316 1341//1316 719//1316 
f 1299//1316 1290//1316 744//1316 
f 747//1316 748//1316 1300//1316 
f 750//1316 1342//1316 1322//1316 
f 1324//1316 759//1316 760//1316 
f 1343//1316 1344//1316 762//1316 
f 763//1316 1345//1316 1343//1316 
f 763//1316 1326//1316 1346//1316 
f 1326//1316 763//1316 765//1316 
f 767//1316 1347//1316 1325//1316 
f 786//1316 787//1316 1314//1316 
f 788//1316 789//1316 1301//1316 
f 1328//1316 789//1316 790//1316 
f 792//1316 791//1316 1348//1316 
f 797//1316 1214//1316 1349//1316 
f 796//1316 1349//1316 1330//1316 
f 1304//1316 1316//1316 899//1316 
f 1332//1316 902//1316 901//1316 
f 905//1316 1350//1316 1334//1316 
f 923//1316 1307//1316 1286//1316 
f 1319//1316 1335//1316 931//1316 
f 933//1316 1351//1316 1336//1316 
f 1351//1316 933//1316 934//1316 
f 945//1316 1352//1316 1353//1316 
f 1352//1316 945//1316 947//1316 
f 949//1316 1354//1316 1320//1316 
f 1311//1316 1309//1316 712//1316 
f 717//1316 1339//1316 1312//1316 
f 1339//1316 717//1316 718//1316 
f 720//1316 719//1316 1355//1316 
f 719//1316 721//1316 1340//1316 
f 748//1316 749//1316 1321//1316 
f 1321//1316 749//1316 750//1316 
f 1356//1316 1357//1316 752//1316 
f 761//1316 762//1316 1344//1316 
f 760//1316 761//1316 1323//1316 
f 1343//1316 764//1316 763//1316 
f 1326//1316 765//1316 766//1316 
f 768//1316 769//1316 1358//1316 
f 1325//1316 766//1316 767//1316 
f 1359//1316 1358//1316 769//1316 
f 770//1316 1360//1316 1359//1316 
f 1302//1316 1314//1316 787//1316 
f 1348//1316 1329//1316 792//1316 
f 1361//1316 1348//1316 791//1316 
f 1331//1316 1361//1316 793//1316 
f 1331//1316 794//1316 795//1316 
f 1317//1316 1332//1316 901//1316 
f 1333//1316 903//1316 904//1316 
f 1350//1316 905//1316 906//1316 
f 1362//1316 907//1316 909//1316 
f 1318//1316 930//1316 929//1316 
f 934//1316 1363//1316 1351//1316 
f 934//1316 935//1316 1364//1316 
f 1364//1316 935//1316 936//1316 
f 943//1316 1365//1316 1366//1316 
f 1365//1316 943//1316 946//1316 
f 947//1316 1367//1316 1352//1316 
f 1320//1316 1337//1316 948//1316 
f 1368//1316 1369//1316 952//1316 
f 1313//1316 1310//1316 715//1316 
f 1355//1316 1338//1316 720//1316 
f 721//1316 722//1316 1340//1316 
f 750//1316 751//1316 1342//1316 
f 752//1316 753//1316 1356//1316 
f 1324//1316 1370//1316 759//1316 
f 1346//1316 1345//1316 763//1316 
f 767//1316 768//1316 1347//1316 
f 1359//1316 771//1316 770//1316 
f 772//1316 1371//1316 1360//1316 
f 1371//1316 772//1316 773//1316 
f 1372//1316 1373//1316 782//1316 
f 790//1316 792//1316 1329//1316 
f 793//1316 794//1316 1331//1316 
f 799//1316 798//1316 1213//1316 
f 906//1316 1374//1316 1350//1316 
f 909//1316 1293//1316 1362//1316 
f 1336//1316 1319//1316 932//1316 
f 936//1316 1375//1316 1364//1316 
f 946//1316 1353//1316 1365//1316 
f 1337//1316 1367//1316 947//1316 
f 1376//1316 1377//1316 951//1316 
f 949//1316 951//1316 1377//1316 
f 1369//1316 953//1316 952//1316 
f 718//1316 720//1316 1338//1316 
f 1223//1316 1340//1316 722//1316 
f 752//1316 1357//1316 1342//1316 
f 754//1316 1378//1316 1356//1316 
f 755//1316 1379//1316 1378//1316 
f 762//1316 764//1316 1343//1316 
f 769//1316 771//1316 1359//1316 
f 773//1316 1380//1316 1371//1316 
f 1381//1316 1382//1316 775//1316 
f 1382//1316 1380//1316 774//1316 
f 782//1316 783//1316 1372//1316 
f 1327//1316 1372//1316 783//1316 
f 791//1316 793//1316 1361//1316 
f 1334//1316 1333//1316 904//1316 
f 1374//1316 906//1316 907//1316 
f 1364//1316 1363//1316 934//1316 
f 937//1316 1383//1316 1375//1316 
f 1383//1316 937//1316 939//1316 
f 1384//1316 1385//1316 940//1316 
f 1353//1316 946//1316 945//1316 
f 1377//1316 1354//1316 949//1316 
f 952//1316 954//1316 1368//1316 
f 955//1316 956//1316 1386//1316 
f 1341//1316 1355//1316 719//1316 
f 753//1316 754//1316 1356//1316 
f 1378//1316 754//1316 755//1316 
f 758//1316 1370//1316 1387//1316 
f 1358//1316 1347//1316 768//1316 
f 1360//1316 770//1316 772//1316 
f 774//1316 775//1316 1382//1316 
f 1388//1316 1389//1316 778//1316 
f 783//1316 785//1316 1327//1316 
f 1349//1316 796//1316 797//1316 
f 1256//1316 1293//1316 908//1316 
f 939//1316 1390//1316 1383//1316 
f 1385//1316 938//1316 940//1316 
f 951//1316 953//1316 1376//1316 
f 954//1316 1391//1316 1368//1316 
f 1391//1316 954//1316 955//1316 
f 957//1316 958//1316 1392//1316 
f 1393//1316 1392//1316 958//1316 
f 1394//1316 1395//1316 966//1316 
f 972//1316 1396//1316 1397//1316 
f 1342//1316 751//1316 752//1316 
f 756//1316 1398//1316 1379//1316 
f 1387//1316 757//1316 758//1316 
f 757//1316 1387//1316 1398//1316 
f 773//1316 774//1316 1380//1316 
f 776//1316 1389//1316 1381//1316 
f 1389//1316 776//1316 778//1316 
f 1399//1316 1388//1316 777//1316 
f 1327//1316 785//1316 784//1316 
f 1375//1316 936//1316 937//1316 
f 940//1316 941//1316 1384//1316 
f 941//1316 942//1316 1400//1316 
f 1369//1316 1376//1316 953//1316 
f 956//1316 1401//1316 1386//1316 
f 958//1316 959//1316 1393//1316 
f 968//1316 1402//1316 1394//1316 
f 967//1316 966//1316 1395//1316 
f 1402//1316 968//1316 969//1316 
f 970//1316 1403//1316 1404//1316 
f 1397//1316 971//1316 972//1316 
f 755//1316 756//1316 1379//1316 
f 1398//1316 756//1316 757//1316 
f 775//1316 776//1316 1381//1316 
f 777//1316 779//1316 1399//1316 
f 1405//1316 1406//1316 780//1316 
f 1362//1316 1374//1316 907//1316 
f 1390//1316 939//1316 938//1316 
f 1400//1316 942//1316 944//1316 
f 1400//1316 1407//1316 941//1316 
f 1386//1316 1391//1316 955//1316 
f 1401//1316 956//1316 957//1316 
f 1408//1316 1409//1316 960//1316 
f 959//1316 960//1316 1409//1316 
f 1395//1316 1410//1316 967//1316 
f 1404//1316 969//1316 970//1316 
f 972//1316 974//1316 1396//1316 
f 1411//1316 1412//1316 973//1316 
f 974//1316 973//1316 1412//1316 
f 758//1316 759//1316 1370//1316 
f 778//1316 777//1316 1388//1316 
f 780//1316 781//1316 1405//1316 
f 780//1316 1406//1316 1399//1316 
f 1385//1316 1390//1316 938//1316 
f 1407//1316 1384//1316 941//1316 
f 1392//1316 1401//1316 957//1316 
f 1409//1316 1393//1316 959//1316 
f 962//1316 963//1316 1413//1316 
f 965//1316 1410//1316 1414//1316 
f 969//1316 1404//1316 1402//1316 
f 1403//1316 970//1316 971//1316 
f 1412//1316 1396//1316 974//1316 
f 1415//1316 977//1316 978//1316 
f 979//1316 1416//1316 1417//1316 
f 1344//1316 1323//1316 761//1316 
f 1399//1316 779//1316 780//1316 
f 944//1316 1366//1316 1400//1316 
f 960//1316 961//1316 1408//1316 
f 1418//1316 961//1316 962//1316 
f 1419//1316 963//1316 964//1316 
f 1414//1316 964//1316 965//1316 
f 1397//1316 1403//1316 971//1316 
f 975//1316 1420//1316 1411//1316 
f 1420//1316 975//1316 976//1316 
f 977//1316 1415//1316 1421//1316 
f 1417//1316 978//1316 979//1316 
f 781//1316 782//1316 1405//1316 
f 1366//1316 944//1316 943//1316 
f 963//1316 1419//1316 1413//1316 
f 965//1316 967//1316 1410//1316 
f 973//1316 975//1316 1411//1316 
f 1421//1316 976//1316 977//1316 
f 978//1316 1417//1316 1415//1316 
f 1373//1316 1405//1316 782//1316 
f 1413//1316 1418//1316 962//1316 
f 966//1316 968//1316 1394//1316 
f 979//1316 980//1316 1416//1316 
f 1418//1316 1408//1316 961//1316 
f 976//1316 1421//1316 1420//1316 
f 964//1316 1414//1316 1419//1316 
f 1133//1316 1416//1316 980//1316 
o mesh3
f 708//1317 3//1318 1422//1319 
f 3//1318 1423//1320 1422//1319 
f 705//1321 704//1322 1424//1323 
f 1425//1324 1424//1323 704//1322 
f 704//1322 708//1317 1425//1324 
f 1426//1325 1427//1326 698//1327 
f 1427//1326 699//1328 698//1327 
f 698//1327 705//1321 1426//1325 
f 701//1329 699//1328 1428//1330 
f 695//1331 694//1332 1429//1333 
f 1430//1334 1429//1333 694//1332 
f 694//1332 701//1329 1430//1334 
f 691//1335 690//1336 1431//1337 
f 1432//1338 1431//1337 690//1336 
f 690//1336 695//1331 1432//1338 
f 1433//1339 1434//1340 686//1341 
f 1434//1340 689//1342 686//1341 
f 686//1341 691//1335 1433//1339 
f 684//1343 689//1342 1435//1344 
f 1436//1345 680//1346 684//1343 
f 681//1347 680//1346 1437//1348 
f 680//1346 1436//1345 1437//1348 
f 677//1349 676//1350 1438//1351 
f 1439//1352 1438//1351 676//1350 
f 676//1350 681//1347 1439//1352 
f 1440//1353 1441//1354 672//1355 
f 1441//1354 675//1356 672//1355 
f 672//1355 677//1349 1440//1353 
f 670//1357 675//1356 1442//1358 
f 1443//1359 666//1360 670//1357 
f 667//1361 666//1360 1444//1362 
f 666//1360 1443//1359 1444//1362 
f 662//1363 1445//1364 1446//1365 
f 1446//1365 663//1366 662//1363 
f 662//1363 667//1361 1445//1364 
f 1447//1367 1448//1368 658//1369 
f 1448//1368 661//1370 658//1369 
f 653//1371 661//1370 1449//1372 
f 1450//1373 654//1374 653//1371 
f 661//1370 1448//1368 1449//1372 
f 657//1375 654//1374 1451//1376 
f 654//1374 1450//1373 1451//1376 
f 649//1377 648//1378 1452//1379 
f 1453//1380 1452//1379 648//1378 
f 648//1378 657//1375 1453//1380 
f 1454//1381 1455//1382 644//1383 
f 1455//1382 647//1384 644//1383 
f 639//1385 647//1384 1456//1386 
f 1457//1387 640//1388 639//1385 
f 647//1384 1455//1382 1456//1386 
f 643//1389 640//1388 1458//1390 
f 640//1388 1457//1387 1458//1390 
f 634//1391 1459//1392 1460//1393 
f 1460//1393 635//1394 634//1391 
f 634//1391 643//1389 1459//1392 
f 1461//1395 1462//1396 630//1397 
f 1462//1396 633//1398 630//1397 
f 628//1399 633//1398 1463//1400 
f 1464//1401 624//1402 628//1399 
f 633//1398 1462//1396 1463//1400 
f 625//1403 624//1402 1465//1404 
f 624//1402 1464//1401 1465//1404 
f 1466//1405 621//1406 620//1407 
f 620//1407 1467//1408 1466//1405 
f 620//1407 625//1403 1467//1408 
f 1468//1409 1469//1410 616//1411 
f 1469//1410 617//1412 616//1411 
f 614//1413 617//1412 1470//1414 
f 1471//1415 610//1416 614//1413 
f 617//1412 1469//1410 1470//1414 
f 610//1416 1471//1415 1472//1417 
f 1472//1417 611//1418 610//1416 
f 1473//1419 607//1420 606//1421 
f 606//1421 1474//1422 1473//1419 
f 606//1421 611//1418 1474//1422 
f 1475//1423 1476//1424 602//1425 
f 1476//1424 603//1426 602//1425 
f 597//1427 603//1426 1477//1428 
f 1478//1429 598//1430 597//1427 
f 603//1426 1476//1424 1477//1428 
f 598//1430 1478//1429 1479//1431 
f 1479//1431 601//1432 598//1430 
f 1480//1433 593//1434 592//1435 
f 592//1435 1481//1436 1480//1433 
f 1482//1437 1483//1438 586//1439 
f 1483//1438 587//1440 586//1439 
f 593//1434 1480//1433 1482//1437 
f 589//1441 587//1440 1484//1442 
f 587//1440 1483//1438 1484//1442 
f 582//1443 1485//1444 1486//1445 
f 1486//1445 583//1446 582//1443 
f 582//1443 589//1441 1485//1444 
f 1487//1447 579//1448 578//1449 
f 578//1449 1488//1450 1487//1447 
f 1489//1451 1490//1452 572//1453 
f 1490//1452 573//1454 572//1453 
f 579//1448 1487//1447 1489//1451 
f 573//1454 1490//1452 1491//1455 
f 1491//1455 575//1456 573//1454 
f 568//1457 1492//1458 1493//1459 
f 1493//1459 569//1460 568//1457 
f 568//1457 575//1456 1492//1458 
f 1494//1461 565//1462 564//1463 
f 564//1463 1495//1464 1494//1461 
f 1496//1465 559//1466 558//1467 
f 565//1462 1494//1461 1497//1468 
f 1497//1468 558//1467 565//1462 
f 559//1466 1496//1465 1498//1469 
f 1498//1469 562//1470 559//1466 
f 1499//1471 555//1472 554//1473 
f 554//1473 1500//1474 1499//1471 
f 1501//1475 551//1476 550//1477 
f 550//1477 1502//1478 1501//1475 
f 555//1472 1499//1471 1502//1478 
f 1503//1479 545//1480 544//1481 
f 551//1476 1501//1475 1504//1482 
f 1504//1482 544//1481 551//1476 
f 545//1480 1503//1479 1505//1483 
f 1505//1483 547//1484 545//1480 
f 1506//1485 541//1486 540//1487 
f 540//1487 1507//1488 1506//1485 
f 1508//1489 537//1490 536//1491 
f 536//1491 1509//1492 1508//1489 
f 541//1486 1506//1485 1509//1492 
f 1510//1493 532//1494 531//1495 
f 537//1490 1508//1489 1511//1496 
f 1511//1496 531//1495 537//1490 
f 532//1494 1510//1493 1512//1497 
f 1513//1498 529//1499 528//1500 
f 535//1501 1512//1497 1514//1502 
f 1514//1502 528//1500 535//1501 
f 1515//1503 523//1504 522//1505 
f 529//1499 1513//1498 1516//1506 
f 1516//1506 522//1505 529//1499 
f 523//1504 1515//1503 1517//1507 
f 1518//1508 519//1509 518//1510 
f 518//1510 1519//1511 1518//1508 
f 524//1512 1517//1507 1519//1511 
f 1520//1513 515//1514 514//1515 
f 519//1509 1518//1508 1521//1516 
f 1521//1516 514//1515 519//1509 
f 1522//1517 509//1518 508//1519 
f 515//1514 1520//1513 1523//1520 
f 1523//1520 508//1519 515//1514 
f 509//1518 1522//1517 1524//1521 
f 1524//1521 510//1522 509//1518 
f 1525//1523 505//1524 504//1525 
f 504//1525 1526//1526 1525//1523 
f 1527//1527 501//1528 500//1529 
f 500//1529 1528//1530 1527//1527 
f 505//1524 1525//1523 1528//1530 
f 1529//1531 495//1532 494//1533 
f 501//1528 1527//1527 1530//1534 
f 1530//1534 494//1533 501//1528 
f 495//1532 1529//1531 1531//1535 
f 1531//1535 497//1536 495//1532 
f 1532//1537 491//1538 490//1539 
f 490//1539 1533//1540 1532//1537 
f 1534//1541 487//1542 486//1543 
f 486//1543 1535//1544 1534//1541 
f 491//1538 1532//1537 1535//1544 
f 1536//1545 481//1546 480//1547 
f 487//1542 1534//1541 1537//1548 
f 1537//1548 480//1547 487//1542 
f 481//1546 1536//1545 1538//1549 
f 1538//1549 482//1550 481//1546 
f 1539//1551 477//1552 476//1553 
f 476//1553 1540//1554 1539//1551 
f 476//1553 482//1550 1540//1554 
f 1541//1555 1542//1556 472//1557 
f 1542//1556 473//1558 472//1557 
f 466//1559 473//1558 1543//1560 
f 1544//1561 467//1562 466//1559 
f 473//1558 1542//1556 1543//1560 
f 467//1562 1544//1561 1545//1563 
f 1545//1563 469//1564 467//1562 
f 462//1565 1546//1566 1547//1567 
f 1547//1567 463//1568 462//1565 
f 462//1565 469//1564 1546//1566 
f 1548//1569 1549//1570 458//1571 
f 1549//1570 459//1572 458//1571 
f 452//1573 459//1572 1550//1574 
f 1551//1575 453//1576 452//1573 
f 459//1572 1549//1570 1550//1574 
f 454//1577 453//1576 1552//1578 
f 453//1576 1551//1575 1552//1578 
f 448//1579 1553//1580 1554//1581 
f 1554//1581 449//1582 448//1579 
f 448//1579 454//1577 1553//1580 
f 1555//1583 1556//1584 444//1585 
f 1556//1584 445//1586 444//1585 
f 444//1585 449//1582 1555//1583 
f 1557//1587 1558//1588 438//1589 
f 1558//1588 439//1590 438//1589 
f 440//1591 439//1590 1559//1592 
f 439//1590 1558//1588 1559//1592 
f 435//1593 434//1594 1560//1595 
f 1561//1596 1560//1595 434//1594 
f 434//1594 440//1591 1561//1596 
f 1562//1597 1563//1598 430//1599 
f 1563//1598 431//1600 430//1599 
f 430//1599 435//1593 1562//1597 
f 1564//1601 1565//1602 424//1603 
f 1565//1602 425//1604 424//1603 
f 427//1605 425//1604 1566//1606 
f 425//1604 1565//1602 1566//1606 
f 421//1607 420//1608 1567//1609 
f 1568//1610 1567//1609 420//1608 
f 420//1608 427//1605 1568//1610 
f 417//1611 416//1612 1569//1613 
f 1570//1614 1569//1613 416//1612 
f 416//1612 421//1607 1570//1614 
f 1571//1615 1572//1616 410//1617 
f 1572//1616 411//1618 410//1617 
f 410//1617 417//1611 1571//1615 
f 413//1619 411//1618 1573//1620 
f 407//1621 406//1622 1574//1623 
f 1574//1623 406//1622 413//1619 
f 413//1619 1575//1624 1574//1623 
f 1576//1625 1577//1626 402//1627 
f 407//1621 1578//1628 1576//1625 
f 1576//1625 401//1629 407//1621 
f 1579//1630 1580//1631 398//1632 
f 402//1627 1577//1626 1579//1630 
f 1579//1630 395//1633 402//1627 
f 399//1634 398//1632 1580//1631 
f 1581//1635 393//1636 392//1637 
f 399//1634 1582//1638 1583//1639 
f 1583//1639 392//1637 399//1634 
f 1584//1640 389//1641 388//1642 
f 393//1636 1581//1635 1585//1643 
f 1585//1643 388//1642 393//1636 
f 1586//1644 383//1645 382//1646 
f 389//1641 1584//1640 1587//1647 
f 1587//1647 382//1646 389//1641 
f 383//1645 1586//1644 1588//1648 
f 1589//1649 379//1650 378//1651 
f 378//1651 1590//1652 1589//1649 
f 385//1653 1588//1648 1590//1652 
f 1591//1654 375//1655 374//1656 
f 379//1650 1589//1649 1592//1657 
f 1592//1657 374//1656 379//1650 
f 1593//1658 369//1659 368//1660 
f 375//1655 1591//1654 1594//1661 
f 1594//1661 368//1660 375//1655 
f 369//1659 1593//1658 1595//1662 
f 1596//1663 365//1664 364//1665 
f 364//1665 1597//1666 1596//1663 
f 370//1667 1595//1662 1597//1666 
f 1598//1668 361//1669 360//1670 
f 365//1664 1596//1663 1599//1671 
f 1599//1671 360//1670 365//1664 
f 1600//1672 355//1673 354//1674 
f 361//1669 1598//1668 1601//1675 
f 1601//1675 354//1674 361//1669 
f 355//1673 1600//1672 1602//1676 
f 1603//1677 351//1678 350//1679 
f 350//1679 1604//1680 1603//1677 
f 356//1681 1602//1676 1604//1680 
f 1605//1682 347//1683 346//1684 
f 351//1678 1603//1677 1606//1685 
f 1606//1685 346//1684 351//1678 
f 1607//1686 341//1687 340//1688 
f 347//1683 1605//1682 1608//1689 
f 1608//1689 340//1688 347//1683 
f 341//1687 1607//1686 1609//1690 
f 1610//1691 337//1692 336//1693 
f 336//1693 1611//1694 1610//1691 
f 343//1695 1609//1690 1611//1694 
f 1612//1696 333//1697 332//1698 
f 337//1692 1610//1691 1613//1699 
f 1613//1699 332//1698 337//1692 
f 1614//1700 327//1701 326//1702 
f 333//1697 1612//1696 1615//1703 
f 1615//1703 326//1702 333//1697 
f 327//1701 1614//1700 1616//1704 
f 1617//1705 323//1706 322//1707 
f 322//1707 1618//1708 1617//1705 
f 328//1709 1616//1704 1618//1708 
f 1619//1710 319//1711 318//1712 
f 323//1706 1617//1705 1620//1713 
f 1620//1713 318//1712 323//1706 
f 1621//1714 313//1715 312//1716 
f 319//1711 1619//1710 1622//1717 
f 1622//1717 312//1716 319//1711 
f 315//1718 313//1715 1621//1714 
f 1623//1719 309//1720 308//1721 
f 315//1718 1624//1722 1625//1723 
f 1625//1723 308//1721 315//1718 
f 1626//1724 1627//1725 305//1726 
f 309//1720 1623//1719 1626//1724 
f 1626//1724 304//1727 309//1720 
f 1628//1728 1629//1729 299//1730 
f 305//1726 1627//1725 1628//1728 
f 1628//1728 298//1731 305//1726 
f 300//1732 299//1730 1629//1729 
f 295//1733 294//1734 1630//1735 
f 1631//1736 1630//1735 294//1734 
f 294//1734 300//1732 1631//1736 
f 291//1737 290//1738 1632//1739 
f 1633//1740 1632//1739 290//1738 
f 290//1738 295//1733 1633//1740 
f 1634//1741 1635//1742 284//1743 
f 1635//1742 285//1744 284//1743 
f 286//1745 285//1744 1636//1746 
f 285//1744 1635//1742 1636//1746 
f 281//1747 280//1748 1637//1749 
f 1638//1750 1637//1749 280//1748 
f 280//1748 286//1745 1638//1750 
f 1639//1751 1640//1752 276//1753 
f 1640//1752 277//1754 276//1753 
f 276//1753 281//1747 1639//1751 
f 1641//1755 1642//1756 270//1757 
f 1642//1756 271//1758 270//1757 
f 273//1759 271//1758 1643//1760 
f 271//1758 1642//1756 1643//1760 
f 267//1761 266//1762 1644//1763 
f 1645//1764 1644//1763 266//1762 
f 266//1762 273//1759 1645//1764 
f 1646//1765 1647//1766 261//1767 
f 1647//1766 262//1768 261//1767 
f 261//1767 267//1761 1646//1765 
f 1648//1769 1649//1770 255//1771 
f 1649//1770 258//1772 255//1771 
f 259//1773 258//1772 1650//1774 
f 258//1772 1649//1770 1650//1774 
f 252//1775 1651//1776 1652//1777 
f 1652//1777 253//1778 252//1775 
f 252//1775 259//1773 1651//1776 
f 1653//1779 1654//1780 248//1781 
f 1654//1780 249//1782 248//1781 
f 1655//1783 1656//1784 242//1785 
f 1656//1784 243//1786 242//1785 
f 249//1782 1654//1780 1655//1783 
f 244//1787 243//1786 1657//1788 
f 243//1786 1656//1784 1657//1788 
f 238//1789 1658//1790 1659//1791 
f 1659//1791 239//1792 238//1789 
f 238//1789 244//1787 1658//1790 
f 1660//1793 1661//1794 234//1795 
f 1661//1794 235//1796 234//1795 
f 228//1797 235//1796 1662//1798 
f 1663//1799 229//1800 228//1797 
f 235//1796 1661//1794 1662//1798 
f 229//1800 1663//1799 1664//1801 
f 1664//1801 231//1802 229//1800 
f 1665//1803 225//1804 224//1805 
f 224//1805 1666//1806 1665//1803 
f 224//1805 231//1802 1666//1806 
f 1667//1807 1668//1808 220//1809 
f 1668//1808 221//1810 220//1809 
f 214//1811 221//1810 1669//1812 
f 1670//1813 215//1814 214//1811 
f 221//1810 1668//1808 1669//1812 
f 215//1814 1670//1813 1671//1815 
f 1671//1815 216//1816 215//1814 
f 1672//1817 211//1818 210//1819 
f 210//1819 1673//1820 1672//1817 
f 1674//1821 1675//1822 206//1823 
f 1675//1822 207//1824 206//1823 
f 211//1818 1672//1817 1674//1821 
f 1676//1825 201//1826 200//1827 
f 207//1824 1675//1822 1677//1828 
f 1677//1828 200//1827 207//1824 
f 201//1826 1676//1825 1678//1829 
f 1678//1829 203//1830 201//1826 
f 1679//1831 197//1832 196//1833 
f 196//1833 1680//1834 1679//1831 
f 1681//1835 1682//1836 192//1837 
f 1682//1836 193//1838 192//1837 
f 197//1832 1679//1831 1681//1835 
f 1683//1839 187//1840 186//1841 
f 193//1838 1682//1836 1684//1842 
f 1684//1842 186//1841 193//1838 
f 187//1840 1683//1839 1685//1843 
f 1685//1843 189//1844 187//1840 
f 1686//1845 183//1846 182//1847 
f 182//1847 1687//1848 1686//1845 
f 180//1849 183//1846 1688//1850 
f 1689//1851 177//1852 180//1849 
f 183//1846 1686//1845 1688//1850 
f 175//1853 174//1854 1690//1855 
f 1689//1851 1690//1855 174//1854 
f 174//1854 177//1852 1689//1851 
f 1691//1856 1692//1857 168//1858 
f 1692//1857 169//1859 168//1858 
f 170//1860 169//1859 1693//1861 
f 169//1859 1692//1857 1693//1861 
f 165//1862 164//1863 1694//1864 
f 1695//1865 1694//1864 164//1863 
f 164//1863 170//1860 1695//1865 
f 161//1866 160//1867 1696//1868 
f 1697//1869 1696//1868 160//1867 
f 160//1867 165//1862 1697//1869 
f 1698//1870 1699//1871 154//1872 
f 1699//1871 155//1873 154//1872 
f 154//1872 161//1866 1698//1870 
f 156//1874 155//1873 1700//1875 
f 151//1876 150//1877 1701//1878 
f 1702//1879 1701//1878 150//1877 
f 150//1877 156//1874 1702//1879 
f 147//1880 146//1881 1703//1882 
f 1704//1883 1703//1882 146//1881 
f 146//1881 151//1876 1704//1883 
f 141//1884 140//1885 1705//1886 
f 140//1885 147//1880 1706//1887 
f 1706//1887 1705//1886 140//1885 
f 141//1884 1707//1888 1708//1889 
f 137//1890 136//1891 1709//1892 
f 1709//1892 136//1891 142//1893 
f 142//1893 1708//1889 1709//1892 
f 133//1894 132//1895 1710//1896 
f 137//1890 1711//1897 1710//1896 
f 1710//1896 132//1895 137//1890 
f 1712//1898 127//1899 126//1900 
f 133//1894 1713//1901 1714//1902 
f 1714//1902 126//1900 133//1894 
f 127//1899 1712//1898 1715//1903 
f 1716//1904 123//1905 122//1906 
f 122//1906 1717//1907 1716//1904 
f 128//1908 1715//1903 1717//1907 
f 1718//1909 119//1910 118//1911 
f 123//1905 1716//1904 1719//1912 
f 1719//1912 118//1911 123//1905 
f 1720//1913 113//1914 112//1915 
f 119//1910 1718//1909 1721//1916 
f 1721//1916 112//1915 119//1910 
f 113//1914 1720//1913 1722//1917 
f 1722//1917 114//1918 113//1914 
f 1723//1919 109//1920 108//1921 
f 108//1921 1724//1922 1723//1919 
f 1725//1923 103//1924 106//1925 
f 106//1925 1726//1926 1725//1923 
f 109//1920 1723//1919 1726//1926 
f 1727//1927 97//1928 101//1929 
f 103//1924 1725//1923 1728//1930 
f 1728//1930 101//1929 103//1924 
f 97//1928 1727//1927 1729//1931 
f 1729//1931 98//1932 97//1928 
f 1730//1933 95//1934 94//1935 
f 94//1935 1731//1936 1730//1933 
f 1732//1937 91//1938 92//1939 
f 92//1939 1733//1940 1732//1937 
f 95//1934 1730//1933 1733//1940 
f 87//1941 91//1938 1734//1942 
f 1735//1943 83//1944 87//1941 
f 91//1938 1732//1937 1734//1942 
f 83//1944 1735//1943 1736//1945 
f 1736//1945 84//1946 83//1944 
f 1737//1947 82//1948 79//1949 
f 79//1949 1738//1950 1737//1947 
f 79//1949 84//1946 1738//1950 
f 1739//1951 1740//1952 78//1953 
f 1740//1952 77//1954 78//1953 
f 73//1955 77//1954 1741//1956 
f 1742//1957 69//1958 73//1955 
f 77//1954 1740//1952 1741//1956 
f 69//1958 1742//1957 1743//1959 
f 1743//1959 70//1960 69//1958 
f 68//1961 1744//1962 1745//1963 
f 1745//1963 67//1964 68//1961 
f 68//1961 70//1960 1744//1962 
f 1746//1965 1747//1966 64//1967 
f 1747//1966 63//1968 64//1967 
f 59//1969 63//1968 1748//1970 
f 1749//1971 55//1972 59//1969 
f 63//1968 1747//1966 1748//1970 
f 56//1973 55//1972 1750//1974 
f 55//1972 1749//1971 1750//1974 
f 51//1975 1751//1976 1752//1977 
f 1752//1977 54//1978 51//1975 
f 51//1975 56//1973 1751//1976 
f 1753//1979 1754//1980 50//1981 
f 1754//1980 49//1982 50//1981 
f 50//1981 54//1978 1753//1979 
f 1755//1983 1756//1984 45//1985 
f 1756//1984 41//1986 45//1985 
f 42//1987 41//1986 1757//1988 
f 41//1986 1756//1984 1757//1988 
f 39//1989 40//1990 1758//1991 
f 1759//1992 1758//1991 40//1990 
f 40//1990 42//1987 1759//1992 
f 1760//1993 1761//1994 36//1995 
f 1761//1994 35//1996 36//1995 
f 36//1995 39//1989 1760//1993 
f 28//1997 35//1996 1762//1998 
f 1763//1999 29//2000 28//1997 
f 32//2001 29//2000 1764//2002 
f 29//2000 1763//1999 1764//2002 
f 25//2003 26//2004 1765//2005 
f 1766//2006 1765//2005 26//2004 
f 26//2004 32//2001 1766//2006 
f 1767//2007 1768//2008 21//2009 
f 1768//2008 17//2010 21//2009 
f 21//2009 25//2003 1767//2007 
f 18//2011 17//2010 1769//2012 
f 14//2013 13//2014 1770//2015 
f 1771//2016 1770//2015 13//2014 
f 13//2014 18//2011 1771//2016 
f 11//2017 12//2018 1772//2019 
f 1773//2020 1772//2019 12//2018 
f 12//2018 14//2013 1773//2020 
f 1774//2021 1775//2022 7//2023 
f 1775//2022 6//2024 7//2023 
f 7//2023 11//2017 1774//2021 
f 8//2025 6//2024 1776//2026 
f 2//2027 1777//2028 1423//1320 
f 1423//1320 3//1318 2//2027 
f 2//2027 8//2025 1777//2028 
f 1776//2026 1777//2028 8//2025 
f 1775//2022 1776//2026 6//2024 
f 1772//2019 1774//2021 11//2017 
f 1770//2015 1773//2020 14//2013 
f 1769//2012 1771//2016 18//2011 
f 1768//2008 1769//2012 17//2010 
f 1765//2005 1767//2007 25//2003 
f 1764//2002 1766//2006 32//2001 
f 1762//1998 1763//1999 28//1997 
f 1761//1994 1762//1998 35//1996 
f 1758//1991 1760//1993 39//1989 
f 1757//1988 1759//1992 42//1987 
f 45//1985 49//1982 1755//1983 
f 1754//1980 1755//1983 49//1982 
f 1752//1977 1753//1979 54//1978 
f 1750//1974 1751//1976 56//1973 
f 1748//1970 1749//1971 59//1969 
f 64//1967 67//1964 1746//1965 
f 1745//1963 1746//1965 67//1964 
f 1743//1959 1744//1962 70//1960 
f 1741//1956 1742//1957 73//1955 
f 78//1953 82//1948 1739//1951 
f 1737//1947 1739//1951 82//1948 
f 1736//1945 1738//1950 84//1946 
f 1734//1942 1735//1943 87//1941 
f 92//1939 95//1934 1733//1940 
f 94//1935 98//1932 1731//1936 
f 1729//1931 1731//1936 98//1932 
f 101//1929 1728//1930 1727//1927 
f 106//1925 109//1920 1726//1926 
f 108//1921 114//1918 1724//1922 
f 1722//1917 1724//1922 114//1918 
f 112//1915 1721//1916 1720//1913 
f 118//1911 1719//1912 1718//1909 
f 122//1906 128//1908 1717//1907 
f 1715//1903 128//1908 127//1899 
f 126//1900 1714//1902 1712//1898 
f 1710//1896 1713//1901 133//1894 
f 1709//1892 1711//1897 137//1890 
f 1708//1889 142//1893 141//1884 
f 1705//1886 1707//1888 141//1884 
f 1703//1882 1706//1887 147//1880 
f 1701//1878 1704//1883 151//1876 
f 1700//1875 1702//1879 156//1874 
f 1699//1871 1700//1875 155//1873 
f 1696//1868 1698//1870 161//1866 
f 1694//1864 1697//1869 165//1862 
f 1693//1861 1695//1865 170//1860 
f 168//1858 175//1853 1691//1856 
f 1690//1855 1691//1856 175//1853 
f 1688//1850 1689//1851 180//1849 
f 182//1847 189//1844 1687//1848 
f 1685//1843 1687//1848 189//1844 
f 186//1841 1684//1842 1683//1839 
f 192//1837 197//1832 1681//1835 
f 196//1833 203//1830 1680//1834 
f 1678//1829 1680//1834 203//1830 
f 200//1827 1677//1828 1676//1825 
f 206//1823 211//1818 1674//1821 
f 210//1819 216//1816 1673//1820 
f 1671//1815 1673//1820 216//1816 
f 1669//1812 1670//1813 214//1811 
f 220//1809 225//1804 1667//1807 
f 1665//1803 1667//1807 225//1804 
f 1664//1801 1666//1806 231//1802 
f 1662//1798 1663//1799 228//1797 
f 234//1795 239//1792 1660//1793 
f 1659//1791 1660//1793 239//1792 
f 1657//1788 1658//1790 244//1787 
f 242//1785 249//1782 1655//1783 
f 248//1781 253//1778 1653//1779 
f 1652//1777 1653//1779 253//1778 
f 1650//1774 1651//1776 259//1773 
f 255//1771 262//1768 1648//1769 
f 1647//1766 1648//1769 262//1768 
f 1644//1763 1646//1765 267//1761 
f 1643//1760 1645//1764 273//1759 
f 270//1757 277//1754 1641//1755 
f 1640//1752 1641//1755 277//1754 
f 1637//1749 1639//1751 281//1747 
f 1636//1746 1638//1750 286//1745 
f 284//1743 291//1737 1634//1741 
f 1632//1739 1634//1741 291//1737 
f 1630//1735 1633//1740 295//1733 
f 1629//1729 1631//1736 300//1732 
f 299//1730 298//1731 1628//1728 
f 305//1726 304//1727 1626//1724 
f 308//1721 1625//1723 1623//1719 
f 1621//1714 1624//1722 315//1718 
f 312//1716 1622//1717 1621//1714 
f 318//1712 1620//1713 1619//1710 
f 322//1707 328//1709 1618//1708 
f 1616//1704 328//1709 327//1701 
f 326//1702 1615//1703 1614//1700 
f 332//1698 1613//1699 1612//1696 
f 336//1693 343//1695 1611//1694 
f 1609//1690 343//1695 341//1687 
f 340//1688 1608//1689 1607//1686 
f 346//1684 1606//1685 1605//1682 
f 350//1679 356//1681 1604//1680 
f 1602//1676 356//1681 355//1673 
f 354//1674 1601//1675 1600//1672 
f 360//1670 1599//1671 1598//1668 
f 364//1665 370//1667 1597//1666 
f 1595//1662 370//1667 369//1659 
f 368//1660 1594//1661 1593//1658 
f 374//1656 1592//1657 1591//1654 
f 378//1651 385//1653 1590//1652 
f 1588//1648 385//1653 383//1645 
f 382//1646 1587//1647 1586//1644 
f 388//1642 1585//1643 1584//1640 
f 392//1637 1583//1639 1581//1635 
f 1580//1631 1582//1638 399//1634 
f 398//1632 395//1633 1579//1630 
f 402//1627 401//1629 1576//1625 
f 1574//1623 1578//1628 407//1621 
f 1573//1620 1575//1624 413//1619 
f 1572//1616 1573//1620 411//1618 
f 1569//1613 1571//1615 417//1611 
f 1567//1609 1570//1614 421//1607 
f 1566//1606 1568//1610 427//1605 
f 424//1603 431//1600 1564//1601 
f 1563//1598 1564//1601 431//1600 
f 1560//1595 1562//1597 435//1593 
f 1559//1592 1561//1596 440//1591 
f 438//1589 445//1586 1557//1587 
f 1556//1584 1557//1587 445//1586 
f 1554//1581 1555//1583 449//1582 
f 1552//1578 1553//1580 454//1577 
f 1550//1574 1551//1575 452//1573 
f 458//1571 463//1568 1548//1569 
f 1547//1567 1548//1569 463//1568 
f 1545//1563 1546//1566 469//1564 
f 1543//1560 1544//1561 466//1559 
f 472//1557 477//1552 1541//1555 
f 1539//1551 1541//1555 477//1552 
f 1538//1549 1540//1554 482//1550 
f 480//1547 1537//1548 1536//1545 
f 486//1543 491//1538 1535//1544 
f 490//1539 497//1536 1533//1540 
f 1531//1535 1533//1540 497//1536 
f 494//1533 1530//1534 1529//1531 
f 500//1529 505//1524 1528//1530 
f 504//1525 510//1522 1526//1526 
f 1524//1521 1526//1526 510//1522 
f 508//1519 1523//1520 1522//1517 
f 514//1515 1521//1516 1520//1513 
f 518//1510 524//1512 1519//1511 
f 1517//1507 524//1512 523//1504 
f 522//1505 1516//1506 1515//1503 
f 528//1500 1514//1502 1513//1498 
f 1512//1497 535//1501 532//1494 
f 531//1495 1511//1496 1510//1493 
f 536//1491 541//1486 1509//1492 
f 540//1487 547//1484 1507//1488 
f 1505//1483 1507//1488 547//1484 
f 544//1481 1504//1482 1503//1479 
f 550//1477 555//1472 1502//1478 
f 554//1473 562//1470 1500//1474 
f 1498//1469 1500//1474 562//1470 
f 558//1467 1497//1468 1496//1465 
f 564//1463 569//1460 1495//1464 
f 1493//1459 1495//1464 569//1460 
f 1491//1455 1492//1458 575//1456 
f 572//1453 579//1448 1489//1451 
f 578//1449 583//1446 1488//1450 
f 1486//1445 1488//1450 583//1446 
f 1484//1442 1485//1444 589//1441 
f 586//1439 593//1434 1482//1437 
f 592//1435 601//1432 1481//1436 
f 1479//1431 1481//1436 601//1432 
f 1477//1428 1478//1429 597//1427 
f 602//1425 607//1420 1475//1423 
f 1473//1419 1475//1423 607//1420 
f 1472//1417 1474//1422 611//1418 
f 1470//1414 1471//1415 614//1413 
f 616//1411 621//1406 1468//1409 
f 1466//1405 1468//1409 621//1406 
f 1465//1404 1467//1408 625//1403 
f 1463//1400 1464//1401 628//1399 
f 630//1397 635//1394 1461//1395 
f 1460//1393 1461//1395 635//1394 
f 1458//1390 1459//1392 643//1389 
f 1456//1386 1457//1387 639//1385 
f 644//1383 649//1377 1454//1381 
f 1452//1379 1454//1381 649//1377 
f 1451//1376 1453//1380 657//1375 
f 1449//1372 1450//1373 653//1371 
f 658//1369 663//1366 1447//1367 
f 1446//1365 1447//1367 663//1366 
f 1444//1362 1445//1364 667//1361 
f 1442//1358 1443//1359 670//1357 
f 1441//1354 1442//1358 675//1356 
f 1438//1351 1440//1353 677//1349 
f 1437//1348 1439//1352 681//1347 
f 1435//1344 1436//1345 684//1343 
f 1434//1340 1435//1344 689//1342 
f 1431//1337 1433//1339 691//1335 
f 1429//1333 1432//1338 695//1331 
f 1428//1330 1430//1334 701//1329 
f 1427//1326 1428//1330 699//1328 
f 1424//1323 1426//1325 705//1321 
f 1422//1319 1425//1324 708//1317 
o mesh4
f 1778//2029 1779//2029 1474//2029 
f 1779//2029 1473//2029 1474//2029 
f 1478//2029 1780//2029 1781//2029 
f 1780//2029 1478//2029 1477//2029 
f 1476//2029 1475//2029 1782//2029 
f 1782//2029 1475//2029 1473//2029 
f 1472//2029 1783//2029 1778//2029 
f 1656//2029 1784//2029 1785//2029 
f 1786//2029 1494//2029 1495//2029 
f 1787//2029 1495//2029 1493//2029 
f 1477//2029 1788//2029 1780//2029 
f 1477//2029 1476//2029 1789//2029 
f 1473//2029 1790//2029 1782//2029 
f 1474//2029 1472//2029 1778//2029 
f 1471//2029 1470//2029 1791//2029 
f 1791//2029 1470//2029 1469//2029 
f 1792//2029 1793//2029 1660//2029 
f 1658//2029 1794//2029 1792//2029 
f 1658//2029 1785//2029 1795//2029 
f 1785//2029 1658//2029 1657//2029 
f 1493//2029 1796//2029 1787//2029 
f 1789//2029 1788//2029 1477//2029 
f 1779//2029 1790//2029 1473//2029 
f 1469//2029 1797//2029 1791//2029 
f 1660//2029 1793//2029 1798//2029 
f 1799//2029 1662//2029 1661//2029 
f 1792//2029 1659//2029 1658//2029 
f 1785//2029 1657//2029 1656//2029 
f 1655//2029 1800//2029 1784//2029 
f 1495//2029 1787//2029 1786//2029 
f 1801//2029 1492//2029 1491//2029 
f 1492//2029 1801//2029 1796//2029 
f 1802//2029 1490//2029 1489//2029 
f 1782//2029 1789//2029 1476//2029 
f 1783//2029 1472//2029 1471//2029 
f 1469//2029 1468//2029 1803//2029 
f 1803//2029 1468//2029 1466//2029 
f 1804//2029 1805//2029 1680//2029 
f 1676//2029 1806//2029 1804//2029 
f 1807//2029 1806//2029 1676//2029 
f 1675//2029 1808//2029 1807//2029 
f 1675//2029 1674//2029 1809//2029 
f 1810//2029 1809//2029 1674//2029 
f 1661//2029 1798//2029 1799//2029 
f 1795//2029 1794//2029 1658//2029 
f 1784//2029 1656//2029 1655//2029 
f 1654//2029 1653//2029 1811//2029 
f 1812//2029 1497//2029 1494//2029 
f 1796//2029 1493//2029 1492//2029 
f 1813//2029 1491//2029 1490//2029 
f 1489//2029 1814//2029 1802//2029 
f 1815//2029 1488//2029 1486//2029 
f 1816//2029 1487//2029 1488//2029 
f 1791//2029 1783//2029 1471//2029 
f 1466//2029 1817//2029 1803//2029 
f 1818//2029 1467//2029 1465//2029 
f 1466//2029 1467//2029 1818//2029 
f 1464//2029 1463//2029 1819//2029 
f 1819//2029 1463//2029 1462//2029 
f 1804//2029 1678//2029 1676//2029 
f 1807//2029 1677//2029 1675//2029 
f 1674//2029 1672//2029 1810//2029 
f 1673//2029 1820//2029 1810//2029 
f 1821//2029 1820//2029 1673//2029 
f 1660//2029 1659//2029 1792//2029 
f 1811//2029 1800//2029 1654//2029 
f 1822//2029 1811//2029 1653//2029 
f 1652//2029 1651//2029 1823//2029 
f 1650//2029 1824//2029 1825//2029 
f 1648//2029 1826//2029 1827//2029 
f 1491//2029 1813//2029 1801//2029 
f 1489//2029 1487//2029 1814//2029 
f 1488//2029 1815//2029 1816//2029 
f 1803//2029 1797//2029 1469//2029 
f 1818//2029 1817//2029 1466//2029 
f 1464//2029 1828//2029 1829//2029 
f 1462//2029 1830//2029 1819//2029 
f 1680//2029 1678//2029 1804//2029 
f 1809//2029 1808//2029 1675//2029 
f 1673//2029 1671//2029 1821//2029 
f 1671//2029 1670//2029 1831//2029 
f 1655//2029 1654//2029 1800//2029 
f 1823//2029 1822//2029 1652//2029 
f 1825//2029 1651//2029 1650//2029 
f 1827//2029 1649//2029 1648//2029 
f 1832//2029 1496//2029 1497//2029 
f 1496//2029 1832//2029 1833//2029 
f 1490//2029 1802//2029 1813//2029 
f 1486//2029 1834//2029 1815//2029 
f 1835//2029 1834//2029 1485//2029 
f 1465//2029 1829//2029 1818//2029 
f 1819//2029 1828//2029 1464//2029 
f 1462//2029 1461//2029 1836//2029 
f 1836//2029 1461//2029 1460//2029 
f 1837//2029 1449//2029 1448//2029 
f 1676//2029 1677//2029 1807//2029 
f 1831//2029 1821//2029 1671//2029 
f 1838//2029 1831//2029 1670//2029 
f 1839//2029 1838//2029 1669//2029 
f 1668//2029 1667//2029 1840//2029 
f 1653//2029 1652//2029 1822//2029 
f 1650//2029 1649//2029 1824//2029 
f 1827//2029 1824//2029 1649//2029 
f 1833//2029 1498//2029 1496//2029 
f 1816//2029 1814//2029 1487//2029 
f 1834//2029 1486//2029 1485//2029 
f 1483//2029 1482//2029 1841//2029 
f 1480//2029 1481//2029 1842//2029 
f 1842//2029 1481//2029 1479//2029 
f 1829//2029 1465//2029 1464//2029 
f 1460//2029 1843//2029 1836//2029 
f 1837//2029 1450//2029 1449//2029 
f 1686//2029 1687//2029 1844//2029 
f 1810//2029 1672//2029 1673//2029 
f 1669//2029 1668//2029 1839//2029 
f 1667//2029 1845//2029 1840//2029 
f 1666//2029 1846//2029 1847//2029 
f 1825//2029 1823//2029 1651//2029 
f 1647//2029 1848//2029 1826//2029 
f 1646//2029 1849//2029 1848//2029 
f 1644//2029 1850//2029 1849//2029 
f 1851//2029 1852//2029 1637//2029 
f 1509//2029 1853//2029 1854//2029 
f 1853//2029 1509//2029 1506//2029 
f 1507//2029 1855//2029 1856//2029 
f 1504//2029 1857//2029 1858//2029 
f 1786//2029 1812//2029 1494//2029 
f 1484//2029 1859//2029 1835//2029 
f 1859//2029 1484//2029 1483//2029 
f 1841//2029 1482//2029 1480//2029 
f 1479//2029 1781//2029 1842//2029 
f 1836//2029 1830//2029 1462//2029 
f 1459//2029 1860//2029 1843//2029 
f 1860//2029 1459//2029 1458//2029 
f 1861//2029 1457//2029 1456//2029 
f 1862//2029 1452//2029 1453//2029 
f 1863//2029 1453//2029 1451//2029 
f 1448//2029 1864//2029 1837//2029 
f 1865//2029 1435//2029 1434//2029 
f 1866//2029 1433//2029 1431//2029 
f 1689//2029 1867//2029 1868//2029 
f 1688//2029 1869//2029 1867//2029 
f 1869//2029 1688//2029 1686//2029 
f 1670//2029 1669//2029 1838//2029 
f 1840//2029 1839//2029 1668//2029 
f 1847//2029 1665//2029 1666//2029 
f 1662//2029 1799//2029 1870//2029 
f 1871//2029 1664//2029 1663//2029 
f 1648//2029 1647//2029 1826//2029 
f 1849//2029 1646//2029 1644//2029 
f 1645//2029 1872//2029 1850//2029 
f 1643//2029 1873//2029 1872//2029 
f 1874//2029 1875//2029 1640//2029 
f 1639//2029 1637//2029 1852//2029 
f 1638//2029 1876//2029 1851//2029 
f 1635//2029 1634//2029 1877//2029 
f 1878//2029 1876//2029 1636//2029 
f 1621//2029 1879//2029 1880//2029 
f 1881//2029 1882//2029 1619//2029 
f 1883//2029 1884//2029 1617//2029 
f 1854//2029 1508//2029 1509//2029 
f 1856//2029 1506//2029 1507//2029 
f 1858//2029 1503//2029 1504//2029 
f 1485//2029 1484//2029 1835//2029 
f 1480//2029 1885//2029 1841//2029 
f 1781//2029 1479//2029 1478//2029 
f 1458//2029 1886//2029 1860//2029 
f 1456//2029 1887//2029 1861//2029 
f 1887//2029 1456//2029 1455//2029 
f 1888//2029 1455//2029 1454//2029 
f 1889//2029 1454//2029 1452//2029 
f 1451//2029 1890//2029 1863//2029 
f 1890//2029 1451//2029 1450//2029 
f 1891//2029 1448//2029 1447//2029 
f 1892//2029 1447//2029 1446//2029 
f 1893//2029 1437//2029 1436//2029 
f 1865//2029 1436//2029 1435//2029 
f 1431//2029 1894//2029 1895//2029 
f 1434//2029 1433//2029 1866//2029 
f 1896//2029 1897//2029 1691//2029 
f 1868//2029 1690//2029 1689//2029 
f 1844//2029 1869//2029 1686//2029 
f 1667//2029 1665//2029 1845//2029 
f 1666//2029 1664//2029 1846//2029 
f 1663//2029 1870//2029 1871//2029 
f 1848//2029 1647//2029 1646//2029 
f 1872//2029 1645//2029 1643//2029 
f 1898//2029 1873//2029 1643//2029 
f 1641//2029 1899//2029 1898//2029 
f 1875//2029 1899//2029 1641//2029 
f 1852//2029 1874//2029 1639//2029 
f 1637//2029 1638//2029 1851//2029 
f 1636//2029 1635//2029 1878//2029 
f 1633//2029 1900//2029 1901//2029 
f 1902//2029 1621//2029 1622//2029 
f 1621//2029 1902//2029 1879//2029 
f 1619//2029 1620//2029 1881//2029 
f 1617//2029 1618//2029 1883//2029 
f 1903//2029 1511//2029 1508//2029 
f 1506//2029 1856//2029 1853//2029 
f 1904//2029 1505//2029 1503//2029 
f 1501//2029 1502//2029 1905//2029 
f 1841//2029 1859//2029 1483//2029 
f 1843//2029 1460//2029 1459//2029 
f 1455//2029 1888//2029 1887//2029 
f 1452//2029 1862//2029 1889//2029 
f 1837//2029 1890//2029 1450//2029 
f 1446//2029 1906//2029 1892//2029 
f 1907//2029 1438//2029 1439//2029 
f 1893//2029 1439//2029 1437//2029 
f 1434//2029 1908//2029 1865//2029 
f 1866//2029 1908//2029 1434//2029 
f 1432//2029 1429//2029 1909//2029 
f 1909//2029 1429//2029 1430//2029 
f 1868//2029 1896//2029 1690//2029 
f 1687//2029 1910//2029 1844//2029 
f 1911//2029 1910//2029 1687//2029 
f 1683//2029 1912//2029 1911//2029 
f 1847//2029 1845//2029 1665//2029 
f 1870//2029 1663//2029 1662//2029 
f 1850//2029 1644//2029 1645//2029 
f 1898//2029 1642//2029 1641//2029 
f 1640//2029 1639//2029 1874//2029 
f 1877//2029 1878//2029 1635//2029 
f 1634//2029 1901//2029 1913//2029 
f 1901//2029 1634//2029 1632//2029 
f 1880//2029 1624//2029 1621//2029 
f 1620//2029 1617//2029 1881//2029 
f 1618//2029 1616//2029 1883//2029 
f 1614//2029 1914//2029 1915//2029 
f 1507//2029 1505//2029 1855//2029 
f 1858//2029 1904//2029 1503//2029 
f 1857//2029 1504//2029 1501//2029 
f 1905//2029 1502//2029 1499//2029 
f 1842//2029 1885//2029 1480//2029 
f 1886//2029 1458//2029 1457//2029 
f 1453//2029 1863//2029 1862//2029 
f 1447//2029 1892//2029 1891//2029 
f 1436//2029 1916//2029 1893//2029 
f 1431//2029 1895//2029 1866//2029 
f 1430//2029 1917//2029 1909//2029 
f 1918//2029 1755//2029 1754//2029 
f 1753//2029 1919//2029 1920//2029 
f 1867//2029 1689//2029 1688//2029 
f 1911//2029 1685//2029 1683//2029 
f 1921//2029 1912//2029 1683//2029 
f 1921//2029 1684//2029 1682//2029 
f 1871//2029 1846//2029 1664//2029 
f 1643//2029 1642//2029 1898//2029 
f 1638//2029 1636//2029 1876//2029 
f 1901//2029 1632//2029 1633//2029 
f 1922//2029 1900//2029 1633//2029 
f 1923//2029 1924//2029 1623//2029 
f 1882//2029 1902//2029 1619//2029 
f 1616//2029 1915//2029 1883//2029 
f 1915//2029 1616//2029 1614//2029 
f 1615//2029 1612//2029 1925//2029 
f 1904//2029 1855//2029 1505//2029 
f 1499//2029 1926//2029 1905//2029 
f 1499//2029 1500//2029 1927//2029 
f 1927//2029 1500//2029 1498//2029 
f 1861//2029 1886//2029 1457//2029 
f 1891//2029 1864//2029 1448//2029 
f 1906//2029 1446//2029 1445//2029 
f 1928//2029 1445//2029 1444//2029 
f 1865//2029 1916//2029 1436//2029 
f 1894//2029 1431//2029 1432//2029 
f 1430//2029 1428//2029 1929//2029 
f 1929//2029 1428//2029 1427//2029 
f 1424//2029 1930//2029 1931//2029 
f 1757//2029 1932//2029 1933//2029 
f 1932//2029 1757//2029 1756//2029 
f 1755//2029 1918//2029 1934//2029 
f 1920//2029 1754//2029 1753//2029 
f 1748//2029 1935//2029 1936//2029 
f 1691//2029 1897//2029 1937//2029 
f 1937//2029 1938//2029 1693//2029 
f 1687//2029 1685//2029 1911//2029 
f 1682//2029 1939//2029 1921//2029 
f 1681//2029 1940//2029 1939//2029 
f 1798//2029 1661//2029 1660//2029 
f 1913//2029 1877//2029 1634//2029 
f 1633//2029 1630//2029 1922//2029 
f 1629//2029 1941//2029 1942//2029 
f 1623//2029 1625//2029 1923//2029 
f 1880//2029 1923//2029 1625//2029 
f 1884//2029 1881//2029 1617//2029 
f 1925//2029 1914//2029 1615//2029 
f 1943//2029 1944//2029 1610//2029 
f 1945//2029 1943//2029 1611//2029 
f 1946//2029 1947//2029 1605//2029 
f 1948//2029 1946//2029 1606//2029 
f 1949//2029 1950//2029 1584//2029 
f 1905//2029 1857//2029 1501//2029 
f 1498//2029 1833//2029 1927//2029 
f 1454//2029 1889//2029 1888//2029 
f 1444//2029 1951//2029 1928//2029 
f 1952//2029 1442//2029 1441//2029 
f 1909//2029 1894//2029 1432//2029 
f 1427//2029 1953//2029 1929//2029 
f 1931//2029 1426//2029 1424//2029 
f 1427//2029 1426//2029 1954//2029 
f 1425//2029 1422//2029 1955//2029 
f 1756//2029 1934//2029 1932//2029 
f 1754//2029 1920//2029 1918//2029 
f 1919//2029 1753//2029 1752//2029 
f 1956//2029 1752//2029 1751//2029 
f 1936//2029 1749//2029 1748//2029 
f 1693//2029 1692//2029 1937//2029 
f 1683//2029 1684//2029 1921//2029 
f 1679//2029 1680//2029 1957//2029 
f 1939//2029 1682//2029 1681//2029 
f 1641//2029 1640//2029 1875//2029 
f 1631//2029 1942//2029 1922//2029 
f 1958//2029 1629//2029 1628//2029 
f 1629//2029 1958//2029 1941//2029 
f 1625//2029 1624//2029 1880//2029 
f 1614//2029 1615//2029 1914//2029 
f 1959//2029 1925//2029 1612//2029 
f 1944//2029 1959//2029 1613//2029 
f 1611//2029 1609//2029 1945//2029 
f 1606//2029 1603//2029 1948//2029 
f 1960//2029 1948//2029 1603//2029 
f 1600//2029 1961//2029 1962//2029 
f 1962//2029 1960//2029 1604//2029 
f 1584//2029 1585//2029 1949//2029 
f 1583//2029 1963//2029 1964//2029 
f 1927//2029 1926//2029 1499//2029 
f 1445//2029 1928//2029 1906//2029 
f 1951//2029 1444//2029 1443//2029 
f 1952//2029 1443//2029 1442//2029 
f 1965//2029 1440//2029 1438//2029 
f 1929//2029 1917//2029 1430//2029 
f 1954//2029 1953//2029 1427//2029 
f 1422//2029 1966//2029 1955//2029 
f 1966//2029 1423//2029 1777//2029 
f 1967//2029 1760//2029 1758//2029 
f 1968//2029 1758//2029 1759//2029 
f 1934//2029 1756//2029 1755//2029 
f 1751//2029 1969//2029 1956//2029 
f 1747//2029 1970//2029 1935//2029 
f 1971//2029 1746//2029 1745//2029 
f 1746//2029 1971//2029 1970//2029 
f 1743//2029 1972//2029 1973//2029 
f 1691//2029 1690//2029 1896//2029 
f 1681//2029 1679//2029 1940//2029 
f 1630//2029 1631//2029 1922//2029 
f 1942//2029 1631//2029 1629//2029 
f 1974//2029 1975//2029 1627//2029 
f 1622//2029 1619//2029 1902//2029 
f 1613//2029 1610//2029 1944//2029 
f 1609//2029 1976//2029 1945//2029 
f 1977//2029 1976//2029 1607//2029 
f 1608//2029 1605//2029 1947//2029 
f 1603//2029 1604//2029 1960//2029 
f 1604//2029 1602//2029 1962//2029 
f 1978//2029 1979//2029 1586//2029 
f 1585//2029 1581//2029 1949//2029 
f 1582//2029 1580//2029 1980//2029 
f 1964//2029 1581//2029 1583//2029 
f 1981//2029 1982//2029 1573//2029 
f 1571//2029 1983//2029 1981//2029 
f 1570//2029 1984//2029 1985//2029 
f 1497//2029 1812//2029 1832//2029 
f 1441//2029 1986//2029 1952//2029 
f 1438//2029 1907//2029 1987//2029 
f 1441//2029 1440//2029 1965//2029 
f 1931//2029 1954//2029 1426//2029 
f 1930//2029 1424//2029 1425//2029 
f 1966//2029 1422//2029 1423//2029 
f 1777//2029 1776//2029 1988//2029 
f 1772//2029 1989//2029 1990//2029 
f 1989//2029 1772//2029 1773//2029 
f 1759//2029 1933//2029 1968//2029 
f 1752//2029 1956//2029 1919//2029 
f 1751//2029 1750//2029 1991//2029 
f 1991//2029 1750//2029 1749//2029 
f 1748//2029 1747//2029 1935//2029 
f 1970//2029 1747//2029 1746//2029 
f 1744//2029 1992//2029 1993//2029 
f 1973//2029 1744//2029 1743//2029 
f 1957//2029 1940//2029 1679//2029 
f 1628//2029 1627//2029 1958//2029 
f 1627//2029 1626//2029 1974//2029 
f 1612//2029 1613//2029 1959//2029 
f 1610//2029 1611//2029 1943//2029 
f 1947//2029 1977//2029 1608//2029 
f 1962//2029 1602//2029 1600//2029 
f 1994//2029 1995//2029 1601//2029 
f 1586//2029 1979//2029 1996//2029 
f 1586//2029 1587//2029 1978//2029 
f 1581//2029 1964//2029 1949//2029 
f 1583//2029 1582//2029 1963//2029 
f 1981//2029 1572//2029 1571//2029 
f 1985//2029 1569//2029 1570//2029 
f 1567//2029 1997//2029 1984//2029 
f 1443//2029 1952//2029 1951//2029 
f 1965//2029 1986//2029 1441//2029 
f 1955//2029 1930//2029 1425//2029 
f 1988//2029 1998//2029 1777//2029 
f 1988//2029 1776//2029 1775//2029 
f 1999//2029 1775//2029 1774//2029 
f 1773//2029 2000//2029 1989//2029 
f 1933//2029 1759//2029 1757//2029 
f 1749//2029 2001//2029 1991//2029 
f 1745//2029 1993//2029 1971//2029 
f 1973//2029 1992//2029 1744//2029 
f 1742//2029 1741//2029 2002//2029 
f 1741//2029 1740//2029 2003//2029 
f 1805//2029 1957//2029 1680//2029 
f 1626//2029 1623//2029 1974//2029 
f 1609//2029 1607//2029 1976//2029 
f 1605//2029 1606//2029 1946//2029 
f 1995//2029 1961//2029 1600//2029 
f 1598//2029 2004//2029 1994//2029 
f 1587//2029 1584//2029 1978//2029 
f 1980//2029 1963//2029 1582//2029 
f 2005//2029 1980//2029 1580//2029 
f 2006//2029 2005//2029 1579//2029 
f 1578//2029 1574//2029 2007//2029 
f 2008//2029 2009//2029 1576//2029 
f 2010//2029 2007//2029 1574//2029 
f 1573//2029 1982//2029 2010//2029 
f 1573//2029 1572//2029 1981//2029 
f 1984//2029 1570//2029 1567//2029 
f 1566//2029 2011//2029 2012//2029 
f 1438//2029 1987//2029 1965//2029 
f 1777//2029 1998//2029 1966//2029 
f 1774//2029 1990//2029 1999//2029 
f 1773//2029 2013//2029 2000//2029 
f 2013//2029 1770//2029 1771//2029 
f 1768//2029 1767//2029 2014//2029 
f 1991//2029 1969//2029 1751//2029 
f 1993//2029 1745//2029 1744//2029 
f 2003//2029 2002//2029 1741//2029 
f 1739//2029 2015//2029 2016//2029 
f 1975//2029 1958//2029 1627//2029 
f 1607//2029 1608//2029 1977//2029 
f 1601//2029 1598//2029 1994//2029 
f 2017//2029 2018//2029 1597//2029 
f 1950//2029 1978//2029 1584//2029 
f 1579//2029 1577//2029 2006//2029 
f 1576//2029 2009//2029 2006//2029 
f 1576//2029 1578//2029 2008//2029 
f 2010//2029 1575//2029 1573//2029 
f 1985//2029 1983//2029 1569//2029 
f 2012//2029 1568//2029 1566//2029 
f 1568//2029 2012//2029 1997//2029 
f 1439//2029 1893//2029 1907//2029 
f 1990//2029 1774//2029 1772//2029 
f 2013//2029 1773//2029 1770//2029 
f 1771//2029 1769//2029 2019//2029 
f 2020//2029 1769//2029 1768//2029 
f 1936//2029 2001//2029 1749//2029 
f 1972//2029 1743//2029 1742//2029 
f 2016//2029 1740//2029 1739//2029 
f 1736//2029 2021//2029 2022//2029 
f 1738//2029 2022//2029 2023//2029 
f 2024//2029 1703//2029 1704//2029 
f 2025//2029 1701//2029 1702//2029 
f 1924//2029 1974//2029 1623//2029 
f 1600//2029 1601//2029 1995//2029 
f 2026//2029 2004//2029 1599//2029 
f 1597//2029 2018//2029 2026//2029 
f 1597//2029 1595//2029 2017//2029 
f 1580//2029 1579//2029 2005//2029 
f 2007//2029 2008//2029 1578//2029 
f 1571//2029 1569//2029 1983//2029 
f 1997//2029 1567//2029 1568//2029 
f 1565//2029 1564//2029 2027//2029 
f 2028//2029 2027//2029 1564//2029 
f 2029//2029 2030//2029 1544//2029 
f 1775//2029 1999//2029 1988//2029 
f 2019//2029 2031//2029 1771//2029 
f 1767//2029 2032//2029 2014//2029 
f 2032//2029 1765//2029 1766//2029 
f 1761//2029 1760//2029 2033//2029 
f 2002//2029 1972//2029 1742//2029 
f 1739//2029 1737//2029 2015//2029 
f 2023//2029 1737//2029 1738//2029 
f 1703//2029 2024//2029 2034//2029 
f 1704//2029 2035//2029 2024//2029 
f 1700//2029 2036//2029 2037//2029 
f 1702//2029 2037//2029 2025//2029 
f 1695//2029 1693//2029 1938//2029 
f 2038//2029 2039//2029 1694//2029 
f 1598//2029 1599//2029 2004//2029 
f 2026//2029 1596//2029 1597//2029 
f 1593//2029 2040//2029 2017//2029 
f 2006//2029 1577//2029 1576//2029 
f 1566//2029 1565//2029 2011//2029 
f 1564//2029 1563//2029 2028//2029 
f 1560//2029 1561//2029 2041//2029 
f 2042//2029 2043//2029 1548//2029 
f 1546//2029 2044//2029 2042//2029 
f 2030//2029 1545//2029 1544//2029 
f 1771//2029 2031//2029 2013//2029 
f 2014//2029 2020//2029 1768//2029 
f 2032//2029 1767//2029 1765//2029 
f 2045//2029 1764//2029 1763//2029 
f 2046//2029 1762//2029 1761//2029 
f 2016//2029 2003//2029 1740//2029 
f 2022//2029 1738//2029 1736//2029 
f 2021//2029 1736//2029 1735//2029 
f 1735//2029 1734//2029 2047//2029 
f 1726//2029 2048//2029 2049//2029 
f 2050//2029 1728//2029 1725//2029 
f 1724//2029 2051//2029 2052//2029 
f 2048//2029 1726//2029 1723//2029 
f 2053//2029 2051//2029 1724//2029 
f 1720//2029 2054//2029 2053//2029 
f 1718//2029 1719//2029 2055//2029 
f 2056//2029 1721//2029 1718//2029 
f 1704//2029 1701//2029 2035//2029 
f 2025//2029 2035//2029 1701//2029 
f 2057//2029 2036//2029 1700//2029 
f 1698//2029 2058//2029 2057//2029 
f 1694//2029 2039//2029 2059//2029 
f 1694//2029 1695//2029 2038//2029 
f 1599//2029 1596//2029 2026//2029 
f 1595//2029 1593//2029 2017//2029 
f 2060//2029 2061//2029 1591//2029 
f 1592//2029 1589//2029 2062//2029 
f 1574//2029 1575//2029 2010//2029 
f 1563//2029 2063//2029 2028//2029 
f 2064//2029 1562//2029 1560//2029 
f 1562//2029 2064//2029 2063//2029 
f 2042//2029 1547//2029 1546//2029 
f 1544//2029 1543//2029 2029//2029 
f 1541//2029 2065//2029 2066//2029 
f 2020//2029 2019//2029 1769//2029 
f 1766//2029 2045//2029 2067//2029 
f 1763//2029 1762//2029 2068//2029 
f 2045//2029 1766//2029 1764//2029 
f 2033//2029 2046//2029 1761//2029 
f 2023//2029 2015//2029 1737//2029 
f 2047//2029 2069//2029 1735//2029 
f 1728//2029 2050//2029 2070//2029 
f 1725//2029 2049//2029 2050//2029 
f 1723//2029 2052//2029 2048//2029 
f 2053//2029 1722//2029 1720//2029 
f 1721//2029 2056//2029 2054//2029 
f 1718//2029 2071//2029 2056//2029 
f 1716//2029 1717//2029 2072//2029 
f 2073//2029 2055//2029 1719//2029 
f 2037//2029 1702//2029 1700//2029 
f 2057//2029 1699//2029 1698//2029 
f 2074//2029 2058//2029 1698//2029 
f 2074//2029 1696//2029 1697//2029 
f 1938//2029 2038//2029 1695//2029 
f 1593//2029 1594//2029 2040//2029 
f 1594//2029 1591//2029 2061//2029 
f 2062//2029 2060//2029 1592//2029 
f 2027//2029 2011//2029 1565//2029 
f 2063//2029 1563//2029 1562//2029 
f 1561//2029 1559//2029 2075//2029 
f 2075//2029 1559//2029 1558//2029 
f 2076//2029 1550//2029 1549//2029 
f 1548//2029 2043//2029 2077//2029 
f 1548//2029 1547//2029 2042//2029 
f 1543//2029 2078//2029 2029//2029 
f 2066//2029 1542//2029 1541//2029 
f 1766//2029 2067//2029 2032//2029 
f 1763//2029 2079//2029 2045//2029 
f 1760//2029 1967//2029 2033//2029 
f 1735//2029 2069//2029 2021//2029 
f 1730//2029 1731//2029 2080//2029 
f 2049//2029 1725//2029 1726//2029 
f 1724//2029 1722//2029 2053//2029 
f 2055//2029 2071//2029 1718//2029 
f 1719//2029 1716//2029 2073//2029 
f 2081//2029 2082//2029 1714//2029 
f 1700//2029 1699//2029 2057//2029 
f 1697//2029 2059//2029 2074//2029 
f 1937//2029 1692//2029 1691//2029 
f 1591//2029 1592//2029 2060//2029 
f 2083//2029 2062//2029 1589//2029 
f 1996//2029 2083//2029 1590//2029 
f 2041//2029 2064//2029 1560//2029 
f 1558//2029 2084//2029 2075//2029 
f 2085//2029 2086//2029 1557//2029 
f 1556//2029 1555//2029 2087//2029 
f 2077//2029 1549//2029 1548//2029 
f 2030//2029 2044//2029 1545//2029 
f 2078//2029 1543//2029 1542//2029 
f 2068//2029 2079//2029 1763//2029 
f 1758//2029 1968//2029 1967//2029 
f 2047//2029 1734//2029 1732//2029 
f 1732//2029 1733//2029 2088//2029 
f 2089//2029 1733//2029 1730//2029 
f 2052//2029 1723//2029 1724//2029 
f 2072//2029 2073//2029 1716//2029 
f 2090//2029 2072//2029 1717//2029 
f 1715//2029 1712//2029 2091//2029 
f 2082//2029 1712//2029 1714//2029 
f 2092//2029 2093//2029 1707//2029 
f 1706//2029 2034//2029 2092//2029 
f 1698//2029 1696//2029 2074//2029 
f 2061//2029 2040//2029 1594//2029 
f 1590//2029 1588//2029 1996//2029 
f 2075//2029 2041//2029 1561//2029 
f 1557//2029 2086//2029 2084//2029 
f 2087//2029 2085//2029 1556//2029 
f 1546//2029 1545//2029 2044//2029 
f 2066//2029 2078//2029 1542//2029 
f 1539//2029 1540//2029 2094//2029 
f 2095//2029 2094//2029 1540//2029 
f 2096//2029 1538//2029 1536//2029 
f 2046//2029 2068//2029 1762//2029 
f 2088//2029 2097//2029 1732//2029 
f 1731//2029 2098//2029 2080//2029 
f 1729//2029 1727//2029 2099//2029 
f 2054//2029 1720//2029 1721//2029 
f 2091//2029 2090//2029 1715//2029 
f 1713//2029 2100//2029 2081//2029 
f 1710//2029 2101//2029 2100//2029 
f 2092//2029 1705//2029 1706//2029 
f 2059//2029 1697//2029 1694//2029 
f 1996//2029 1588//2029 1586//2029 
f 1557//2029 1556//2029 2085//2029 
f 1541//2029 1539//2029 2065//2029 
f 1540//2029 1538//2029 2095//2029 
f 1537//2029 2102//2029 2103//2029 
f 1536//2029 2103//2029 2096//2029 
f 1534//2029 1535//2029 2104//2029 
f 1532//2029 1533//2029 2105//2029 
f 2106//2029 1526//2029 1524//2029 
f 1522//2029 2107//2029 2108//2029 
f 1732//2029 2097//2029 2047//2029 
f 2080//2029 2089//2029 1730//2029 
f 2098//2029 1731//2029 1729//2029 
f 1717//2029 1715//2029 2090//2029 
f 1714//2029 1713//2029 2081//2029 
f 2100//2029 1713//2029 1710//2029 
f 1711//2029 1709//2029 2109//2029 
f 1708//2029 1707//2029 2110//2029 
f 2034//2029 1706//2029 1703//2029 
f 2084//2029 1558//2029 1557//2029 
f 2111//2029 2087//2029 1555//2029 
f 1553//2029 2112//2029 2111//2029 
f 1552//2029 2113//2029 2112//2029 
f 2113//2029 1552//2029 1551//2029 
f 2094//2029 2065//2029 1539//2029 
f 2096//2029 2095//2029 1538//2029 
f 2102//2029 1537//2029 1534//2029 
f 2104//2029 1535//2029 1532//2029 
f 1533//2029 2114//2029 2105//2029 
f 2108//2029 1524//2029 1522//2029 
f 1526//2029 2106//2029 2115//2029 
f 2107//2029 1522//2029 1523//2029 
f 2116//2029 1523//2029 1520//2029 
f 1518//2029 1519//2029 2117//2029 
f 1517//2029 1515//2029 2118//2029 
f 2089//2029 2088//2029 1733//2029 
f 1727//2029 2070//2029 2099//2029 
f 2082//2029 2091//2029 1712//2029 
f 2109//2029 2101//2029 1711//2029 
f 2119//2029 1709//2029 1708//2029 
f 1589//2029 1590//2029 2083//2029 
f 2111//2029 1554//2029 1553//2029 
f 1551//2029 2120//2029 2113//2029 
f 1551//2029 1550//2029 2076//2029 
f 2103//2029 1536//2029 1537//2029 
f 1532//2029 2121//2029 2104//2029 
f 2105//2029 2121//2029 1532//2029 
f 1531//2029 1529//2029 2122//2029 
f 2115//2029 1525//2029 1526//2029 
f 1520//2029 2123//2029 2116//2029 
f 1521//2029 2124//2029 2123//2029 
f 2124//2029 1521//2029 1518//2029 
f 1515//2029 2125//2029 2118//2029 
f 2126//2029 1512//2029 1510//2029 
f 2099//2029 2098//2029 1729//2029 
f 1710//2029 1711//2029 2101//2029 
f 2110//2029 2119//2029 1708//2029 
f 1555//2029 1554//2029 2111//2029 
f 2076//2029 2120//2029 1551//2029 
f 2104//2029 2102//2029 1534//2029 
f 2122//2029 2114//2029 1531//2029 
f 1523//2029 2116//2029 2107//2029 
f 2117//2029 2124//2029 1518//2029 
f 2127//2029 1519//2029 1517//2029 
f 1516//2029 1513//2029 2128//2029 
f 1510//2029 2129//2029 2126//2029 
f 1514//2029 1512//2029 2126//2029 
f 2070//2029 1727//2029 1728//2029 
f 1707//2029 2093//2029 2110//2029 
f 2112//2029 1553//2029 1552//2029 
f 1533//2029 1531//2029 2114//2029 
f 1528//2029 2130//2029 2131//2029 
f 2130//2029 1528//2029 1525//2029 
f 2123//2029 1520//2029 1521//2029 
f 2118//2029 2127//2029 1517//2029 
f 1513//2029 1514//2029 2132//2029 
f 2125//2029 1515//2029 1516//2029 
f 2126//2029 2132//2029 1514//2029 
f 2119//2029 2109//2029 1709//2029 
f 1549//2029 2077//2029 2076//2029 
f 2133//2029 2122//2029 1529//2029 
f 1527//2029 2131//2029 2133//2029 
f 1525//2029 2115//2029 2130//2029 
f 2127//2029 2117//2029 1519//2029 
f 2128//2029 2125//2029 1516//2029 
f 1511//2029 1903//2029 2129//2029 
f 1707//2029 1705//2029 2092//2029 
f 2133//2029 1530//2029 1527//2029 
f 1524//2029 2108//2029 2106//2029 
f 1510//2029 1511//2029 2129//2029 
f 1529//2029 1530//2029 2133//2029 
f 2132//2029 2128//2029 1513//2029 
f 2131//2029 1527//2029 1528//2029 
f 1854//2029 1903//2029 1508//2029 
o mesh5
f 1236//2030 1220//2031 2134//2032 
f 1266//2033 1237//2034 2135//2035 
f 2136//2036 2135//2035 1237//2034 
f 1237//2034 1236//2030 2136//2036 
f 1254//2037 1265//2038 2137//2039 
f 2138//2040 2137//2039 1265//2038 
f 1265//2038 1266//2033 2138//2040 
f 1252//2041 1254//2037 2139//2042 
f 2140//2043 1253//2044 1252//2041 
f 1235//2045 1253//2044 2141//2046 
f 1253//2044 2140//2043 2141//2046 
f 1219//2047 1234//2048 2142//2049 
f 2143//2050 2142//2049 1234//2048 
f 1234//2048 1235//2045 2143//2050 
f 1204//2051 1194//2052 2144//2053 
f 2145//2054 2144//2053 1194//2052 
f 1194//2052 1219//2047 2145//2054 
f 2146//2055 2147//2056 1192//2057 
f 2147//2056 1193//2058 1192//2057 
f 1146//2059 1193//2058 2148//2060 
f 1193//2058 2147//2056 2148//2060 
f 1190//2061 1173//2062 2149//2063 
f 2150//2064 2149//2063 1173//2062 
f 1173//2062 1146//2059 2150//2064 
f 1218//2065 1191//2066 2151//2067 
f 2152//2068 2151//2067 1191//2066 
f 1191//2066 1190//2061 2152//2068 
f 1233//2069 1218//2065 2153//2070 
f 2154//2071 1263//2072 1233//2069 
f 2153//2070 2154//2071 1233//2069 
f 1264//2073 1263//2072 2155//2074 
f 1232//2075 1251//2076 2156//2077 
f 2156//2077 1251//2076 1264//2073 
f 1264//2073 2157//2078 2156//2077 
f 1217//2079 1231//2080 2158//2081 
f 2158//2081 1231//2080 1232//2075 
f 1232//2075 2159//2082 2158//2081 
f 1202//2083 1203//2084 2160//2085 
f 1203//2084 1217//2079 2161//2086 
f 2161//2086 2160//2085 1203//2084 
f 1189//2087 1202//2083 2162//2088 
f 1172//2089 1145//2090 2163//2091 
f 2163//2091 1145//2090 1189//2087 
f 1189//2087 2164//2092 2163//2091 
f 1144//2093 1143//2094 2165//2095 
f 2166//2096 2165//2095 1143//2094 
f 1143//2094 1172//2089 2166//2096 
f 2167//2097 2168//2098 1170//2099 
f 2168//2098 1171//2100 1170//2099 
f 1171//2100 2168//2098 2169//2101 
f 2169//2101 1188//2102 1171//2100 
f 1169//2103 1168//2104 2170//2105 
f 2171//2106 2170//2105 1168//2104 
f 1168//2104 1188//2102 2171//2106 
f 1142//2107 1141//2108 2172//2109 
f 2173//2110 2172//2109 1141//2108 
f 1141//2108 1169//2103 2173//2110 
f 2174//2111 2175//2112 1122//2113 
f 2175//2112 1132//2114 1122//2113 
f 1122//2113 1142//2107 2174//2111 
f 1140//2115 1132//2114 2176//2116 
f 1121//2117 1131//2118 2177//2119 
f 2178//2120 2177//2119 1131//2118 
f 1131//2118 1140//2115 2178//2120 
f 1114//2121 1113//2122 2179//2123 
f 2180//2124 2179//2123 1113//2122 
f 1113//2122 1121//2117 2180//2124 
f 2181//2125 2182//2126 1092//2127 
f 2182//2126 1107//2128 1092//2127 
f 1092//2127 1114//2121 2181//2125 
f 1112//2129 1107//2128 2183//2130 
f 1091//2131 1106//2132 2184//2133 
f 2185//2134 2184//2133 1106//2132 
f 1106//2132 1112//2129 2185//2134 
f 1075//2135 1074//2136 2186//2137 
f 2187//2138 2186//2137 1074//2136 
f 1074//2136 1091//2131 2187//2138 
f 2188//2139 2189//2140 1082//2141 
f 2189//2140 1081//2142 1082//2141 
f 1082//2141 1075//2135 2188//2139 
f 1073//2143 1081//2142 2190//2144 
f 1079//2145 1090//2146 2191//2147 
f 2192//2148 2191//2147 1090//2146 
f 1090//2146 1073//2143 2192//2148 
f 1167//2149 1080//2150 2193//2151 
f 2194//2152 2193//2151 1080//2150 
f 1080//2150 1079//2145 2194//2152 
f 2195//2153 2196//2154 1137//2155 
f 2196//2154 1138//2156 1137//2155 
f 1139//2157 1138//2156 2197//2158 
f 1138//2156 2196//2154 2197//2158 
f 1130//2159 1136//2160 2198//2161 
f 2199//2162 2198//2161 1136//2160 
f 1136//2160 1139//2157 2199//2162 
f 1120//2163 1119//2164 2200//2165 
f 2201//2166 2200//2165 1119//2164 
f 1119//2164 1130//2159 2201//2166 
f 2202//2167 2203//2168 1118//2169 
f 2203//2168 1129//2170 1118//2169 
f 1129//2170 2203//2168 2204//2171 
f 2204//2171 1088//2172 1087//2173 
f 2204//2171 1087//2173 1129//2170 
f 1089//2174 1088//2172 2205//2175 
f 1088//2172 2206//2176 2205//2175 
f 1104//2177 2207//2178 2208//2179 
f 2208//2179 1105//2180 1104//2177 
f 1104//2177 1089//2174 2207//2178 
f 2209//2181 2210//2182 1103//2183 
f 2210//2182 1111//2184 1103//2183 
f 1102//2185 1111//2184 2211//2186 
f 1111//2184 2210//2182 2211//2186 
f 1230//2187 1250//2188 2212//2189 
f 2213//2190 2212//2189 1250//2188 
f 1250//2188 1102//2185 2213//2190 
f 1216//2191 2214//2192 2215//2193 
f 2215//2193 1215//2194 1216//2191 
f 1216//2191 1230//2187 2214//2192 
f 2216//2195 2217//2196 1201//2197 
f 2217//2196 1187//2198 1201//2197 
f 1186//2199 1187//2198 2218//2200 
f 2219//2201 1165//2202 1186//2199 
f 1187//2198 2217//2196 2218//2200 
f 1166//2203 1165//2202 2220//2204 
f 1165//2202 2219//2201 2220//2204 
f 1185//2205 2221//2206 2222//2207 
f 2222//2207 1163//2208 1185//2205 
f 1185//2205 1166//2203 2221//2206 
f 2223//2209 2224//2210 1164//2211 
f 2224//2210 1213//2212 1164//2211 
f 1214//2213 1213//2212 2225//2214 
f 2226//2215 1349//2216 1214//2213 
f 1213//2212 2224//2210 2225//2214 
f 1330//2217 1349//2216 2227//2218 
f 1349//2216 2226//2215 2227//2218 
f 2228//2219 1361//2220 1331//2221 
f 1331//2221 2229//2222 2228//2219 
f 1331//2221 1330//2217 2229//2222 
f 2230//2223 2231//2224 1348//2225 
f 2231//2224 1329//2226 1348//2225 
f 1328//2227 1329//2226 2232//2228 
f 2233//2229 1301//2230 1328//2227 
f 1329//2226 2231//2224 2232//2228 
f 1302//2231 1301//2230 2234//2232 
f 1301//2230 2233//2229 2234//2232 
f 1314//2233 2235//2234 2236//2235 
f 2236//2235 1315//2236 1314//2233 
f 1314//2233 1302//2231 2235//2234 
f 2237//2237 2238//2238 1327//2239 
f 2238//2238 1372//2240 1327//2239 
f 1373//2241 1372//2240 2239//2242 
f 1372//2240 2238//2238 2239//2242 
f 1406//2243 1405//2244 2240//2245 
f 2241//2246 2240//2245 1405//2244 
f 1405//2244 1373//2241 2241//2246 
f 1388//2247 1399//2248 2242//2249 
f 2243//2250 2242//2249 1399//2248 
f 1399//2248 1406//2243 2243//2250 
f 2244//2251 2245//2252 1389//2253 
f 2245//2252 1381//2254 1389//2253 
f 1381//2254 2245//2252 2246//2255 
f 2246//2255 1382//2256 1381//2254 
f 1371//2257 1380//2258 2247//2259 
f 2248//2260 2247//2259 1380//2258 
f 1380//2258 1382//2256 2248//2260 
f 1359//2261 1360//2262 2249//2263 
f 2250//2264 2249//2263 1360//2262 
f 1360//2262 1371//2257 2250//2264 
f 2251//2265 2252//2266 1358//2267 
f 2252//2266 1347//2268 1358//2267 
f 1358//2267 1359//2261 2251//2265 
f 1325//2269 1347//2268 2253//2270 
f 2254//2271 1326//2272 1325//2269 
f 1346//2273 1326//2272 2255//2274 
f 1326//2272 2254//2271 2255//2274 
f 2256//2275 2257//2276 1345//2277 
f 2257//2276 1343//2278 1345//2277 
f 1345//2277 1346//2273 2256//2275 
f 2258//2279 2259//2280 1344//2281 
f 2259//2280 1323//2282 1344//2281 
f 1324//2283 1323//2282 2260//2284 
f 1323//2282 2259//2280 2260//2284 
f 1387//2285 1370//2286 2261//2287 
f 2262//2288 2261//2287 1370//2286 
f 1370//2286 1324//2283 2262//2288 
f 1379//2289 1398//2290 2263//2291 
f 2264//2292 2263//2291 1398//2290 
f 1398//2290 1387//2285 2264//2292 
f 2265//2293 2266//2294 1378//2295 
f 2266//2294 1356//2296 1378//2295 
f 1357//2297 1356//2296 2267//2298 
f 1356//2296 2266//2294 2267//2298 
f 1322//2299 1342//2300 2268//2301 
f 2269//2302 2268//2301 1342//2300 
f 1342//2300 1357//2297 2269//2302 
f 2270//2303 2271//2304 1321//2305 
f 2271//2304 1300//2306 1321//2305 
f 1321//2305 1322//2299 2270//2303 
f 2272//2307 2273//2308 1297//2309 
f 2273//2308 1298//2310 1297//2309 
f 1299//2311 1298//2310 2274//2312 
f 1298//2310 2273//2308 2274//2312 
f 1291//2313 1290//2314 2275//2315 
f 2276//2316 2275//2315 1290//2314 
f 1290//2314 1299//2311 2276//2316 
f 2277//2317 2278//2318 1281//2319 
f 2278//2318 1282//2320 1281//2319 
f 1281//2319 1291//2313 2277//2317 
f 2279//2321 2280//2322 1262//2323 
f 2280//2322 1248//2324 1262//2323 
f 1249//2325 1248//2324 2281//2326 
f 1248//2324 2280//2322 2281//2326 
f 1247//2327 1246//2328 2282//2329 
f 2283//2330 2282//2329 1246//2328 
f 1246//2328 1249//2325 2283//2330 
f 2284//2331 1280//2332 1261//2333 
f 1261//2333 2285//2334 2284//2331 
f 1261//2333 1247//2327 2285//2334 
f 2286//2335 2287//2336 1229//2337 
f 2287//2336 1227//2338 1229//2337 
f 1228//2339 1227//2338 2288//2340 
f 1227//2338 2287//2336 2288//2340 
f 1226//2341 2289//2342 2290//2343 
f 2290//2343 1225//2344 1226//2341 
f 1226//2341 1228//2339 2289//2342 
f 2291//2345 1211//2346 1224//2347 
f 1224//2347 2292//2348 2291//2345 
f 1224//2347 1225//2344 2292//2348 
f 2293//2349 2294//2350 1212//2351 
f 2294//2350 1222//2352 1212//2351 
f 1223//2353 1222//2352 2295//2354 
f 1222//2352 2294//2350 2295//2354 
f 1341//2355 1340//2356 2296//2357 
f 2297//2358 2296//2357 1340//2356 
f 1340//2356 1223//2353 2297//2358 
f 2298//2359 2299//2360 1355//2361 
f 2299//2360 1338//2362 1355//2361 
f 1355//2361 1341//2355 2298//2359 
f 2300//2363 2301//2364 1339//2365 
f 2301//2364 1312//2366 1339//2365 
f 1313//2367 1312//2366 2302//2368 
f 1312//2366 2301//2364 2302//2368 
f 1311//2369 1310//2370 2303//2371 
f 2304//2372 2303//2371 1310//2370 
f 1310//2370 1313//2367 2304//2372 
f 2305//2373 2306//2374 1309//2375 
f 2306//2374 1296//2376 1309//2375 
f 1309//2375 1311//2369 2305//2373 
f 2307//2377 2308//2378 1277//2379 
f 2308//2378 1278//2380 1277//2379 
f 1279//2381 1278//2380 2309//2382 
f 1278//2380 2308//2378 2309//2382 
f 1276//2383 1289//2384 2310//2385 
f 2311//2386 2310//2385 1289//2384 
f 1289//2384 1279//2381 2311//2386 
f 1244//2387 1275//2388 2312//2389 
f 2313//2390 2312//2389 1275//2388 
f 1275//2388 1276//2383 2313//2390 
f 2314//2391 2315//2392 1245//2393 
f 2315//2392 1243//2394 1245//2393 
f 1243//2394 2315//2392 2316//2395 
f 2316//2395 1242//2396 1243//2394 
f 1240//2397 1241//2398 2317//2399 
f 2318//2400 2317//2399 1241//2398 
f 1241//2398 1242//2396 2318//2400 
f 2319//2401 2320//2402 1221//2403 
f 2320//2402 1210//2404 1221//2403 
f 1221//2403 1240//2397 2319//2401 
f 2321//2405 2322//2406 1200//2407 
f 2322//2406 1183//2408 1200//2407 
f 1183//2408 2322//2406 2323//2409 
f 2323//2409 1184//2410 1183//2408 
f 1162//2411 1161//2412 2324//2413 
f 2325//2414 2324//2413 1161//2412 
f 1161//2412 1184//2410 2325//2414 
f 1160//2415 1159//2416 2326//2417 
f 2327//2418 2326//2417 1159//2416 
f 1159//2416 1162//2411 2327//2418 
f 2328//2419 2329//2420 1182//2421 
f 2329//2420 1180//2422 1182//2421 
f 1182//2421 1160//2415 2328//2419 
f 1181//2423 1180//2422 2330//2424 
f 1273//2425 1274//2426 2331//2427 
f 2332//2428 2331//2427 1274//2426 
f 1274//2426 1181//2423 2332//2428 
f 1259//2429 1260//2430 2333//2431 
f 2334//2432 2333//2431 1260//2430 
f 1260//2430 1273//2425 2334//2432 
f 1207//2433 1209//2434 2335//2435 
f 2336//2436 2335//2435 1209//2434 
f 1209//2434 1259//2429 2336//2436 
f 1208//2437 1207//2433 2337//2438 
f 1179//2439 1178//2440 2338//2441 
f 2339//2442 2338//2441 1178//2440 
f 1178//2440 1208//2437 2339//2442 
f 1157//2443 1158//2444 2340//2445 
f 2341//2446 2340//2445 1158//2444 
f 1158//2444 1179//2439 2341//2446 
f 2342//2447 2343//2448 1155//2449 
f 2343//2448 1156//2450 1155//2449 
f 1155//2449 1157//2443 2342//2447 
f 1152//2451 1156//2450 2344//2452 
f 2345//2453 1153//2454 1152//2451 
f 1154//2455 1153//2454 2346//2456 
f 1153//2454 2345//2453 2346//2456 
f 1198//2457 1199//2458 2347//2459 
f 2348//2460 2347//2459 1199//2458 
f 1199//2458 1154//2455 2348//2460 
f 2349//2461 2350//2462 1151//2463 
f 2350//2462 1150//2464 1151//2463 
f 1151//2463 1198//2457 2349//2461 
f 1128//2465 1150//2464 2351//2466 
f 2352//2467 1127//2468 1128//2465 
f 1117//2469 1127//2468 2353//2470 
f 1127//2468 2352//2467 2353//2470 
f 1116//2471 1110//2472 2354//2473 
f 2355//2474 2354//2473 1110//2472 
f 1110//2472 1117//2469 2355//2474 
f 2356//2475 2357//2476 1109//2477 
f 2357//2476 1100//2478 1109//2477 
f 1109//2477 1116//2471 2356//2475 
f 1101//2479 1100//2478 2358//2480 
f 2359//2481 1099//2482 1101//2479 
f 1086//2483 1099//2482 2360//2484 
f 1099//2482 2359//2481 2360//2484 
f 1085//2485 1084//2486 2361//2487 
f 2362//2488 2361//2487 1084//2486 
f 1084//2486 1086//2483 2362//2488 
f 2363//2489 2364//2490 1072//2491 
f 2364//2490 1070//2492 1072//2491 
f 1072//2491 1085//2485 2363//2489 
f 1078//2493 1070//2492 2365//2494 
f 2366//2495 1068//2496 1078//2493 
f 1069//2497 1068//2496 2367//2498 
f 1068//2496 2366//2495 2367//2498 
f 2368//2499 2369//2500 1067//2501 
f 2369//2500 1077//2502 1067//2501 
f 1067//2501 1069//2497 2368//2499 
f 1071//2503 1077//2502 2370//2504 
f 2371//2505 1125//2506 1071//2503 
f 1126//2507 1125//2506 2372//2508 
f 1125//2506 2371//2505 2372//2508 
f 1177//2509 2373//2510 2374//2511 
f 2374//2511 1149//2512 1177//2509 
f 1177//2509 1126//2507 2373//2510 
f 2375//2513 2376//2514 1148//2515 
f 2376//2514 1135//2516 1148//2515 
f 1115//2517 1135//2516 2377//2518 
f 2378//2519 1097//2520 1115//2517 
f 1135//2516 2376//2514 2377//2518 
f 1098//2521 1097//2520 2379//2522 
f 1097//2520 2378//2519 2379//2522 
f 1108//2523 2380//2524 2381//2525 
f 2381//2525 1095//2526 1108//2523 
f 1108//2523 1098//2521 2380//2524 
f 2382//2527 2383//2528 1096//2529 
f 2383//2528 1094//2530 1096//2529 
f 1083//2531 1094//2530 2384//2532 
f 2385//2533 1093//2534 1083//2531 
f 1094//2530 2383//2528 2384//2532 
f 1076//2535 1093//2534 2386//2536 
f 1093//2534 2385//2533 2386//2536 
f 1123//2537 2387//2538 2388//2539 
f 2388//2539 1134//2540 1123//2537 
f 1123//2537 1076//2535 2387//2538 
f 2389//2541 2390//2542 1124//2543 
f 2390//2542 1239//2544 1124//2543 
f 1206//2545 1239//2544 2391//2546 
f 2392//2547 1205//2548 1206//2545 
f 1239//2544 2390//2542 2391//2546 
f 1197//2549 1205//2548 2393//2550 
f 1205//2548 2392//2547 2393//2550 
f 1195//2551 2394//2552 2395//2553 
f 2395//2553 1196//2554 1195//2551 
f 1195//2551 1197//2549 2394//2552 
f 2396//2555 2397//2556 1175//2557 
f 2397//2556 1176//2558 1175//2557 
f 2398//2559 2399//2560 1174//2561 
f 2399//2560 1147//2562 1174//2561 
f 1176//2558 2397//2556 2398//2559 
f 1133//2563 1147//2562 2400//2564 
f 1147//2562 2399//2560 2400//2564 
f 1417//2565 1416//2566 2401//2567 
f 2402//2568 2401//2567 1416//2566 
f 1416//2566 1133//2563 2402//2568 
f 2403//2569 2404//2570 1415//2571 
f 2404//2570 1421//2572 1415//2571 
f 1415//2571 1417//2565 2403//2569 
f 1420//2573 1421//2572 2405//2574 
f 2406//2575 1411//2576 1420//2573 
f 1412//2577 1411//2576 2407//2578 
f 1411//2576 2406//2575 2407//2578 
f 1397//2579 1396//2580 2408//2581 
f 2409//2582 2408//2581 1396//2580 
f 1396//2580 1412//2577 2409//2582 
f 2410//2583 2411//2584 1403//2585 
f 2411//2584 1404//2586 1403//2585 
f 1403//2585 1397//2579 2410//2583 
f 2412//2587 2413//2588 1402//2589 
f 2413//2588 1394//2590 1402//2589 
f 1395//2591 1394//2590 2414//2592 
f 1394//2590 2413//2588 2414//2592 
f 1414//2593 1410//2594 2415//2595 
f 2416//2596 2415//2595 1410//2594 
f 1410//2594 1395//2591 2416//2596 
f 2417//2597 2418//2598 1419//2599 
f 2418//2598 1413//2600 1419//2599 
f 1419//2599 1414//2593 2417//2597 
f 1418//2601 1413//2600 2419//2602 
f 1409//2603 1408//2604 2420//2605 
f 2421//2606 2420//2605 1408//2604 
f 1408//2604 1418//2601 2421//2606 
f 1392//2607 1393//2608 2422//2609 
f 2423//2610 2422//2609 1393//2608 
f 1393//2608 1409//2603 2423//2610 
f 2424//2611 2425//2612 1401//2613 
f 2425//2612 1386//2614 1401//2613 
f 1401//2613 1392//2607 2424//2611 
f 2426//2615 2427//2616 1391//2617 
f 2427//2616 1368//2618 1391//2617 
f 1369//2619 1368//2618 2428//2620 
f 1368//2618 2427//2616 2428//2620 
f 1377//2621 1376//2622 2429//2623 
f 2430//2624 2429//2623 1376//2622 
f 1376//2622 1369//2619 2430//2624 
f 1320//2625 1354//2626 2431//2627 
f 2432//2628 2431//2627 1354//2626 
f 1354//2626 1377//2621 2432//2628 
f 1320//2625 2433//2629 2434//2630 
f 1352//2631 1367//2632 2435//2633 
f 2434//2630 2435//2633 1367//2632 
f 1367//2632 1337//2634 2434//2630 
f 1365//2635 1353//2636 2436//2637 
f 2437//2638 2436//2637 1353//2636 
f 1353//2636 1352//2631 2437//2638 
f 1365//2635 2438//2639 2439//2640 
f 2439//2640 1400//2641 1366//2642 
f 2439//2640 1366//2642 1365//2635 
f 1407//2643 1400//2641 2440//2644 
f 1400//2641 2441//2645 2440//2644 
f 1384//2646 2442//2647 2443//2648 
f 2443//2648 1385//2649 1384//2646 
f 1384//2646 1407//2643 2442//2647 
f 2444//2650 1383//2651 1390//2652 
f 1390//2652 2445//2653 2444//2650 
f 1390//2652 1385//2649 2445//2653 
f 2446//2654 2447//2655 1375//2656 
f 2447//2655 1364//2657 1375//2656 
f 1363//2658 1364//2657 2448//2659 
f 2449//2660 1351//2661 1363//2658 
f 1364//2657 2447//2655 2448//2659 
f 1351//2661 2449//2660 2450//2662 
f 2450//2662 1336//2663 1351//2661 
f 2451//2664 1335//2665 1319//2666 
f 1319//2666 2452//2667 2451//2664 
f 1319//2666 1336//2663 2452//2667 
f 2453//2668 2454//2669 1318//2670 
f 2454//2669 1308//2671 1318//2670 
f 1295//2672 1308//2671 2455//2673 
f 2456//2674 1288//2675 1295//2672 
f 1308//2671 2454//2669 2455//2673 
f 1288//2675 2456//2674 2457//2676 
f 2457//2676 1272//2677 1288//2675 
f 2458//2678 1287//2679 1271//2680 
f 1271//2680 2459//2681 2458//2678 
f 2460//2682 2461//2683 1294//2684 
f 2461//2683 1307//2685 1294//2684 
f 1287//2679 2458//2678 2460//2682 
f 2462//2686 1306//2687 1286//2688 
f 1307//2685 2461//2683 2463//2689 
f 2463//2689 1286//2688 1307//2685 
f 1306//2687 2462//2686 2464//2690 
f 2464//2690 1285//2691 1306//2687 
f 2465//2692 1284//2693 1305//2694 
f 1305//2694 2466//2695 2465//2692 
f 2467//2696 1270//2697 1258//2698 
f 1258//2698 2468//2699 2467//2696 
f 1284//2693 2465//2692 2468//2699 
f 2469//2700 1269//2701 1257//2702 
f 1270//2697 2467//2696 2470//2703 
f 2470//2703 1257//2702 1270//2697 
f 1269//2701 2469//2700 2471//2704 
f 2471//2704 1238//2705 1269//2701 
f 2472//2706 1256//2707 1283//2708 
f 1283//2708 2473//2709 2472//2706 
f 2474//2710 1362//2711 1293//2712 
f 1293//2712 2475//2713 2474//2710 
f 1256//2707 2472//2706 2475//2713 
f 2476//2714 1350//2715 1374//2716 
f 1362//2711 2474//2710 2477//2717 
f 2477//2717 1374//2716 1362//2711 
f 1350//2715 2476//2714 2478//2718 
f 2478//2718 1334//2719 1350//2715 
f 2479//2720 1317//2721 1333//2722 
f 1333//2722 2480//2723 2479//2720 
f 2481//2724 2482//2725 1332//2726 
f 2482//2725 1304//2727 1332//2726 
f 1317//2721 2479//2720 2481//2724 
f 1316//2728 1304//2727 2483//2729 
f 2484//2730 1303//2731 1316//2728 
f 1304//2727 2482//2725 2483//2729 
f 1303//2731 2484//2730 2485//2732 
f 2485//2732 1292//2733 1303//2731 
f 2486//2734 1255//2735 1268//2736 
f 1268//2736 2487//2737 2486//2734 
f 2488//2738 2134//2032 1267//2739 
f 2134//2032 1220//2031 1267//2739 
f 1255//2735 2486//2734 2488//2738 
f 1267//2739 1255//2735 2488//2738 
f 1268//2736 1292//2733 2487//2737 
f 2485//2732 2487//2737 1292//2733 
f 2483//2729 2484//2730 1316//2728 
f 1332//2726 1317//2721 2481//2724 
f 1333//2722 1334//2719 2480//2723 
f 2478//2718 2480//2723 1334//2719 
f 1374//2716 2477//2717 2476//2714 
f 1293//2712 1256//2707 2475//2713 
f 1283//2708 1238//2705 2473//2709 
f 2471//2704 2473//2709 1238//2705 
f 1257//2702 2470//2703 2469//2700 
f 1258//2698 1284//2693 2468//2699 
f 1305//2694 1285//2691 2466//2695 
f 2464//2690 2466//2695 1285//2691 
f 1286//2688 2463//2689 2462//2686 
f 1294//2684 1287//2679 2460//2682 
f 1271//2680 1272//2677 2459//2681 
f 2457//2676 2459//2681 1272//2677 
f 2455//2673 2456//2674 1295//2672 
f 1318//2670 1335//2665 2453//2668 
f 2451//2664 2453//2668 1335//2665 
f 2450//2662 2452//2667 1336//2663 
f 2448//2659 2449//2660 1363//2658 
f 1375//2656 1383//2651 2446//2654 
f 2444//2650 2446//2654 1383//2651 
f 2443//2648 2445//2653 1385//2649 
f 2440//2644 2442//2647 1407//2643 
f 2439//2640 2441//2645 1400//2641 
f 2436//2637 2438//2639 1365//2635 
f 2435//2633 2437//2638 1352//2631 
f 2434//2630 1337//2634 1320//2625 
f 2431//2627 2433//2629 1320//2625 
f 2429//2623 2432//2628 1377//2621 
f 2428//2620 2430//2624 1369//2619 
f 1391//2617 1386//2614 2426//2615 
f 2425//2612 2426//2615 1386//2614 
f 2422//2609 2424//2611 1392//2607 
f 2420//2605 2423//2610 1409//2603 
f 2419//2602 2421//2606 1418//2601 
f 2418//2598 2419//2602 1413//2600 
f 2415//2595 2417//2597 1414//2593 
f 2414//2592 2416//2596 1395//2591 
f 1402//2589 1404//2586 2412//2587 
f 2411//2584 2412//2587 1404//2586 
f 2408//2581 2410//2583 1397//2579 
f 2407//2578 2409//2582 1412//2577 
f 2405//2574 2406//2575 1420//2573 
f 2404//2570 2405//2574 1421//2572 
f 2401//2567 2403//2569 1417//2565 
f 2400//2564 2402//2568 1133//2563 
f 1174//2561 1176//2558 2398//2559 
f 1175//2557 1196//2554 2396//2555 
f 2395//2553 2396//2555 1196//2554 
f 2393//2550 2394//2552 1197//2549 
f 2391//2546 2392//2547 1206//2545 
f 1124//2543 1134//2540 2389//2541 
f 2388//2539 2389//2541 1134//2540 
f 2386//2536 2387//2538 1076//2535 
f 2384//2532 2385//2533 1083//2531 
f 1096//2529 1095//2526 2382//2527 
f 2381//2525 2382//2527 1095//2526 
f 2379//2522 2380//2524 1098//2521 
f 2377//2518 2378//2519 1115//2517 
f 1148//2515 1149//2512 2375//2513 
f 2374//2511 2375//2513 1149//2512 
f 2372//2508 2373//2510 1126//2507 
f 2370//2504 2371//2505 1071//2503 
f 2369//2500 2370//2504 1077//2502 
f 2367//2498 2368//2499 1069//2497 
f 2365//2494 2366//2495 1078//2493 
f 2364//2490 2365//2494 1070//2492 
f 2361//2487 2363//2489 1085//2485 
f 2360//2484 2362//2488 1086//2483 
f 2358//2480 2359//2481 1101//2479 
f 2357//2476 2358//2480 1100//2478 
f 2354//2473 2356//2475 1116//2471 
f 2353//2470 2355//2474 1117//2469 
f 2351//2466 2352//2467 1128//2465 
f 2350//2462 2351//2466 1150//2464 
f 2347//2459 2349//2461 1198//2457 
f 2346//2456 2348//2460 1154//2455 
f 2344//2452 2345//2453 1152//2451 
f 2343//2448 2344//2452 1156//2450 
f 2340//2445 2342//2447 1157//2443 
f 2338//2441 2341//2446 1179//2439 
f 2337//2438 2339//2442 1208//2437 
f 2335//2435 2337//2438 1207//2433 
f 2333//2431 2336//2436 1259//2429 
f 2331//2427 2334//2432 1273//2425 
f 2330//2424 2332//2428 1181//2423 
f 2329//2420 2330//2424 1180//2422 
f 2326//2417 2328//2419 1160//2415 
f 2324//2413 2327//2418 1162//2411 
f 2323//2409 2325//2414 1184//2410 
f 1200//2407 1210//2404 2321//2405 
f 2320//2402 2321//2405 1210//2404 
f 2317//2399 2319//2401 1240//2397 
f 2316//2395 2318//2400 1242//2396 
f 1245//2393 1244//2387 2314//2391 
f 2312//2389 2314//2391 1244//2387 
f 2310//2385 2313//2390 1276//2383 
f 2309//2382 2311//2386 1279//2381 
f 1277//2379 1296//2376 2307//2377 
f 2306//2374 2307//2377 1296//2376 
f 2303//2371 2305//2373 1311//2369 
f 2302//2368 2304//2372 1313//2367 
f 1339//2365 1338//2362 2300//2363 
f 2299//2360 2300//2363 1338//2362 
f 2296//2357 2298//2359 1341//2355 
f 2295//2354 2297//2358 1223//2353 
f 1212//2351 1211//2346 2293//2349 
f 2291//2345 2293//2349 1211//2346 
f 2290//2343 2292//2348 1225//2344 
f 2288//2340 2289//2342 1228//2339 
f 1229//2337 1280//2332 2286//2335 
f 2284//2331 2286//2335 1280//2332 
f 2282//2329 2285//2334 1247//2327 
f 2281//2326 2283//2330 1249//2325 
f 1262//2323 1282//2320 2279//2321 
f 2278//2318 2279//2321 1282//2320 
f 2275//2315 2277//2317 1291//2313 
f 2274//2312 2276//2316 1299//2311 
f 1297//2309 1300//2306 2272//2307 
f 2271//2304 2272//2307 1300//2306 
f 2268//2301 2270//2303 1322//2299 
f 2267//2298 2269//2302 1357//2297 
f 1378//2295 1379//2289 2265//2293 
f 2263//2291 2265//2293 1379//2289 
f 2261//2287 2264//2292 1387//2285 
f 2260//2284 2262//2288 1324//2283 
f 1344//2281 1343//2278 2258//2279 
f 2257//2276 2258//2279 1343//2278 
f 2255//2274 2256//2275 1346//2273 
f 2253//2270 2254//2271 1325//2269 
f 2252//2266 2253//2270 1347//2268 
f 2249//2263 2251//2265 1359//2261 
f 2247//2259 2250//2264 1371//2257 
f 2246//2255 2248//2260 1382//2256 
f 1389//2253 1388//2247 2244//2251 
f 2242//2249 2244//2251 1388//2247 
f 2240//2245 2243//2250 1406//2243 
f 2239//2242 2241//2246 1373//2241 
f 1327//2239 1315//2236 2237//2237 
f 2236//2235 2237//2237 1315//2236 
f 2234//2232 2235//2234 1302//2231 
f 2232//2228 2233//2229 1328//2227 
f 1348//2225 1361//2220 2230//2223 
f 2228//2219 2230//2223 1361//2220 
f 2227//2218 2229//2222 1330//2217 
f 2225//2214 2226//2215 1214//2213 
f 1164//2211 1163//2208 2223//2209 
f 2222//2207 2223//2209 1163//2208 
f 2220//2204 2221//2206 1166//2203 
f 2218//2200 2219//2201 1186//2199 
f 1201//2197 1215//2194 2216//2195 
f 2215//2193 2216//2195 1215//2194 
f 2212//2189 2214//2192 1230//2187 
f 2211//2186 2213//2190 1102//2185 
f 1103//2183 1105//2180 2209//2181 
f 2208//2179 2209//2181 1105//2180 
f 2205//2175 2207//2178 1089//2174 
f 2204//2171 2206//2176 1088//2172 
f 1118//2169 1120//2163 2202//2167 
f 2200//2165 2202//2167 1120//2163 
f 2198//2161 2201//2166 1130//2159 
f 2197//2158 2199//2162 1139//2157 
f 1137//2155 1167//2149 2195//2153 
f 2193//2151 2195//2153 1167//2149 
f 2191//2147 2194//2152 1079//2145 
f 2190//2144 2192//2148 1073//2143 
f 2189//2140 2190//2144 1081//2142 
f 2186//2137 2188//2139 1075//2135 
f 2184//2133 2187//2138 1091//2131 
f 2183//2130 2185//2134 1112//2129 
f 2182//2126 2183//2130 1107//2128 
f 2179//2123 2181//2125 1114//2121 
f 2177//2119 2180//2124 1121//2117 
f 2176//2116 2178//2120 1140//2115 
f 2175//2112 2176//2116 1132//2114 
f 2172//2109 2174//2111 1142//2107 
f 2170//2105 2173//2110 1169//2103 
f 2169//2101 2171//2106 1188//2102 
f 1170//2099 1144//2093 2167//2097 
f 2165//2095 2167//2097 1144//2093 
f 2163//2091 2166//2096 1172//2089 
f 2162//2088 2164//2092 1189//2087 
f 2160//2085 2162//2088 1202//2083 
f 2158//2081 2161//2086 1217//2079 
f 2156//2077 2159//2082 1232//2075 
f 2155//2074 2157//2078 1264//2073 
f 2154//2071 2155//2074 1263//2072 
f 2151//2067 2153//2070 1218//2065 
f 2149//2063 2152//2068 1190//2061 
f 2148//2060 2150//2064 1146//2059 
f 1192//2057 1204//2051 2146//2055 
f 2144//2053 2146//2055 1204//2051 
f 2142//2049 2145//2054 1219//2047 
f 2141//2046 2143//2050 1235//2045 
f 2139//2042 2140//2043 1252//2041 
f 2137//2039 2139//2042 1254//2037 
f 2135//2035 2138//2040 1266//2033 
f 2134//2032 2136//2036 1236//2030 
o mesh6
f 2134//2740 2488//2741 2489//2742 
f 2488//2741 2490//2741 2489//2742 
f 2486//2743 2487//2744 2491//2745 
f 2487//2744 2492//2746 2491//2745 
f 2491//2745 2490//2741 2486//2743 
f 2490//2741 2488//2741 2486//2743 
f 2493//2747 2494//2748 2484//2749 
f 2485//2750 2484//2749 2494//2748 
f 2494//2748 2492//2746 2485//2750 
f 2495//2751 2496//2752 2482//2753 
f 2481//2754 2497//2754 2495//2751 
f 2483//2755 2482//2753 2496//2752 
f 2496//2752 2493//2747 2483//2755 
f 2479//2756 2480//2757 2498//2758 
f 2480//2757 2499//2759 2498//2758 
f 2498//2758 2497//2754 2479//2756 
f 2497//2754 2481//2754 2479//2756 
f 2500//2760 2501//2761 2476//2762 
f 2478//2763 2476//2762 2501//2761 
f 2501//2761 2499//2759 2478//2763 
f 2502//2764 2503//2765 2474//2766 
f 2475//2767 2504//2767 2502//2764 
f 2477//2768 2474//2766 2503//2765 
f 2503//2765 2500//2760 2477//2768 
f 2472//2769 2473//2770 2505//2771 
f 2473//2770 2506//2772 2505//2771 
f 2505//2771 2504//2767 2472//2769 
f 2504//2767 2475//2767 2472//2769 
f 2507//2773 2508//2774 2469//2775 
f 2471//2776 2469//2775 2508//2774 
f 2508//2774 2506//2772 2471//2776 
f 2509//2777 2510//2778 2467//2779 
f 2468//2780 2511//2780 2509//2777 
f 2470//2781 2467//2779 2510//2778 
f 2510//2778 2507//2773 2470//2781 
f 2465//2782 2466//2783 2512//2784 
f 2466//2783 2513//2785 2512//2784 
f 2512//2784 2511//2780 2465//2782 
f 2511//2780 2468//2780 2465//2782 
f 2514//2786 2515//2787 2462//2788 
f 2464//2789 2462//2788 2515//2787 
f 2515//2787 2513//2785 2464//2789 
f 2516//2790 2517//2791 2461//2792 
f 2460//2793 2518//2793 2516//2790 
f 2463//2794 2461//2792 2517//2791 
f 2517//2791 2514//2786 2463//2794 
f 2519//2795 2520//2796 2459//2797 
f 2458//2798 2459//2797 2520//2796 
f 2520//2796 2518//2793 2458//2798 
f 2518//2793 2460//2793 2458//2798 
f 2521//2799 2522//2800 2456//2801 
f 2457//2802 2456//2801 2522//2800 
f 2522//2800 2519//2795 2457//2802 
f 2454//2803 2453//2804 2523//2805 
f 2453//2804 2524//2806 2523//2805 
f 2523//2805 2525//2807 2454//2803 
f 2455//2808 2454//2803 2525//2807 
f 2525//2807 2521//2799 2455//2808 
f 2526//2809 2527//2810 2452//2811 
f 2451//2812 2452//2811 2527//2810 
f 2527//2810 2524//2806 2451//2812 
f 2528//2813 2529//2814 2449//2815 
f 2450//2816 2449//2815 2529//2814 
f 2529//2814 2526//2809 2450//2816 
f 2447//2817 2446//2818 2530//2819 
f 2446//2818 2531//2820 2530//2819 
f 2530//2819 2532//2821 2447//2817 
f 2448//2822 2447//2817 2532//2821 
f 2532//2821 2528//2813 2448//2822 
f 2444//2823 2445//2824 2533//2825 
f 2445//2824 2534//2826 2533//2825 
f 2533//2825 2531//2820 2444//2823 
f 2535//2827 2536//2828 2442//2829 
f 2443//2830 2442//2829 2536//2828 
f 2536//2828 2534//2826 2443//2830 
f 2537//2831 2538//2832 2441//2833 
f 2439//2834 2539//2834 2537//2831 
f 2440//2835 2441//2833 2538//2832 
f 2538//2832 2535//2827 2440//2835 
f 2539//2834 2439//2834 2438//2836 
f 2438//2836 2540//2837 2539//2834 
f 2541//2838 2542//2839 2437//2840 
f 2435//2841 2543//2841 2541//2838 
f 2436//2842 2437//2840 2542//2839 
f 2542//2839 2540//2837 2436//2842 
f 2544//2843 2545//2844 2433//2845 
f 2545//2844 2543//2841 2434//2846 
f 2434//2846 2433//2845 2545//2844 
f 2543//2841 2435//2841 2434//2846 
f 2546//2847 2547//2848 2432//2849 
f 2431//2850 2432//2849 2547//2848 
f 2547//2848 2544//2843 2431//2850 
f 2548//2851 2549//2852 2430//2853 
f 2428//2854 2550//2854 2548//2851 
f 2429//2855 2430//2853 2549//2852 
f 2549//2852 2546//2847 2429//2855 
f 2427//2856 2426//2857 2551//2858 
f 2426//2857 2552//2859 2551//2858 
f 2551//2858 2550//2854 2427//2856 
f 2550//2854 2428//2854 2427//2856 
f 2553//2860 2554//2861 2424//2862 
f 2425//2863 2424//2862 2554//2861 
f 2554//2861 2552//2859 2425//2863 
f 2420//2864 2555//2864 2556//2865 
f 2556//2865 2423//2866 2420//2864 
f 2422//2867 2423//2866 2557//2868 
f 2557//2868 2553//2860 2422//2867 
f 2421//2869 2419//2870 2558//2871 
f 2419//2870 2559//2872 2558//2871 
f 2558//2871 2555//2864 2421//2869 
f 2555//2864 2420//2864 2421//2869 
f 2560//2873 2561//2874 2417//2875 
f 2418//2876 2417//2875 2561//2874 
f 2561//2874 2559//2872 2418//2876 
f 2414//2877 2562//2877 2563//2878 
f 2563//2878 2416//2879 2414//2877 
f 2415//2880 2416//2879 2564//2881 
f 2564//2881 2560//2873 2415//2880 
f 2413//2882 2412//2883 2565//2884 
f 2412//2883 2566//2885 2565//2884 
f 2565//2884 2562//2877 2413//2882 
f 2562//2877 2414//2877 2413//2882 
f 2567//2886 2568//2887 2410//2888 
f 2411//2889 2410//2888 2568//2887 
f 2568//2887 2566//2885 2411//2889 
f 2569//2890 2570//2891 2409//2892 
f 2408//2893 2409//2892 2570//2891 
f 2570//2891 2567//2886 2408//2893 
f 2406//2894 2405//2895 2571//2896 
f 2405//2895 2572//2897 2571//2896 
f 2571//2896 2573//2898 2406//2894 
f 2407//2899 2406//2894 2573//2898 
f 2573//2898 2569//2890 2407//2899 
f 2574//2900 2575//2901 2403//2902 
f 2404//2903 2403//2902 2575//2901 
f 2575//2901 2572//2897 2404//2903 
f 2400//2904 2576//2904 2577//2905 
f 2401//2906 2402//2907 2578//2908 
f 2402//2907 2577//2905 2578//2908 
f 2578//2908 2574//2900 2401//2906 
f 2398//2909 2579//2909 2580//2910 
f 2576//2904 2400//2904 2399//2911 
f 2399//2911 2580//2910 2576//2904 
f 2395//2912 2581//2912 2582//2913 
f 2396//2914 2582//2913 2583//2915 
f 2583//2915 2397//2916 2396//2914 
f 2583//2915 2579//2909 2397//2916 
f 2579//2909 2398//2909 2397//2916 
f 2393//2917 2584//2917 2585//2918 
f 2581//2912 2395//2912 2394//2919 
f 2394//2919 2585//2918 2581//2912 
f 2391//2920 2586//2920 2587//2921 
f 2584//2917 2393//2917 2392//2922 
f 2392//2922 2587//2921 2584//2917 
f 2388//2923 2588//2923 2589//2924 
f 2590//2925 2390//2926 2389//2927 
f 2389//2927 2589//2924 2590//2925 
f 2590//2925 2586//2920 2390//2926 
f 2586//2920 2391//2920 2390//2926 
f 2386//2928 2591//2928 2592//2929 
f 2588//2923 2388//2923 2387//2930 
f 2387//2930 2592//2929 2588//2923 
f 2384//2931 2593//2931 2594//2932 
f 2591//2928 2386//2928 2385//2933 
f 2385//2933 2594//2932 2591//2928 
f 2381//2934 2595//2934 2596//2935 
f 2382//2936 2596//2935 2597//2937 
f 2597//2937 2383//2938 2382//2936 
f 2597//2937 2593//2931 2383//2938 
f 2593//2931 2384//2931 2383//2938 
f 2379//2939 2598//2939 2599//2940 
f 2595//2934 2381//2934 2380//2941 
f 2380//2941 2599//2940 2595//2934 
f 2377//2942 2600//2942 2601//2943 
f 2598//2939 2379//2939 2378//2944 
f 2378//2944 2601//2943 2598//2939 
f 2602//2945 2376//2946 2375//2947 
f 2600//2942 2377//2942 2376//2946 
f 2376//2946 2603//2948 2604//2949 
f 2376//2946 2602//2945 2603//2948 
f 2376//2946 2604//2949 2600//2942 
f 2372//2950 2605//2950 2606//2951 
f 2602//2945 2374//2952 2373//2953 
f 2373//2953 2606//2951 2602//2945 
f 2370//2954 2607//2955 2608//2956 
f 2608//2956 2371//2957 2370//2954 
f 2605//2950 2372//2950 2371//2957 
f 2371//2957 2608//2956 2605//2950 
f 2367//2958 2609//2958 2610//2959 
f 2611//2960 2369//2961 2368//2962 
f 2368//2962 2610//2959 2611//2960 
f 2611//2960 2607//2955 2369//2961 
f 2366//2963 2365//2964 2612//2965 
f 2365//2964 2613//2966 2612//2965 
f 2612//2965 2609//2958 2366//2963 
f 2609//2958 2367//2958 2366//2963 
f 2614//2967 2364//2966 2363//2968 
f 2363//2968 2615//2969 2614//2967 
f 2614//2967 2613//2966 2364//2966 
f 2616//2970 2617//2971 2362//2972 
f 2360//2973 2618//2973 2616//2970 
f 2361//2974 2362//2972 2617//2971 
f 2617//2971 2615//2969 2361//2974 
f 2359//2975 2358//2976 2619//2977 
f 2358//2976 2620//2978 2619//2977 
f 2619//2977 2618//2973 2359//2975 
f 2618//2973 2360//2973 2359//2975 
f 2621//2979 2357//2978 2356//2980 
f 2356//2980 2622//2981 2621//2979 
f 2621//2979 2620//2978 2357//2978 
f 2623//2982 2624//2983 2355//2984 
f 2353//2985 2625//2985 2623//2982 
f 2354//2986 2355//2984 2624//2983 
f 2624//2983 2622//2981 2354//2986 
f 2352//2987 2351//2988 2626//2989 
f 2351//2988 2627//2990 2626//2989 
f 2626//2989 2625//2985 2352//2987 
f 2625//2985 2353//2985 2352//2987 
f 2628//2991 2350//2990 2349//2992 
f 2349//2992 2629//2993 2628//2991 
f 2628//2991 2627//2990 2350//2990 
f 2346//2994 2630//2994 2631//2995 
f 2632//2996 2347//2997 2348//2998 
f 2348//2998 2631//2995 2632//2996 
f 2632//2996 2629//2993 2347//2997 
f 2345//2999 2344//3000 2633//3001 
f 2344//3000 2634//3002 2633//3001 
f 2633//3001 2630//2994 2345//2999 
f 2630//2994 2346//2994 2345//2999 
f 2635//3003 2343//3002 2342//3004 
f 2342//3004 2636//3005 2635//3003 
f 2635//3003 2634//3002 2343//3002 
f 2637//3006 2638//3007 2341//3008 
f 2338//3009 2639//3009 2637//3006 
f 2340//3010 2341//3008 2638//3007 
f 2638//3007 2636//3005 2340//3010 
f 2339//3011 2337//3012 2640//3013 
f 2337//3012 2641//3014 2640//3013 
f 2640//3013 2639//3009 2339//3011 
f 2639//3009 2338//3009 2339//3011 
f 2642//3015 2335//3014 2336//3016 
f 2336//3016 2643//3017 2642//3015 
f 2642//3015 2641//3014 2335//3014 
f 2331//3018 2644//3018 2645//3019 
f 2646//3020 2333//3021 2334//3022 
f 2334//3022 2645//3019 2646//3020 
f 2646//3020 2643//3017 2333//3021 
f 2330//3023 2647//3024 2648//3025 
f 2648//3025 2332//3026 2330//3023 
f 2648//3025 2644//3018 2332//3026 
f 2644//3018 2331//3018 2332//3026 
f 2328//3027 2649//3028 2650//3029 
f 2650//3029 2329//3030 2328//3027 
f 2650//3029 2647//3024 2329//3030 
f 2324//3031 2651//3031 2652//3032 
f 2653//3033 2326//3034 2327//3035 
f 2327//3035 2652//3032 2653//3033 
f 2653//3033 2649//3028 2326//3034 
f 2325//3036 2323//3037 2654//3038 
f 2323//3037 2655//3037 2654//3038 
f 2651//3031 2324//3031 2325//3036 
f 2656//3039 2322//3040 2321//3041 
f 2655//3037 2323//3037 2322//3040 
f 2322//3040 2656//3039 2657//3042 
f 2322//3040 2657//3042 2655//3037 
f 2658//3043 2659//3044 2319//3045 
f 2317//3046 2660//3046 2658//3043 
f 2320//3047 2319//3045 2659//3044 
f 2659//3044 2656//3039 2320//3047 
f 2318//3048 2316//3049 2661//3050 
f 2316//3049 2662//3049 2661//3050 
f 2660//3046 2317//3046 2318//3048 
f 2663//3051 2315//3052 2314//3053 
f 2662//3049 2316//3049 2315//3052 
f 2315//3052 2663//3051 2664//3054 
f 2315//3052 2664//3054 2662//3049 
f 2665//3055 2666//3056 2313//3057 
f 2310//3058 2667//3058 2665//3055 
f 2312//3059 2313//3057 2666//3056 
f 2666//3056 2663//3051 2312//3059 
f 2311//3060 2309//3061 2668//3062 
f 2309//3061 2669//3061 2668//3062 
f 2667//3058 2310//3058 2311//3060 
f 2308//3063 2307//3064 2670//3065 
f 2307//3064 2671//3066 2670//3065 
f 2670//3065 2669//3061 2308//3063 
f 2669//3061 2309//3061 2308//3063 
f 2672//3067 2673//3068 2305//3069 
f 2303//3070 2674//3070 2672//3067 
f 2306//3071 2305//3069 2673//3068 
f 2673//3068 2671//3066 2306//3071 
f 2304//3072 2302//3073 2675//3074 
f 2302//3073 2676//3073 2675//3074 
f 2674//3070 2303//3070 2304//3072 
f 2300//3075 2677//3076 2678//3077 
f 2678//3077 2301//3078 2300//3075 
f 2678//3077 2676//3073 2301//3078 
f 2676//3073 2302//3073 2301//3078 
f 2296//3079 2679//3079 2680//3080 
f 2681//3081 2299//3082 2298//3083 
f 2298//3083 2680//3080 2681//3081 
f 2681//3081 2677//3076 2299//3082 
f 2682//3084 2679//3079 2297//3085 
f 2295//3086 2683//3086 2682//3084 
f 2679//3079 2296//3079 2297//3085 
f 2293//3087 2684//3088 2685//3089 
f 2685//3089 2294//3090 2293//3087 
f 2685//3089 2683//3086 2294//3090 
f 2683//3086 2295//3086 2294//3090 
f 2686//3091 2291//3092 2292//3093 
f 2292//3093 2687//3094 2686//3091 
f 2686//3091 2684//3088 2291//3092 
f 2688//3095 2689//3096 2289//3097 
f 2288//3098 2690//3098 2688//3095 
f 2290//3099 2289//3097 2689//3096 
f 2689//3096 2687//3094 2290//3099 
f 2287//3100 2286//3101 2691//3102 
f 2286//3101 2692//3103 2691//3102 
f 2691//3102 2690//3098 2287//3100 
f 2690//3098 2288//3098 2287//3100 
f 2282//3104 2693//3104 2694//3105 
f 2694//3105 2285//3106 2282//3104 
f 2284//3107 2285//3106 2695//3108 
f 2695//3108 2692//3103 2284//3107 
f 2283//3109 2281//3110 2696//3111 
f 2281//3110 2697//3110 2696//3111 
f 2693//3104 2282//3104 2283//3109 
f 2279//3112 2698//3113 2699//3114 
f 2699//3114 2280//3115 2279//3112 
f 2699//3114 2697//3110 2280//3115 
f 2697//3110 2281//3110 2280//3115 
f 2275//3116 2700//3116 2701//3117 
f 2702//3118 2278//3119 2277//3120 
f 2277//3120 2701//3117 2702//3118 
f 2702//3118 2698//3113 2278//3119 
f 2274//3121 2703//3121 2704//3122 
f 2700//3116 2275//3116 2276//3123 
f 2276//3123 2704//3122 2700//3116 
f 2272//3124 2705//3125 2706//3126 
f 2706//3126 2273//3127 2272//3124 
f 2706//3126 2703//3121 2273//3127 
f 2703//3121 2274//3121 2273//3127 
f 2268//3128 2707//3128 2708//3129 
f 2709//3130 2271//3131 2270//3132 
f 2270//3132 2708//3129 2709//3130 
f 2709//3130 2705//3125 2271//3131 
f 2267//3133 2710//3133 2711//3134 
f 2707//3128 2268//3128 2269//3135 
f 2269//3135 2711//3134 2707//3128 
f 2265//3136 2712//3137 2713//3138 
f 2713//3138 2266//3139 2265//3136 
f 2713//3138 2710//3133 2266//3139 
f 2710//3133 2267//3133 2266//3139 
f 2261//3140 2714//3140 2715//3141 
f 2716//3142 2263//3143 2264//3144 
f 2264//3144 2715//3141 2716//3142 
f 2716//3142 2712//3137 2263//3143 
f 2260//3145 2717//3145 2718//3146 
f 2714//3140 2261//3140 2262//3147 
f 2262//3147 2718//3146 2714//3140 
f 2258//3148 2719//3149 2720//3150 
f 2720//3150 2259//3151 2258//3148 
f 2720//3150 2717//3145 2259//3151 
f 2717//3145 2260//3145 2259//3151 
f 2255//3152 2721//3152 2722//3153 
f 2256//3154 2722//3153 2723//3155 
f 2723//3155 2257//3156 2256//3154 
f 2723//3155 2719//3149 2257//3156 
f 2253//3157 2724//3158 2725//3159 
f 2725//3159 2254//3160 2253//3157 
f 2721//3152 2255//3152 2254//3160 
f 2254//3160 2725//3159 2721//3152 
f 2249//3161 2726//3161 2727//3162 
f 2728//3163 2252//3164 2251//3165 
f 2251//3165 2727//3162 2728//3163 
f 2728//3163 2724//3158 2252//3164 
f 2247//3166 2729//3166 2730//3167 
f 2726//3161 2249//3161 2250//3168 
f 2250//3168 2730//3167 2726//3161 
f 2246//3169 2731//3169 2732//3170 
f 2729//3166 2247//3166 2248//3171 
f 2248//3171 2732//3170 2729//3166 
f 2733//3172 2245//3173 2244//3174 
f 2731//3169 2246//3169 2245//3173 
f 2245//3173 2734//3175 2735//3176 
f 2245//3173 2733//3172 2734//3175 
f 2245//3173 2735//3176 2731//3169 
f 2240//3177 2736//3177 2737//3178 
f 2733//3172 2242//3179 2243//3180 
f 2243//3180 2737//3178 2733//3172 
f 2239//3181 2738//3181 2739//3182 
f 2736//3177 2240//3177 2241//3183 
f 2241//3183 2739//3182 2736//3177 
f 2236//3184 2740//3184 2741//3185 
f 2237//3186 2741//3185 2742//3187 
f 2742//3187 2238//3188 2237//3186 
f 2738//3181 2239//3181 2238//3188 
f 2238//3188 2742//3187 2738//3181 
f 2234//3189 2743//3189 2744//3190 
f 2740//3184 2236//3184 2235//3191 
f 2235//3191 2744//3190 2740//3184 
f 2232//3192 2745//3192 2746//3193 
f 2743//3189 2234//3189 2233//3194 
f 2233//3194 2746//3193 2743//3189 
f 2228//3195 2747//3195 2748//3196 
f 2749//3197 2231//3198 2230//3199 
f 2230//3199 2748//3196 2749//3197 
f 2745//3192 2232//3192 2231//3198 
f 2231//3198 2749//3197 2745//3192 
f 2227//3200 2750//3200 2751//3201 
f 2747//3195 2228//3195 2229//3202 
f 2229//3202 2751//3201 2747//3195 
f 2225//3203 2752//3203 2753//3204 
f 2750//3200 2227//3200 2226//3205 
f 2226//3205 2753//3204 2750//3200 
f 2754//3206 2755//3207 2223//3208 
f 2223//3208 2755//3207 2756//3209 
f 2756//3209 2224//3210 2223//3208 
f 2752//3203 2225//3203 2224//3210 
f 2224//3210 2756//3209 2752//3203 
f 2757//3211 2758//3212 2221//3213 
f 2222//3214 2221//3213 2758//3212 
f 2758//3212 2754//3206 2222//3214 
f 2759//3215 2760//3216 2219//3217 
f 2220//3218 2219//3217 2760//3216 
f 2760//3216 2757//3211 2220//3218 
f 2215//3219 2761//3219 2762//3220 
f 2763//3221 2217//3222 2216//3223 
f 2216//3223 2762//3220 2763//3221 
f 2759//3215 2218//3224 2217//3222 
f 2217//3222 2763//3221 2759//3215 
f 2212//3225 2764//3225 2765//3226 
f 2761//3219 2215//3219 2214//3227 
f 2214//3227 2765//3226 2761//3219 
f 2211//3228 2766//3228 2767//3229 
f 2764//3225 2212//3225 2213//3230 
f 2213//3230 2767//3229 2764//3225 
f 2768//3231 2769//3232 2209//3233 
f 2209//3233 2769//3232 2770//3234 
f 2770//3234 2210//3235 2209//3233 
f 2766//3228 2211//3228 2210//3235 
f 2210//3235 2770//3234 2766//3228 
f 2771//3236 2772//3237 2207//3238 
f 2208//3239 2207//3238 2772//3237 
f 2772//3237 2768//3231 2208//3239 
f 2204//3240 2773//3240 2774//3241 
f 2771//3236 2205//3242 2206//3243 
f 2206//3243 2774//3241 2771//3236 
f 2200//3244 2775//3244 2776//3245 
f 2777//3246 2203//3247 2202//3248 
f 2202//3248 2776//3245 2777//3246 
f 2773//3240 2204//3240 2203//3247 
f 2203//3247 2777//3246 2773//3240 
f 2198//3249 2778//3249 2779//3250 
f 2775//3244 2200//3244 2201//3251 
f 2201//3251 2779//3250 2775//3244 
f 2197//3252 2780//3252 2781//3253 
f 2778//3249 2198//3249 2199//3254 
f 2199//3254 2781//3253 2778//3249 
f 2193//3255 2782//3255 2783//3256 
f 2784//3257 2196//3258 2195//3259 
f 2195//3259 2783//3256 2784//3257 
f 2780//3252 2197//3252 2196//3258 
f 2196//3258 2784//3257 2780//3252 
f 2191//3260 2785//3260 2786//3261 
f 2782//3255 2193//3255 2194//3262 
f 2194//3262 2786//3261 2782//3255 
f 2190//3263 2787//3264 2788//3265 
f 2788//3265 2192//3266 2190//3263 
f 2785//3260 2191//3260 2192//3266 
f 2192//3266 2788//3265 2785//3260 
f 2789//3267 2790//3268 2188//3269 
f 2189//3270 2188//3269 2790//3268 
f 2790//3268 2791//3271 2189//3270 
f 2791//3271 2787//3264 2189//3270 
f 2792//3272 2793//3273 2187//3274 
f 2186//3275 2187//3274 2793//3273 
f 2793//3273 2789//3267 2186//3275 
f 2183//3276 2794//3277 2795//3278 
f 2795//3278 2185//3279 2183//3276 
f 2795//3278 2796//3280 2185//3279 
f 2184//3281 2185//3279 2796//3280 
f 2796//3280 2792//3272 2184//3281 
f 2797//3282 2798//3283 2181//3284 
f 2182//3285 2181//3284 2798//3283 
f 2798//3283 2794//3277 2182//3285 
f 2177//3286 2799//3286 2800//3287 
f 2797//3282 2179//3288 2180//3289 
f 2180//3289 2800//3287 2797//3282 
f 2801//3290 2178//3291 2176//3292 
f 2176//3292 2802//3293 2801//3290 
f 2799//3286 2177//3286 2178//3291 
f 2178//3291 2801//3290 2799//3286 
f 2172//3294 2803//3294 2804//3295 
f 2805//3296 2175//3297 2174//3298 
f 2174//3298 2804//3295 2805//3296 
f 2805//3296 2802//3293 2175//3297 
f 2170//3299 2806//3299 2807//3300 
f 2803//3294 2172//3294 2173//3301 
f 2173//3301 2807//3300 2803//3294 
f 2169//3302 2808//3302 2809//3303 
f 2806//3299 2170//3299 2171//3304 
f 2171//3304 2809//3303 2806//3299 
f 2810//3305 2168//3306 2167//3307 
f 2808//3302 2169//3302 2168//3306 
f 2168//3306 2811//3308 2812//3309 
f 2168//3306 2810//3305 2811//3308 
f 2168//3306 2812//3309 2808//3302 
f 2163//3310 2813//3310 2814//3311 
f 2810//3305 2165//3312 2166//3313 
f 2166//3313 2814//3311 2810//3305 
f 2160//3314 2815//3314 2816//3315 
f 2162//3316 2816//3315 2817//3317 
f 2817//3317 2164//3318 2162//3316 
f 2813//3310 2163//3310 2164//3318 
f 2164//3318 2817//3317 2813//3310 
f 2158//3319 2818//3319 2819//3320 
f 2815//3314 2160//3314 2161//3321 
f 2161//3321 2819//3320 2815//3314 
f 2156//3322 2820//3322 2821//3323 
f 2818//3319 2158//3319 2159//3324 
f 2159//3324 2821//3323 2818//3319 
f 2154//3325 2822//3325 2823//3326 
f 2155//3327 2823//3326 2824//3328 
f 2824//3328 2157//3329 2155//3327 
f 2820//3322 2156//3322 2157//3329 
f 2157//3329 2824//3328 2820//3322 
f 2151//3330 2825//3330 2826//3331 
f 2822//3325 2154//3325 2153//3332 
f 2153//3332 2826//3331 2822//3325 
f 2149//3333 2827//3333 2828//3334 
f 2825//3330 2151//3330 2152//3335 
f 2152//3335 2828//3334 2825//3330 
f 2148//3336 2829//3336 2830//3337 
f 2827//3333 2149//3333 2150//3338 
f 2150//3338 2830//3337 2827//3333 
f 2144//3339 2831//3339 2832//3340 
f 2146//3341 2832//3340 2833//3342 
f 2833//3342 2147//3343 2146//3341 
f 2829//3336 2148//3336 2147//3343 
f 2147//3343 2833//3342 2829//3336 
f 2142//3344 2834//3344 2835//3345 
f 2831//3339 2144//3339 2145//3346 
f 2145//3346 2835//3345 2831//3339 
f 2141//3347 2836//3347 2837//3348 
f 2834//3344 2142//3344 2143//3349 
f 2143//3349 2837//3348 2834//3344 
f 2137//3350 2838//3350 2839//3351 
f 2139//3352 2839//3351 2840//3353 
f 2840//3353 2140//3354 2139//3352 
f 2836//3347 2141//3347 2140//3354 
f 2140//3354 2840//3353 2836//3347 
f 2135//3355 2841//3355 2842//3356 
f 2838//3350 2137//3350 2138//3357 
f 2138//3357 2842//3356 2838//3350 
f 2134//2740 2843//3358 2844//3359 
f 2841//3355 2135//3355 2136//3360 
f 2136//3360 2844//3359 2841//3355 
f 2844//3359 2136//3360 2134//2740 
f 2842//3356 2138//3357 2135//3355 
f 2839//3351 2139//3352 2137//3350 
f 2837//3348 2143//3349 2141//3347 
f 2835//3345 2145//3346 2142//3344 
f 2832//3340 2146//3341 2144//3339 
f 2830//3337 2150//3338 2148//3336 
f 2828//3334 2152//3335 2149//3333 
f 2826//3331 2153//3332 2151//3330 
f 2823//3326 2155//3327 2154//3325 
f 2821//3323 2159//3324 2156//3322 
f 2819//3320 2161//3321 2158//3319 
f 2816//3315 2162//3316 2160//3314 
f 2814//3311 2166//3313 2163//3310 
f 2167//3307 2165//3312 2810//3305 
f 2809//3303 2171//3304 2169//3302 
f 2807//3300 2173//3301 2170//3299 
f 2804//3295 2174//3298 2172//3294 
f 2176//3292 2175//3297 2802//3293 
f 2800//3287 2180//3289 2177//3286 
f 2181//3284 2179//3288 2797//3282 
f 2183//3276 2182//3285 2794//3277 
f 2187//3274 2184//3281 2792//3272 
f 2188//3269 2186//3275 2789//3267 
f 2190//3263 2189//3270 2787//3264 
f 2786//3261 2194//3262 2191//3260 
f 2783//3256 2195//3259 2193//3255 
f 2781//3253 2199//3254 2197//3252 
f 2779//3250 2201//3251 2198//3249 
f 2776//3245 2202//3248 2200//3244 
f 2774//3241 2206//3243 2204//3240 
f 2207//3238 2205//3242 2771//3236 
f 2209//3233 2208//3239 2768//3231 
f 2767//3229 2213//3230 2211//3228 
f 2765//3226 2214//3227 2212//3225 
f 2762//3220 2216//3223 2215//3219 
f 2219//3217 2218//3224 2759//3215 
f 2221//3213 2220//3218 2757//3211 
f 2223//3208 2222//3214 2754//3206 
f 2753//3204 2226//3205 2225//3203 
f 2751//3201 2229//3202 2227//3200 
f 2748//3196 2230//3199 2228//3195 
f 2746//3193 2233//3194 2232//3192 
f 2744//3190 2235//3191 2234//3189 
f 2741//3185 2237//3186 2236//3184 
f 2739//3182 2241//3183 2239//3181 
f 2737//3178 2243//3180 2240//3177 
f 2244//3174 2242//3179 2733//3172 
f 2732//3170 2248//3171 2246//3169 
f 2730//3167 2250//3168 2247//3166 
f 2727//3162 2251//3165 2249//3161 
f 2253//3157 2252//3164 2724//3158 
f 2722//3153 2256//3154 2255//3152 
f 2258//3148 2257//3156 2719//3149 
f 2718//3146 2262//3147 2260//3145 
f 2715//3141 2264//3144 2261//3140 
f 2265//3136 2263//3143 2712//3137 
f 2711//3134 2269//3135 2267//3133 
f 2708//3129 2270//3132 2268//3128 
f 2272//3124 2271//3131 2705//3125 
f 2704//3122 2276//3123 2274//3121 
f 2701//3117 2277//3120 2275//3116 
f 2279//3112 2278//3119 2698//3113 
f 2696//3111 2693//3104 2283//3109 
f 2694//3105 2695//3108 2285//3106 
f 2286//3101 2284//3107 2692//3103 
f 2289//3097 2288//3098 2688//3095 
f 2292//3093 2290//3099 2687//3094 
f 2293//3087 2291//3092 2684//3088 
f 2297//3085 2295//3086 2682//3084 
f 2680//3080 2298//3083 2296//3079 
f 2300//3075 2299//3082 2677//3076 
f 2675//3074 2674//3070 2304//3072 
f 2305//3069 2303//3070 2672//3067 
f 2307//3064 2306//3071 2671//3066 
f 2668//3062 2667//3058 2311//3060 
f 2313//3057 2310//3058 2665//3055 
f 2314//3053 2312//3059 2663//3051 
f 2661//3050 2660//3046 2318//3048 
f 2319//3045 2317//3046 2658//3043 
f 2321//3041 2320//3047 2656//3039 
f 2654//3038 2651//3031 2325//3036 
f 2652//3032 2327//3035 2324//3031 
f 2328//3027 2326//3034 2649//3028 
f 2330//3023 2329//3030 2647//3024 
f 2645//3019 2334//3022 2331//3018 
f 2336//3016 2333//3021 2643//3017 
f 2337//3012 2335//3014 2641//3014 
f 2341//3008 2338//3009 2637//3006 
f 2342//3004 2340//3010 2636//3005 
f 2344//3000 2343//3002 2634//3002 
f 2631//2995 2348//2998 2346//2994 
f 2349//2992 2347//2997 2629//2993 
f 2351//2988 2350//2990 2627//2990 
f 2355//2984 2353//2985 2623//2982 
f 2356//2980 2354//2986 2622//2981 
f 2358//2976 2357//2978 2620//2978 
f 2362//2972 2360//2973 2616//2970 
f 2363//2968 2361//2974 2615//2969 
f 2365//2964 2364//2966 2613//2966 
f 2610//2959 2368//2962 2367//2958 
f 2370//2954 2369//2961 2607//2955 
f 2606//2951 2373//2953 2372//2950 
f 2375//2947 2374//2952 2602//2945 
f 2601//2943 2378//2944 2377//2942 
f 2599//2940 2380//2941 2379//2939 
f 2596//2935 2382//2936 2381//2934 
f 2594//2932 2385//2933 2384//2931 
f 2592//2929 2387//2930 2386//2928 
f 2589//2924 2389//2927 2388//2923 
f 2587//2921 2392//2922 2391//2920 
f 2585//2918 2394//2919 2393//2917 
f 2582//2913 2396//2914 2395//2912 
f 2580//2910 2399//2911 2398//2909 
f 2577//2905 2402//2907 2400//2904 
f 2403//2902 2401//2906 2574//2900 
f 2405//2895 2404//2903 2572//2897 
f 2409//2892 2407//2899 2569//2890 
f 2410//2888 2408//2893 2567//2886 
f 2412//2883 2411//2889 2566//2885 
f 2563//2878 2564//2881 2416//2879 
f 2417//2875 2415//2880 2560//2873 
f 2419//2870 2418//2876 2559//2872 
f 2556//2865 2557//2868 2423//2866 
f 2424//2862 2422//2867 2553//2860 
f 2426//2857 2425//2863 2552//2859 
f 2430//2853 2428//2854 2548//2851 
f 2432//2849 2429//2855 2546//2847 
f 2433//2845 2431//2850 2544//2843 
f 2437//2840 2435//2841 2541//2838 
f 2438//2836 2436//2842 2540//2837 
f 2441//2833 2439//2834 2537//2831 
f 2442//2829 2440//2835 2535//2827 
f 2445//2824 2443//2830 2534//2826 
f 2446//2818 2444//2823 2531//2820 
f 2449//2815 2448//2822 2528//2813 
f 2452//2811 2450//2816 2526//2809 
f 2453//2804 2451//2812 2524//2806 
f 2456//2801 2455//2808 2521//2799 
f 2459//2797 2457//2802 2519//2795 
f 2461//2792 2460//2793 2516//2790 
f 2462//2788 2463//2794 2514//2786 
f 2466//2783 2464//2789 2513//2785 
f 2467//2779 2468//2780 2509//2777 
f 2469//2775 2470//2781 2507//2773 
f 2473//2770 2471//2776 2506//2772 
f 2474//2766 2475//2767 2502//2764 
f 2476//2762 2477//2768 2500//2760 
f 2480//2757 2478//2763 2499//2759 
f 2482//2753 2481//2754 2495//2751 
f 2484//2749 2483//2755 2493//2747 
f 2487//2744 2485//2750 2492//2746 
f 2489//2742 2843//3358 2134//2740 
o mesh7
f 2844//3361 2843//3362 1960//3363 
f 2843//3362 1948//3364 1960//3363 
f 1962//3365 1961//3366 2841//3367 
f 2842//3368 2841//3367 1961//3366 
f 1961//3366 1995//3369 2842//3368 
f 1995//3369 1994//3370 2838//3371 
f 1994//3370 2839//3372 2838//3371 
f 2004//3373 2026//3374 2840//3375 
f 2839//3372 1994//3370 2004//3373 
f 2837//3376 2836//3377 2018//3378 
f 2836//3377 2026//3374 2018//3378 
f 2018//3378 2017//3379 2837//3376 
f 2017//3379 2040//3380 2834//3381 
f 2835//3382 2834//3381 2040//3380 
f 2040//3380 2061//3383 2835//3382 
f 2061//3383 2060//3384 2831//3385 
f 2060//3384 2832//3386 2831//3385 
f 2833//3387 2832//3386 2062//3388 
f 2832//3386 2060//3384 2062//3388 
f 2829//3389 2083//3390 1996//3391 
f 1996//3391 2830//3392 2829//3389 
f 1996//3391 1979//3393 2830//3392 
f 1978//3394 2828//3395 2827//3396 
f 2827//3396 1979//3393 1978//3394 
f 1978//3394 1950//3397 2828//3395 
f 1950//3397 1949//3398 2825//3399 
f 1949//3398 2826//3400 2825//3399 
f 2822//3401 2826//3400 1964//3402 
f 2826//3400 1949//3398 1964//3402 
f 1963//3403 2823//3404 2822//3401 
f 2823//3404 1963//3403 1980//3405 
f 1980//3405 2824//3406 2823//3404 
f 2006//3407 2821//3408 2820//3409 
f 2820//3409 2005//3410 2006//3407 
f 2006//3407 2009//3411 2821//3408 
f 2009//3411 2008//3412 2818//3413 
f 2008//3412 2819//3414 2818//3413 
f 2815//3415 2819//3414 2007//3416 
f 2819//3414 2008//3412 2007//3416 
f 2010//3417 2816//3418 2815//3415 
f 2816//3418 2010//3417 1982//3419 
f 1982//3419 2817//3420 2816//3418 
f 1983//3421 2814//3422 2813//3423 
f 2813//3423 1981//3424 1983//3421 
f 1983//3421 1985//3425 2814//3422 
f 1985//3425 1984//3426 2810//3427 
f 1984//3426 2811//3428 2810//3427 
f 2812//3429 2811//3428 1997//3430 
f 2811//3428 1984//3426 1997//3430 
f 2808//3431 2012//3432 2011//3433 
f 2011//3433 2809//3434 2808//3431 
f 2011//3433 2027//3435 2809//3434 
f 2028//3436 2807//3437 2806//3438 
f 2806//3438 2027//3435 2028//3436 
f 2063//3439 2064//3440 2803//3441 
f 2807//3437 2028//3436 2063//3439 
f 2064//3440 2804//3442 2803//3441 
f 2804//3442 2064//3440 2041//3443 
f 2041//3443 2805//3444 2804//3442 
f 2802//3445 2075//3446 2084//3447 
f 2084//3447 2801//3448 2802//3445 
f 2084//3447 2086//3449 2801//3448 
f 2085//3450 2800//3451 2799//3452 
f 2799//3452 2086//3449 2085//3450 
f 2087//3453 2111//3454 2797//3455 
f 2800//3451 2085//3450 2087//3453 
f 2111//3454 2798//3456 2797//3455 
f 2798//3456 2111//3454 2112//3457 
f 2112//3457 2794//3458 2798//3456 
f 2113//3459 2795//3460 2794//3458 
f 2120//3461 2796//3462 2795//3460 
f 2796//3462 2120//3461 2076//3463 
f 2077//3464 2793//3465 2792//3466 
f 2792//3466 2076//3463 2077//3464 
f 2793//3465 2077//3464 2043//3467 
f 2042//3468 2790//3469 2789//3470 
f 2789//3470 2043//3467 2042//3468 
f 2790//3469 2042//3468 2044//3471 
f 2044//3471 2791//3472 2790//3469 
f 2029//3473 2788//3474 2787//3475 
f 2787//3475 2030//3476 2029//3473 
f 2788//3474 2029//3473 2078//3477 
f 2066//3478 2786//3479 2785//3480 
f 2785//3480 2078//3477 2066//3478 
f 2786//3479 2066//3478 2065//3481 
f 2094//3482 2783//3483 2782//3484 
f 2782//3484 2065//3481 2094//3482 
f 2095//3485 2784//3486 2783//3483 
f 2783//3483 2094//3482 2095//3485 
f 2103//3487 2781//3488 2780//3489 
f 2780//3489 2096//3490 2103//3487 
f 2781//3488 2103//3487 2102//3491 
f 2104//3492 2779//3493 2778//3494 
f 2778//3494 2102//3491 2104//3492 
f 2121//3495 2775//3496 2779//3493 
f 2105//3497 2776//3498 2775//3496 
f 2775//3496 2121//3495 2105//3497 
f 2105//3497 2114//3499 2777//3500 
f 2133//3501 2774//3502 2773//3503 
f 2773//3503 2114//3499 2122//3504 
f 2773//3503 2122//3504 2133//3501 
f 2133//3501 2131//3505 2771//3506 
f 2772//3507 2771//3506 2131//3505 
f 2131//3505 2130//3508 2772//3507 
f 2130//3508 2115//3509 2768//3510 
f 2769//3511 2768//3510 2115//3509 
f 2115//3509 2106//3512 2769//3511 
f 2106//3512 2108//3513 2770//3514 
f 2767//3515 2766//3516 2107//3517 
f 2766//3516 2108//3513 2107//3517 
f 2107//3517 2116//3518 2767//3515 
f 2116//3518 2123//3519 2764//3520 
f 2765//3521 2764//3520 2123//3519 
f 2123//3519 2124//3522 2765//3521 
f 2124//3522 2117//3523 2761//3524 
f 2762//3525 2761//3524 2117//3523 
f 2117//3523 2127//3526 2762//3525 
f 2127//3526 2118//3527 2763//3528 
f 2760//3529 2759//3530 2125//3531 
f 2759//3530 2118//3527 2125//3531 
f 2125//3531 2128//3532 2760//3529 
f 2128//3532 2132//3533 2757//3534 
f 2758//3535 2757//3534 2132//3533 
f 2132//3533 2126//3536 2758//3535 
f 2126//3536 2129//3537 2754//3538 
f 2129//3537 2755//3539 2754//3538 
f 1903//3540 1854//3541 2756//3542 
f 2755//3539 2129//3537 1903//3540 
f 2753//3543 2752//3544 1853//3545 
f 2752//3544 1854//3541 1853//3545 
f 1853//3545 1856//3546 2753//3543 
f 1856//3546 1855//3547 2750//3548 
f 2751//3549 2750//3548 1855//3547 
f 1855//3547 1904//3550 2751//3549 
f 1904//3550 1858//3551 2747//3552 
f 1858//3551 2748//3553 2747//3552 
f 1857//3554 1905//3555 2749//3556 
f 2748//3553 1858//3551 1857//3554 
f 2746//3557 2745//3558 1926//3559 
f 2745//3558 1905//3555 1926//3559 
f 1926//3559 1927//3560 2746//3557 
f 1927//3560 1833//3561 2743//3562 
f 2744//3563 2743//3562 1833//3561 
f 1833//3561 1832//3564 2744//3563 
f 1832//3564 1812//3565 2740//3566 
f 2741//3567 2740//3566 1812//3565 
f 1812//3565 1786//3568 2741//3567 
f 1786//3568 1787//3569 2742//3570 
f 2739//3571 2738//3572 1796//3573 
f 2738//3572 1787//3569 1796//3573 
f 1796//3573 1801//3574 2739//3571 
f 1801//3574 1813//3575 2736//3576 
f 2737//3577 2736//3576 1813//3575 
f 1813//3575 1802//3578 2737//3577 
f 1802//3578 1814//3579 2733//3580 
f 2734//3581 2733//3580 1814//3579 
f 1814//3579 1816//3582 2734//3581 
f 1816//3582 1815//3583 2735//3584 
f 2731//3585 2735//3584 1815//3583 
f 1835//3586 2732//3587 2731//3585 
f 2731//3585 1834//3588 1835//3586 
f 2732//3587 1835//3586 1859//3589 
f 1841//3590 2730//3591 2729//3592 
f 2729//3592 1859//3589 1841//3590 
f 2730//3591 1841//3590 1885//3593 
f 1842//3594 2727//3595 2726//3596 
f 2726//3596 1885//3593 1842//3594 
f 2727//3595 1842//3594 1781//3597 
f 1781//3597 2728//3598 2727//3595 
f 1788//3599 2725//3600 2724//3601 
f 2724//3601 1780//3602 1788//3599 
f 2725//3600 1788//3599 1789//3603 
f 1782//3604 2722//3605 2721//3606 
f 2721//3606 1789//3603 1782//3604 
f 2722//3605 1782//3604 1790//3607 
f 1790//3607 2723//3608 2722//3605 
f 1778//3609 2720//3610 2719//3611 
f 2719//3611 1779//3612 1778//3609 
f 2720//3610 1778//3609 1783//3613 
f 1791//3614 2718//3615 2717//3616 
f 2717//3616 1783//3613 1791//3614 
f 2718//3615 1791//3614 1797//3617 
f 1803//3618 2715//3619 2714//3620 
f 2714//3620 1797//3617 1803//3618 
f 2715//3619 1803//3618 1817//3621 
f 1817//3621 2716//3622 2715//3619 
f 1829//3623 2713//3624 2712//3625 
f 2712//3625 1818//3626 1829//3623 
f 1829//3623 1828//3627 2713//3624 
f 1819//3628 2711//3629 2710//3630 
f 2710//3630 1828//3627 1819//3628 
f 1830//3631 1836//3632 2707//3633 
f 2711//3629 1819//3628 1830//3631 
f 1836//3632 2708//3634 2707//3633 
f 2708//3634 1836//3632 1843//3635 
f 1843//3635 2709//3636 2708//3634 
f 1886//3637 2706//3638 2705//3639 
f 2705//3639 1860//3640 1886//3637 
f 1886//3637 1861//3641 2706//3638 
f 1887//3642 2704//3643 2703//3644 
f 2703//3644 1861//3641 1887//3642 
f 1888//3645 1889//3646 2700//3647 
f 2704//3643 1887//3642 1888//3645 
f 1889//3646 2701//3648 2700//3647 
f 2702//3649 2701//3648 1862//3650 
f 2701//3648 1889//3646 1862//3650 
f 2698//3651 1863//3652 1890//3653 
f 1890//3653 2699//3654 2698//3651 
f 1890//3653 1837//3655 2699//3654 
f 1837//3655 1864//3656 2697//3657 
f 2696//3658 2697//3657 1864//3656 
f 1864//3656 1891//3659 2696//3658 
f 1891//3659 1892//3660 2693//3661 
f 1892//3660 2694//3662 2693//3661 
f 2695//3663 2694//3662 1906//3664 
f 2694//3662 1892//3660 1906//3664 
f 1928//3665 1951//3666 2692//3667 
f 2691//3668 2692//3667 1951//3666 
f 1951//3666 1952//3669 2691//3668 
f 1952//3669 1986//3670 2690//3671 
f 2688//3672 2690//3671 1986//3670 
f 1986//3670 1965//3673 2688//3672 
f 1965//3673 1987//3674 2689//3675 
f 2686//3676 2687//3677 1907//3678 
f 2687//3677 1987//3674 1907//3678 
f 1907//3678 1893//3679 2686//3676 
f 1893//3679 1916//3680 2684//3681 
f 2685//3682 2684//3681 1916//3680 
f 1916//3680 1865//3683 2685//3682 
f 1865//3683 1908//3684 2683//3685 
f 2682//3686 2683//3685 1908//3684 
f 1908//3684 1866//3687 2682//3686 
f 1866//3687 1895//3688 2679//3689 
f 1895//3688 2680//3690 2679//3689 
f 2681//3691 2680//3690 1894//3692 
f 2680//3690 1895//3688 1894//3692 
f 1909//3693 1917//3694 2677//3695 
f 2678//3696 2677//3695 1917//3694 
f 1917//3694 1929//3697 2678//3696 
f 1929//3697 1953//3698 2676//3699 
f 2675//3700 2676//3699 1953//3698 
f 1953//3698 1954//3701 2675//3700 
f 1954//3701 1931//3702 2674//3703 
f 1931//3702 2672//3704 2674//3703 
f 1930//3705 1955//3706 2673//3707 
f 2672//3704 1931//3702 1930//3705 
f 1955//3706 1966//3708 2671//3709 
f 2670//3710 2671//3709 1966//3708 
f 1966//3708 1998//3711 2670//3710 
f 1998//3711 1988//3712 2669//3713 
f 2669//3713 1988//3712 1999//3714 
f 1999//3714 2668//3715 2669//3713 
f 1999//3714 1990//3716 2667//3717 
f 2665//3718 2667//3717 1990//3716 
f 1990//3716 1989//3719 2665//3718 
f 1989//3719 2000//3720 2666//3721 
f 2664//3722 2663//3723 2013//3724 
f 2663//3723 2000//3720 2013//3724 
f 2013//3724 2031//3725 2664//3722 
f 2031//3725 2019//3726 2662//3727 
f 2661//3728 2662//3727 2019//3726 
f 2019//3726 2020//3729 2661//3728 
f 2020//3729 2014//3730 2660//3731 
f 2014//3730 2658//3732 2660//3731 
f 2032//3733 2067//3734 2659//3735 
f 2658//3732 2014//3730 2032//3733 
f 2067//3734 2045//3736 2656//3737 
f 2657//3738 2656//3737 2045//3736 
f 2045//3736 2079//3739 2657//3738 
f 2079//3739 2068//3740 2655//3741 
f 2654//3742 2655//3741 2068//3740 
f 2068//3740 2046//3743 2654//3742 
f 2046//3743 2033//3744 2651//3745 
f 2033//3744 2652//3746 2651//3745 
f 2653//3747 2652//3746 1967//3748 
f 2652//3746 2033//3744 1967//3748 
f 2650//3749 2649//3750 1933//3751 
f 2649//3750 1968//3752 1933//3751 
f 1933//3751 1932//3753 2650//3749 
f 1934//3754 2648//3755 2647//3756 
f 2647//3756 1932//3753 1934//3754 
f 1934//3754 1918//3757 2648//3755 
f 1918//3757 1920//3758 2644//3759 
f 1920//3758 2645//3760 2644//3759 
f 2646//3761 2645//3760 1919//3762 
f 2645//3760 1920//3758 1919//3762 
f 2643//3763 1956//3764 1969//3765 
f 1969//3765 2642//3766 2643//3763 
f 1969//3765 1991//3767 2642//3766 
f 2001//3768 2640//3769 2641//3770 
f 2641//3770 1991//3767 2001//3768 
f 2001//3768 1936//3771 2640//3769 
f 1936//3771 1935//3772 2639//3773 
f 1935//3772 2637//3774 2639//3773 
f 2638//3775 2637//3774 1970//3776 
f 2637//3774 1935//3772 1970//3776 
f 2636//3777 1971//3778 1993//3779 
f 1993//3779 2635//3780 2636//3777 
f 1993//3779 1992//3781 2635//3780 
f 1973//3782 2633//3783 2634//3784 
f 2634//3784 1992//3781 1973//3782 
f 1972//3785 2002//3786 2630//3787 
f 2633//3783 1973//3782 1972//3785 
f 2002//3786 2631//3788 2630//3787 
f 2632//3789 2631//3788 2003//3790 
f 2631//3788 2002//3786 2003//3790 
f 2629//3791 2016//3792 2015//3793 
f 2015//3793 2628//3794 2629//3791 
f 2015//3793 2023//3795 2628//3794 
f 2022//3796 2626//3797 2627//3798 
f 2627//3798 2023//3795 2022//3796 
f 2021//3799 2069//3800 2625//3801 
f 2626//3797 2022//3796 2021//3799 
f 2069//3800 2623//3802 2625//3801 
f 2624//3803 2623//3802 2047//3804 
f 2623//3802 2069//3800 2047//3804 
f 2088//3805 2621//3806 2622//3807 
f 2622//3807 2097//3808 2088//3805 
f 2088//3805 2089//3809 2621//3806 
f 2080//3810 2619//3811 2620//3812 
f 2620//3812 2089//3809 2080//3810 
f 2098//3813 2099//3814 2618//3815 
f 2619//3811 2080//3810 2098//3813 
f 2099//3814 2616//3816 2618//3815 
f 2616//3816 2099//3814 2070//3817 
f 2070//3817 2617//3818 2616//3816 
f 2049//3819 2614//3820 2615//3821 
f 2615//3821 2050//3822 2049//3819 
f 2614//3820 2049//3819 2048//3823 
f 2052//3824 2612//3825 2613//3826 
f 2613//3826 2048//3823 2052//3824 
f 2612//3825 2052//3824 2051//3827 
f 2051//3827 2609//3828 2612//3825 
f 2053//3829 2610//3830 2609//3828 
f 2610//3830 2053//3829 2054//3831 
f 2054//3831 2611//3832 2610//3830 
f 2071//3833 2608//3834 2607//3835 
f 2607//3835 2056//3836 2071//3833 
f 2608//3834 2071//3833 2055//3837 
f 2073//3838 2606//3839 2605//3840 
f 2605//3840 2055//3837 2073//3838 
f 2606//3839 2073//3838 2072//3841 
f 2090//3842 2603//3843 2602//3844 
f 2602//3844 2072//3841 2090//3842 
f 2603//3843 2090//3842 2091//3845 
f 2091//3845 2604//3846 2603//3843 
f 2081//3847 2601//3848 2600//3849 
f 2600//3849 2082//3850 2081//3847 
f 2601//3848 2081//3847 2100//3851 
f 2101//3852 2599//3853 2598//3854 
f 2598//3854 2100//3851 2101//3852 
f 2599//3853 2101//3852 2109//3855 
f 2119//3856 2596//3857 2595//3858 
f 2595//3858 2109//3855 2119//3856 
f 2119//3856 2110//3859 2597//3860 
f 2110//3859 2093//3861 2593//3862 
f 2092//3863 2594//3864 2593//3862 
f 2593//3862 2093//3861 2092//3863 
f 2092//3863 2034//3865 2591//3866 
f 2592//3867 2591//3866 2034//3865 
f 2034//3865 2024//3868 2592//3867 
f 2024//3868 2035//3869 2588//3870 
f 2589//3871 2588//3870 2035//3869 
f 2035//3869 2025//3872 2589//3871 
f 2025//3872 2037//3873 2590//3874 
f 2037//3873 2036//3875 2586//3876 
f 2587//3877 2586//3876 2036//3875 
f 2036//3875 2057//3878 2587//3877 
f 2057//3878 2058//3879 2584//3880 
f 2585//3881 2584//3880 2058//3879 
f 2058//3879 2074//3882 2585//3881 
f 2074//3882 2059//3883 2581//3884 
f 2582//3885 2581//3884 2059//3883 
f 2059//3883 2039//3886 2582//3885 
f 2039//3886 2038//3887 2583//3888 
f 2038//3887 1938//3889 2579//3890 
f 2580//3891 2579//3890 1938//3889 
f 1938//3889 1937//3892 2580//3891 
f 1937//3892 1897//3893 2576//3894 
f 2577//3895 2576//3894 1897//3893 
f 1897//3893 1896//3896 2577//3895 
f 1896//3896 1868//3897 2578//3898 
f 1867//3899 2575//3900 2574//3901 
f 2574//3901 1868//3897 1867//3899 
f 1867//3899 1869//3902 2575//3900 
f 1869//3902 1844//3903 2572//3904 
f 1844//3903 2571//3905 2572//3904 
f 2573//3906 2571//3905 1910//3907 
f 2571//3905 1844//3903 1910//3907 
f 2570//3908 2569//3909 1912//3910 
f 2569//3909 1911//3911 1912//3910 
f 1912//3910 1921//3912 2570//3908 
f 1921//3912 1939//3913 2567//3914 
f 2568//3915 2567//3914 1939//3913 
f 1939//3913 1940//3916 2568//3915 
f 1940//3916 1957//3917 2566//3918 
f 2565//3919 2566//3918 1957//3917 
f 1957//3917 1805//3920 2565//3919 
f 1804//3921 2563//3922 2562//3923 
f 2562//3923 1805//3920 1804//3921 
f 2564//3924 2563//3922 1806//3925 
f 2563//3922 1804//3921 1806//3925 
f 1807//3926 1808//3927 2560//3928 
f 2561//3929 2560//3928 1808//3927 
f 1808//3927 1809//3930 2561//3929 
f 1809//3930 1810//3931 2559//3932 
f 2558//3933 2559//3932 1810//3931 
f 1810//3931 1820//3934 2558//3933 
f 1820//3934 1821//3935 2555//3936 
f 1821//3935 2556//3937 2555//3936 
f 2557//3938 2556//3937 1831//3939 
f 2556//3937 1821//3935 1831//3939 
f 1838//3940 1839//3941 2553//3942 
f 2554//3943 2553//3942 1839//3941 
f 1839//3941 1840//3944 2554//3943 
f 1840//3944 1845//3945 2552//3946 
f 2552//3946 1845//3945 1847//3947 
f 1847//3947 2551//3948 2552//3946 
f 1846//3949 2550//3950 2551//3948 
f 1871//3951 2548//3952 2550//3950 
f 2550//3950 1846//3949 1871//3951 
f 1870//3953 2549//3954 2548//3952 
f 2549//3954 1870//3953 1799//3955 
f 1798//3956 2547//3957 2546//3958 
f 2546//3958 1799//3955 1798//3956 
f 2547//3957 1798//3956 1793//3959 
f 1792//3960 2545//3961 2544//3962 
f 2544//3962 1793//3959 1792//3960 
f 2545//3961 1792//3960 1794//3963 
f 1794//3963 2543//3964 2545//3961 
f 1795//3965 2541//3966 2543//3964 
f 1785//3967 2542//3968 2541//3966 
f 2542//3968 1785//3967 1784//3969 
f 1784//3969 1800//3970 2539//3971 
f 1800//3970 2537//3972 2539//3971 
f 2539//3971 2540//3973 1784//3969 
f 2538//3974 2537//3972 1811//3975 
f 2537//3972 1800//3970 1811//3975 
f 2535//3976 1822//3977 1823//3978 
f 1823//3978 2536//3979 2535//3976 
f 1823//3978 1825//3980 2536//3979 
f 1824//3981 2533//3982 2534//3983 
f 2534//3983 1825//3980 1824//3981 
f 1824//3981 1827//3984 2533//3982 
f 1827//3984 1826//3985 2531//3986 
f 1826//3985 2530//3987 2531//3986 
f 1848//3988 1849//3989 2532//3990 
f 2530//3987 1826//3985 1848//3988 
f 2529//3991 2528//3992 1850//3993 
f 2528//3992 1849//3989 1850//3993 
f 1850//3993 1872//3994 2529//3991 
f 1872//3994 1873//3995 2526//3996 
f 2527//3997 2526//3996 1873//3995 
f 1873//3995 1898//3998 2527//3997 
f 1898//3998 1899//3999 2524//4000 
f 2523//4001 2524//4000 1899//3999 
f 1899//3999 1875//4002 2523//4001 
f 1875//4002 1874//4003 2525//4004 
f 2522//4005 2521//4006 1852//4007 
f 2521//4006 1874//4003 1852//4007 
f 1852//4007 1851//4008 2522//4005 
f 1851//4008 1876//4009 2519//4010 
f 2520//4011 2519//4010 1876//4009 
f 1876//4009 1878//4012 2520//4011 
f 2520//4011 1878//4012 1877//4013 
f 1913//4014 2516//4015 2518//4016 
f 2518//4016 1877//4013 1913//4014 
f 1913//4014 1901//4017 2517//4018 
f 2517//4018 1901//4017 1900//4019 
f 1922//4020 2515//4021 2514//4022 
f 2514//4022 1900//4019 1922//4020 
f 2515//4021 1922//4020 1942//4023 
f 1941//4024 2512//4025 2513//4026 
f 2513//4026 1942//4023 1941//4024 
f 2512//4025 1941//4024 1958//4027 
f 1958//4027 2511//4028 2512//4025 
f 1975//4029 2509//4030 2511//4028 
f 1974//4031 2510//4032 2509//4030 
f 2509//4030 1975//4029 1974//4031 
f 1923//4033 2508//4034 2507//4035 
f 2507//4035 1924//4036 1923//4033 
f 2508//4034 1923//4033 1880//4037 
f 1879//4038 2505//4039 2506//4040 
f 2506//4040 1880//4037 1879//4038 
f 2505//4039 1879//4038 1902//4041 
f 1902//4041 2504//4042 2505//4039 
f 1882//4043 2502//4044 2504//4042 
f 1881//4045 2503//4046 2502//4044 
f 2502//4044 1882//4043 1881//4045 
f 1883//4047 2501//4048 2500//4049 
f 2500//4049 1884//4050 1883//4047 
f 2501//4048 1883//4047 1915//4051 
f 1914//4052 2498//4053 2499//4054 
f 2499//4054 1915//4051 1914//4052 
f 2498//4053 1914//4052 1925//4055 
f 1925//4055 2497//4056 2498//4053 
f 1959//4057 2495//4058 2497//4056 
f 2495//4058 1959//4057 1944//4059 
f 1944//4059 2496//4060 2495//4058 
f 1945//4061 2494//4062 2493//4063 
f 2493//4063 1943//4064 1945//4061 
f 2494//4062 1945//4061 1976//4065 
f 1977//4066 2491//4067 2492//4068 
f 2492//4068 1976//4065 1977//4066 
f 2491//4067 1977//4066 1947//4069 
f 1947//4069 2490//4070 2491//4067 
f 1946//4071 2489//4072 2490//4070 
f 1946//4071 1948//3364 2843//3362 
f 2843//3362 2489//4072 1946//4071 
f 1947//4069 1946//4071 2490//4070 
f 1976//4065 2492//4068 2494//4062 
f 2493//4063 2496//4060 1943//4064 
f 1944//4059 1943//4064 2496//4060 
f 1925//4055 1959//4057 2497//4056 
f 1915//4051 2499//4054 2501//4048 
f 2500//4049 2503//4046 1884//4050 
f 1881//4045 1884//4050 2503//4046 
f 1902//4041 1882//4043 2504//4042 
f 1880//4037 2506//4040 2508//4034 
f 2507//4035 2510//4032 1924//4036 
f 1974//4031 1924//4036 2510//4032 
f 1958//4027 1975//4029 2511//4028 
f 1942//4023 2513//4026 2515//4021 
f 1900//4019 2514//4022 2517//4018 
f 2517//4018 2516//4015 1913//4014 
f 1877//4013 2518//4016 2520//4011 
f 2519//4010 2522//4005 1851//4008 
f 2521//4006 2525//4004 1874//4003 
f 2525//4004 2523//4001 1875//4002 
f 2524//4000 2527//3997 1898//3998 
f 2526//3996 2529//3991 1872//3994 
f 2528//3992 2532//3990 1849//3989 
f 2532//3990 2530//3987 1848//3988 
f 2531//3986 2533//3982 1827//3984 
f 2534//3983 2536//3979 1825//3980 
f 2535//3976 2538//3974 1822//3977 
f 1811//3975 1822//3977 2538//3974 
f 1784//3969 2540//3973 2542//3968 
f 2541//3966 1795//3965 1785//3967 
f 1794//3963 1795//3965 2543//3964 
f 1793//3959 2544//3962 2547//3957 
f 1799//3955 2546//3958 2549//3954 
f 2548//3952 1871//3951 1870//3953 
f 2551//3948 1847//3947 1846//3949 
f 2552//3946 2554//3943 1840//3944 
f 2553//3942 2557//3938 1838//3940 
f 1831//3939 1838//3940 2557//3938 
f 2555//3936 2558//3933 1820//3934 
f 2559//3932 2561//3929 1809//3930 
f 2560//3928 2564//3924 1807//3926 
f 1806//3925 1807//3926 2564//3924 
f 2562//3923 2565//3919 1805//3920 
f 2566//3918 2568//3915 1940//3916 
f 2567//3914 2570//3908 1921//3912 
f 2569//3909 2573//3906 1911//3911 
f 1910//3907 1911//3911 2573//3906 
f 2572//3904 2575//3900 1869//3902 
f 2574//3901 2578//3898 1868//3897 
f 2578//3898 2577//3895 1896//3896 
f 2576//3894 2580//3891 1937//3892 
f 2579//3890 2583//3888 2038//3887 
f 2583//3888 2582//3885 2039//3886 
f 2581//3884 2585//3881 2074//3882 
f 2584//3880 2587//3877 2057//3878 
f 2586//3876 2590//3874 2037//3873 
f 2590//3874 2589//3871 2025//3872 
f 2588//3870 2592//3867 2024//3868 
f 2591//3866 2594//3864 2092//3863 
f 2593//3862 2597//3860 2110//3859 
f 2597//3860 2596//3857 2119//3856 
f 2109//3855 2595//3858 2599//3853 
f 2100//3851 2598//3854 2601//3848 
f 2600//3849 2604//3846 2082//3850 
f 2091//3845 2082//3850 2604//3846 
f 2072//3841 2602//3844 2606//3839 
f 2055//3837 2605//3840 2608//3834 
f 2607//3835 2611//3832 2056//3836 
f 2054//3831 2056//3836 2611//3832 
f 2051//3827 2053//3829 2609//3828 
f 2048//3823 2613//3826 2614//3820 
f 2615//3821 2617//3818 2050//3822 
f 2070//3817 2050//3822 2617//3818 
f 2618//3815 2619//3811 2098//3813 
f 2620//3812 2621//3806 2089//3809 
f 2622//3807 2624//3803 2097//3808 
f 2047//3804 2097//3808 2624//3803 
f 2625//3801 2626//3797 2021//3799 
f 2627//3798 2628//3794 2023//3795 
f 2629//3791 2632//3789 2016//3792 
f 2003//3790 2016//3792 2632//3789 
f 2630//3787 2633//3783 1972//3785 
f 2634//3784 2635//3780 1992//3781 
f 2636//3777 2638//3775 1971//3778 
f 1970//3776 1971//3778 2638//3775 
f 2639//3773 2640//3769 1936//3771 
f 2641//3770 2642//3766 1991//3767 
f 2643//3763 2646//3761 1956//3764 
f 1919//3762 1956//3764 2646//3761 
f 2644//3759 2648//3755 1918//3757 
f 2647//3756 2650//3749 1932//3753 
f 2649//3750 2653//3747 1968//3752 
f 1967//3748 1968//3752 2653//3747 
f 2651//3745 2654//3742 2046//3743 
f 2655//3741 2657//3738 2079//3739 
f 2656//3737 2659//3735 2067//3734 
f 2659//3735 2658//3732 2032//3733 
f 2660//3731 2661//3728 2020//3729 
f 2662//3727 2664//3722 2031//3725 
f 2663//3723 2666//3721 2000//3720 
f 2666//3721 2665//3718 1989//3719 
f 2667//3717 2668//3715 1999//3714 
f 2669//3713 2670//3710 1998//3711 
f 2671//3709 2673//3707 1955//3706 
f 2673//3707 2672//3704 1930//3705 
f 2674//3703 2675//3700 1954//3701 
f 2676//3699 2678//3696 1929//3697 
f 2677//3695 2681//3691 1909//3693 
f 1894//3692 1909//3693 2681//3691 
f 2679//3689 2682//3686 1866//3687 
f 2683//3685 2685//3682 1865//3683 
f 2684//3681 2686//3676 1893//3679 
f 2687//3677 2689//3675 1987//3674 
f 2689//3675 2688//3672 1965//3673 
f 2690//3671 2691//3668 1952//3669 
f 2692//3667 2695//3663 1928//3665 
f 1906//3664 1928//3665 2695//3663 
f 2693//3661 2696//3658 1891//3659 
f 2697//3657 2699//3654 1837//3655 
f 2698//3651 2702//3649 1863//3652 
f 1862//3650 1863//3652 2702//3649 
f 2700//3647 2704//3643 1888//3645 
f 2703//3644 2706//3638 1861//3641 
f 2705//3639 2709//3636 1860//3640 
f 1843//3635 1860//3640 2709//3636 
f 2707//3633 2711//3629 1830//3631 
f 2710//3630 2713//3624 1828//3627 
f 2712//3625 2716//3622 1818//3626 
f 1817//3621 1818//3626 2716//3622 
f 1797//3617 2714//3620 2718//3615 
f 1783//3613 2717//3616 2720//3610 
f 2719//3611 2723//3608 1779//3612 
f 1790//3607 1779//3612 2723//3608 
f 1789//3603 2721//3606 2725//3600 
f 2724//3601 2728//3598 1780//3602 
f 1781//3597 1780//3602 2728//3598 
f 1885//3593 2726//3596 2730//3591 
f 1859//3589 2729//3592 2732//3587 
f 1815//3583 1834//3588 2731//3585 
f 2735//3584 2734//3581 1816//3582 
f 2733//3580 2737//3577 1802//3578 
f 2736//3576 2739//3571 1801//3574 
f 2738//3572 2742//3570 1787//3569 
f 2742//3570 2741//3567 1786//3568 
f 2740//3566 2744//3563 1832//3564 
f 2743//3562 2746//3557 1927//3560 
f 2745//3558 2749//3556 1905//3555 
f 2749//3556 2748//3553 1857//3554 
f 2747//3552 2751//3549 1904//3550 
f 2750//3548 2753//3543 1856//3546 
f 2752//3544 2756//3542 1854//3541 
f 2756//3542 2755//3539 1903//3540 
f 2754//3538 2758//3535 2126//3536 
f 2757//3534 2760//3529 2128//3532 
f 2759//3530 2763//3528 2118//3527 
f 2763//3528 2762//3525 2127//3526 
f 2761//3524 2765//3521 2124//3522 
f 2764//3520 2767//3515 2116//3518 
f 2766//3516 2770//3514 2108//3513 
f 2770//3514 2769//3511 2106//3512 
f 2768//3510 2772//3507 2130//3508 
f 2771//3506 2774//3502 2133//3501 
f 2773//3503 2777//3500 2114//3499 
f 2777//3500 2776//3498 2105//3497 
f 2779//3493 2104//3492 2121//3495 
f 2102//3491 2778//3494 2781//3488 
f 2780//3489 2784//3486 2096//3490 
f 2095//3485 2096//3490 2784//3486 
f 2065//3481 2782//3484 2786//3479 
f 2078//3477 2785//3480 2788//3474 
f 2787//3475 2791//3472 2030//3476 
f 2044//3471 2030//3476 2791//3472 
f 2043//3467 2789//3470 2793//3465 
f 2076//3463 2792//3466 2796//3462 
f 2795//3460 2113//3459 2120//3461 
f 2112//3457 2113//3459 2794//3458 
f 2797//3455 2800//3451 2087//3453 
f 2799//3452 2801//3448 2086//3449 
f 2802//3445 2805//3444 2075//3446 
f 2041//3443 2075//3446 2805//3444 
f 2803//3441 2807//3437 2063//3439 
f 2806//3438 2809//3434 2027//3435 
f 2808//3431 2812//3429 2012//3432 
f 1997//3430 2012//3432 2812//3429 
f 2810//3427 2814//3422 1985//3425 
f 2813//3423 2817//3420 1981//3424 
f 1982//3419 1981//3424 2817//3420 
f 2007//3416 2010//3417 2815//3415 
f 2818//3413 2821//3408 2009//3411 
f 2820//3409 2824//3406 2005//3410 
f 1980//3405 2005//3410 2824//3406 
f 1964//3402 1963//3403 2822//3401 
f 2825//3399 2828//3395 1950//3397 
f 2827//3396 2830//3392 1979//3393 
f 2829//3389 2833//3387 2083//3390 
f 2062//3388 2083//3390 2833//3387 
f 2831//3385 2835//3382 2061//3383 
f 2834//3381 2837//3376 2017//3379 
f 2836//3377 2840//3375 2026//3374 
f 2840//3375 2839//3372 2004//3373 
f 2838//3371 2842//3368 1995//3369 
f 2841//3367 2844//3361 1962//3365 
f 1960//3363 1962//3365 2844//3361 
